supplier,sku,name,current_stock,in_transit_qty,forecast_next_month,recommended_qty,months_of_cover,urgency,explanation,moq
Systeme Electric,030200203_,Соединитель коробок IMT35150/IMT351501 Systeme Electric (900),4668.0,0.0,9026.3,9000.0,0.52,Высокая,база спроса ≈5687 шт/мес (история 31 мес.); сезонность ×1.00; рост спроса ×1.59; исключено разовых крупных заказов: 1; прогноз след. месяц ≈9026 шт; остаток 4668 + в пути 0,900.0
Systeme Electric,030200225_,Распределительная  коробка о/у  с сальниками  85х85х40 IP55 IMT35092 Systeme Electric (72),3991.0,0.0,7225.8,6912.0,0.55,Высокая,база спроса ≈2542 шт/мес (история 32 мес.); сезонность ×1.57; рост спроса ×1.81; исключено разовых крупных заказов: 1; прогноз след. месяц ≈7226 шт; остаток 3991 + в пути 0,72.0
Systeme Electric,280300174_, Распределительная коробка с/у для твердых стен  70х40 IP30 IMT35120 Systeme Electric (175),1758.0,0.0,4644.3,5250.0,0.38,Высокая,база спроса ≈1063 шт/мес (история 32 мес.); сезонность ×2.29; рост спроса ×1.90; прогноз след. месяц ≈4644 шт; остаток 1758 + в пути 0,175.0
Systeme Electric,030200223_,Распределительная  коробка о/у  с сальниками  70х70х40 IP55 IMT35090 Systeme Electric (96),2818.0,0.0,4122.4,3456.0,0.68,Высокая,база спроса ≈1614 шт/мес (история 31 мес.); сезонность ×1.65; рост спроса ×1.55; прогноз след. месяц ≈4122 шт; остаток 2818 + в пути 0,96.0
Systeme Electric,030300014_, Распределительная коробка с/у для твердых стен 102х36 карболит IP30 У-192 Systeme Electric (56),1203.0,0.0,2439.2,2464.0,0.49,Высокая,база спроса ≈1634 шт/мес (история 30 мес.); сезонность ×1.96; снижение спроса ×0.76; прогноз след. месяц ≈2439 шт; остаток 1203 + в пути 0,56.0
Systeme Electric,130300027_,"Сжим У 733M (16-35/1,5-10)  SE (140)",6.0,0.0,1414.9,2240.0,0.0,Высокая,база спроса ≈394 шт/мес (история 32 мес.); сезонность ×1.80; рост спроса ×2.00; продажи скорректированы вверх из-за дефицита на складе; прогноз след. месяц ≈1415 шт; остаток 6 + в пути 0,140.0
Systeme Electric,130300026_,"Сжим У 731М  (4-10/1,5-10) SE (140)",247.0,0.0,1457.0,1960.0,0.17,Высокая,база спроса ≈478 шт/мес (история 30 мес.); сезонность ×1.52; рост спроса ×2.00; прогноз след. месяц ≈1457 шт; остаток 247 + в пути 0,140.0
Systeme Electric,300200324_,"S427 Роз  2-ная  о/у с з/к 16А 250В ИЗОЛ.ПЛ. ""BLANCA"" белый BLNRA010211 (48)",2601.0,0.0,2779.1,1568.0,0.94,Высокая,база спроса ≈1410 шт/мес (история 32 мес.); сезонность ×1.18; рост спроса ×1.68; исключено разовых крупных заказов: 26; прогноз след. месяц ≈2779 шт; остаток 2601 + в пути 0,8.0
Systeme Electric,030200226_,Распределительная  коробка о/у  с сальниками  65х45 IP55 IMT35093 Systeme Electric (150),462.0,0.0,973.0,1050.0,0.47,Высокая,база спроса ≈336 шт/мес (история 32 мес.); сезонность ×1.45; рост спроса ×2.00; прогноз след. месяц ≈973 шт; остаток 462 + в пути 0,150.0
Systeme Electric,300200327_,"S430 Роз 4-ная  о/у без з/к 16А 250В ИЗОЛ.ПЛ. ""BLANCA"" белый BLNRA000411 (30)",81.0,0.0,699.7,970.0,0.12,Высокая,база спроса ≈274 шт/мес (история 32 мес.); сезонность ×2.00; рост спроса ×1.28; прогноз след. месяц ≈700 шт; остаток 81 + в пути 0,5.0
Systeme Electric,130300028_,Сжим У 734М (16-35/16-25) SE (140),196.0,0.0,668.4,840.0,0.29,Высокая,база спроса ≈322 шт/мес (история 29 мес.); сезонность ×1.73; рост спроса ×1.20; прогноз след. месяц ≈668 шт; остаток 196 + в пути 0,140.0
Systeme Electric,300200296_,"S384 Выкл 1 кл 10А с/у ""ATLAS"" белый ATN112  (15)",963.0,0.0,1194.4,840.0,0.81,Высокая,база спроса ≈672 шт/мес (история 32 мес.); сезонность ×1.06; рост спроса ×1.67; исключено разовых крупных заказов: 2; прогноз след. месяц ≈1194 шт; остаток 963 + в пути 0,15.0
Systeme Electric,300200333_,"S3866 Выкл 2 кл 10А механизм ""ATLAS"" белый ATN151 (20)",851.0,0.0,1114.0,820.0,0.76,Высокая,база спроса ≈537 шт/мес (история 32 мес.); сезонность ×1.39; рост спроса ×1.49; прогноз след. месяц ≈1114 шт; остаток 851 + в пути 0,20.0
Systeme Electric,300200322_,"S425 Роз  2-ная  о/у без з/к 16А 250В ИЗОЛ.ПЛ. ""BLANCA"" белый BLNRA000211 (60)",179.0,0.0,622.1,760.0,0.29,Высокая,база спроса ≈463 шт/мес (история 30 мес.); сезонность ×1.63; снижение спроса ×0.83; прогноз след. месяц ≈622 шт; остаток 179 + в пути 0,10.0
Systeme Electric,300200542_,"K023 Роз. с з/к 16А с/у б/рамки ""ATLAS"" ШАМПАНЬ ATN543 (10)",890.0,0.0,1099.4,760.0,0.81,Высокая,база спроса ≈624 шт/мес (история 32 мес.); сезонность ×1.28; рост спроса ×1.37; прогноз след. месяц ≈1099 шт; остаток 890 + в пути 0,10.0
Systeme Electric,030200222_,Распределительная коробка с/у для полых стен г/к 100х100х50 IP20 IMT35161 Systeme Electric (72),1052.0,0.0,1177.6,720.0,0.89,Высокая,база спроса ≈870 шт/мес (история 32 мес.); сезонность ×1.19; рост спроса ×1.14; прогноз след. месяц ≈1178 шт; остаток 1052 + в пути 0,72.0
Systeme Electric,300200326_,"S429 Роз 3-ная  о/у с з/к 16А 250В ИЗОЛ.ПЛ. ""BLANCA"" белый BLNRA010311 (30)",667.0,0.0,749.9,460.0,0.89,Высокая,база спроса ≈645 шт/мес (история 32 мес.); сезонность ×1.04; рост спроса ×1.12; исключено разовых крупных заказов: 3; прогноз след. месяц ≈750 шт; остаток 667 + в пути 0,5.0
Systeme Electric,300200365_,"G398 Роз. с з/к 16А с/у б/рамки ""ATLAS"" жемчуг ATN443 (10)",383.0,0.0,559.3,460.0,0.68,Высокая,база спроса ≈281 шт/мес (история 31 мес.); сезонность ×1.12; рост спроса ×1.78; прогноз след. месяц ≈559 шт; остаток 383 + в пути 0,10.0
Systeme Electric,030200037_,"S252 2-я с/у 10А IP20  ""ХИТ""  РС 16-235-б / 16-230-б (80) !!!",1.0,0.0,293.8,440.0,0.0,Высокая,база спроса ≈246 шт/мес (история 16 мес.); сезонность ×1.00; рост спроса ×1.19; продажи скорректированы вверх из-за дефицита на складе; прогноз след. месяц ≈294 шт; остаток 1 + в пути 0,10.0
Systeme Electric,030200028_,"S254 о/у. 6А IP20  ""ХИТ"" ВА 16-131-б (168) !!!",1.0,0.0,239.4,375.0,0.0,Высокая,база спроса ≈149 шт/мес (история 15 мес.); сезонность ×1.00; рост спроса ×1.61; прогноз след. месяц ≈239 шт; остаток 1 + в пути 0,25.0
Systeme Electric,300201151_,"B004 Роз. 2-ная о/у без з/к без ш/т 16А 250В ""BLANCA"" антрацит BLNRA000216 (10)",136.0,0.0,327.6,360.0,0.42,Высокая,база спроса ≈53 шт/мес (история 17 мес.); сезонность ×5.70; рост спроса ×1.08; прогноз след. месяц ≈328 шт; остаток 136 + в пути 0,10.0
Systeme Electric,300200321_,"S424 Роз  о/у без з/к 16А 250В ИЗОЛ.ПЛ. ""BLANCA"" белый BLNRA000111 (108)",75.0,0.0,272.1,342.0,0.28,Высокая,база спроса ≈162 шт/мес (история 31 мес.); сезонность ×1.35; рост спроса ×1.24; прогноз след. месяц ≈272 шт; остаток 75 + в пути 0,18.0
Systeme Electric,030200240_,"S259 2-я. о/у.з/к.16А IP20 ""ХИТ"" РА 16-238I-б (84) !!!",1.0,0.0,206.7,320.0,0.0,Высокая,база спроса ≈352 шт/мес (история 19 мес.); сезонность ×1.17; снижение спроса ×0.50; продажи скорректированы вверх из-за дефицита на складе; прогноз след. месяц ≈207 шт; остаток 1 + в пути 0,16.0
Systeme Electric,300200933_,"G150 Роз. с з/к 16А механизм ""ARTGALLERY"" базальт GAL1443 (5)",75.0,0.0,240.8,290.0,0.31,Высокая,база спроса ≈109 шт/мес (история 25 мес.); сезонность ×1.17; рост спроса ×1.90; прогноз след. месяц ≈241 шт; остаток 75 + в пути 0,5.0
Systeme Electric,300200306_,"S408 Рамка 4-ная ""ATLAS"" белый (15) ATN104",344.0,0.0,412.5,285.0,0.83,Высокая,база спроса ≈200 шт/мес (история 32 мес.); сезонность ×1.71; рост спроса ×1.21; исключено разовых крупных заказов: 8; прогноз след. месяц ≈412 шт; остаток 344 + в пути 0,15.0
Systeme Electric,030200239_,"S258  2-я.о/у. 10А IP20 ""ХИТ"" РА 16-237I-б / РА 16-233I-б (112) !!!",1.0,0.0,141.7,224.0,0.01,Высокая,база спроса ≈96 шт/мес (история 14 мес.); сезонность ×0.94; рост спроса ×1.57; прогноз след. месяц ≈142 шт; остаток 1 + в пути 0,16.0
Systeme Electric,030300013_, Распределительная коробка с/у для твердых стен  75х30 карболит IP30 У-195 Systeme Electric (108),1.0,0.0,114.7,216.0,0.01,Высокая,база спроса ≈139 шт/мес (история 19 мес.); сезонность ×1.00; снижение спроса ×0.82; продажи скорректированы вверх из-за дефицита на складе; прогноз след. месяц ≈115 шт; остаток 1 + в пути 0,108.0
Systeme Electric,300200868_,"G085 Рамка 1-ная ""ARTGALLERY"" карбон GAL1001 (10)",228.0,0.0,290.7,210.0,0.78,Высокая,база спроса ≈119 шт/мес (история 25 мес.); сезонность ×1.23; рост спроса ×2.00; продажи скорректированы вверх из-за дефицита на складе; прогноз след. месяц ≈291 шт; остаток 228 + в пути 0,10.0
Systeme Electric,300200559_,"K040 Рамка 2-ная ""ATLAS"" ШАМПАНЬ ATN502 (10)",350.0,0.0,354.5,190.0,0.99,Высокая,база спроса ≈173 шт/мес (история 32 мес.); сезонность ×1.56; рост спроса ×1.31; исключено разовых крупных заказов: 1; прогноз след. месяц ≈354 шт; остаток 350 + в пути 0,10.0
Systeme Electric,300200325_,"S428 Роз 3-ная  о/у без з/к 16А 250В ИЗОЛ.ПЛ. ""BLANCA"" белый BLNRA000311 (36)",112.0,0.0,192.4,180.0,0.58,Высокая,база спроса ≈160 шт/мес (история 32 мес.); сезонность ×1.72; снижение спроса ×0.70; прогноз след. месяц ≈192 шт; остаток 112 + в пути 0,6.0
Systeme Electric,300200318_,"S420 Роз  2-ная  с/у с з/к 16А 250В ""BLANCA""  белый BLNRS001021 (36)",294.0,0.0,304.1,168.0,0.97,Высокая,база спроса ≈146 шт/мес (история 30 мес.); сезонность ×2.46; снижение спроса ×0.84; прогноз след. месяц ≈304 шт; остаток 294 + в пути 0,6.0
Systeme Electric,300200288_,"S387 Выкл 2 кл с инд 10А с/у б/рамки ""ATLAS"" белый ATN153 (20)",54.0,0.0,136.7,160.0,0.4,Высокая,база спроса ≈42 шт/мес (история 31 мес.); сезонность ×1.89; рост спроса ×1.72; прогноз след. месяц ≈137 шт; остаток 54 + в пути 0,20.0
Systeme Electric,300200498_,"S414 Переключ. 2 кл 10А с/у б/рамки ""ATLAS"" белый ATN165 (20)",138.0,0.0,197.0,160.0,0.7,Высокая,база спроса ≈106 шт/мес (история 32 мес.); сезонность ×1.48; рост спроса ×1.26; исключено разовых крупных заказов: 3; прогноз след. месяц ≈197 шт; остаток 138 + в пути 0,20.0
Systeme Electric,300200945_,"G162 Рамка 1-ная ""ARTGALLERY"" базальт GAL1401 (10)",24.0,0.0,121.2,160.0,0.2,Высокая,база спроса ≈40 шт/мес (история 24 мес.); сезонность ×1.53; рост спроса ×2.00; прогноз след. месяц ≈121 шт; остаток 24 + в пути 0,10.0
Systeme Electric,300200742_,К111 Выкл 1-кл о/у IP54 10А Atlas Profi 54 БЕЛЫЙ ATN540111 (12),63.0,0.0,130.4,144.0,0.48,Высокая,база спроса ≈125 шт/мес (история 32 мес.); сезонность ×1.38; снижение спроса ×0.75; исключено разовых крупных заказов: 3; прогноз след. месяц ≈130 шт; остаток 63 + в пути 0,12.0
Systeme Electric,030200034_,"S257 о/у. з/к 16А IP20  ""ХИТ""  РА 16-133-б (132) !!!",67.0,0.0,124.4,136.0,0.54,Высокая,база спроса ≈206 шт/мес (история 18 мес.); сезонность ×0.60; рост спроса ×1.01; прогноз след. месяц ≈124 шт; остаток 67 + в пути 0,17.0
Systeme Electric,300200751_,К120 Роз. з/к з/ш о/у IP54 16А 250В Atlas Profi 54 АНТРАЦИТ ATN544045 (12),145.0,0.0,180.1,132.0,0.81,Высокая,база спроса ≈111 шт/мес (история 32 мес.); сезонность ×1.02; рост спроса ×1.58; исключено разовых крупных заказов: 4; прогноз след. месяц ≈180 шт; остаток 145 + в пути 0,12.0
Systeme Electric,300200946_,"G163 Рамка 2-ная ""ARTGALLERY"" базальт GAL1402 (5)",35.0,0.0,99.2,115.0,0.35,Высокая,база спроса ≈25 шт/мес (история 23 мес.); сезонность ×2.12; рост спроса ×1.89; прогноз след. месяц ≈99 шт; остаток 35 + в пути 0,5.0
Systeme Electric,300200934_,"G151 Выкл. 1 кл 10А ""ARTGALLERY"" базальт GAL1411 (5)",5.0,0.0,68.8,100.0,0.07,Высокая,база спроса ≈25 шт/мес (история 25 мес.); сезонность ×2.16; рост спроса ×1.28; прогноз след. месяц ≈69 шт; остаток 5 + в пути 0,5.0
Systeme Electric,030200096_," S185 роз-ТВ. с\у  ""Wessen 59"" РТС 151-18 (60) !!!",1.0,0.0,61.0,91.0,0.02,Высокая,база спроса ≈61 шт/мес (история 2 мес.); прогноз след. месяц ≈61 шт; остаток 1 + в пути 0,1.0
Systeme Electric,300201150_,"B003 Роз. о/у без з/к без ш/т 16А 250В ""BLANCA"" антрацит BLNRA000116 (18)",18.0,0.0,61.7,90.0,0.29,Высокая,база спроса ≈22 шт/мес (история 16 мес.); сезонность ×2.84; прогноз след. месяц ≈62 шт; остаток 18 + в пути 0,18.0
Systeme Electric,300200284_,"S388 Выкл 3 кл 10А с/у б/рамки ""ATLAS"" белый ATN131 (20)",105.0,0.0,112.9,80.0,0.93,Высокая,база спроса ≈76 шт/мес (история 32 мес.); сезонность ×1.05; рост спроса ×1.41; исключено разовых крупных заказов: 1; прогноз след. месяц ≈113 шт; остаток 105 + в пути 0,20.0
Systeme Electric,300200784_,"G001 Роз. с з/к 16А механизм ""ARTGALLERY"" алюминий GAL0343 (10)",116.0,0.0,129.9,80.0,0.89,Высокая,база спроса ≈46 шт/мес (история 20 мес.); сезонность ×2.02; рост спроса ×1.40; прогноз след. месяц ≈130 шт; остаток 116 + в пути 0,10.0
Systeme Electric,300200316_,"S417 Роз  2-ная  с/у без з/к 16А 250В ""BLANCA""  белый BLNRS000021 (36)",11.0,0.0,55.8,78.0,0.2,Высокая,база спроса ≈32 шт/мес (история 28 мес.); сезонность ×2.66; снижение спроса ×0.65; прогноз след. месяц ≈56 шт; остаток 11 + в пути 0,6.0
Systeme Electric,030200038_,"S251 с/у.з/к 16А  IP20  ""ХИТ"" РС 16-134-б (81) !!!",10.0,0.0,37.9,60.0,0.26,Высокая,база спроса ≈40 шт/мес (история 17 мес.); сезонность ×1.90; снижение спроса ×0.50; прогноз след. месяц ≈38 шт; остаток 10 + в пути 0,20.0
Systeme Electric,300200632_,"А3999 Роз. без з/к без шторок 16А механизм ""ATLAS"" алюминий ATN341 (10)",30.0,0.0,54.9,60.0,0.55,Высокая,база спроса ≈46 шт/мес (история 30 мес.); сезонность ×0.73; рост спроса ×1.62; прогноз след. месяц ≈55 шт; остаток 30 + в пути 0,10.0
Systeme Electric,300200729_,К101 Роз. 2-ная с/у 16А ATLAS ПЕСОЧНЫЙ ATN1220 (6),74.0,0.0,87.2,60.0,0.85,Высокая,база спроса ≈14 шт/мес (история 29 мес.); сезонность ×3.17; рост спроса ×2.00; прогноз след. месяц ≈87 шт; остаток 74 + в пути 0,6.0
Systeme Electric,300200752_,К121 Роз. 2-я з/к о/у IP54 16А Atlas Profi 54 АНТРАЦИТ ATN544026 (6),82.0,60.0,129.7,54.0,0.63,Высокая,база спроса ≈76 шт/мес (история 32 мес.); сезонность ×1.90; снижение спроса ×0.90; исключено разовых крупных заказов: 1; прогноз след. месяц ≈130 шт; остаток 82 + в пути 60,6.0
Systeme Electric,300200291_,"S393 Перекрест.переключ. 1 кл 10А с/у б/рамки ""ATLAS"" белый ATN171 (5)",70.0,0.0,77.7,50.0,0.9,Высокая,база спроса ≈41 шт/мес (история 32 мес.); сезонность ×1.19; рост спроса ×1.59; прогноз след. месяц ≈78 шт; остаток 70 + в пути 0,5.0
Systeme Electric,030200256_,"S369 Роз. с з/к 16А с/у ""GLOSSA"" белый GSL142 (15)",3.0,0.0,23.7,45.0,0.13,Высокая,база спроса ≈44 шт/мес (история 24 мес.); сезонность ×1.02; снижение спроса ×0.53; прогноз след. месяц ≈24 шт; остаток 3 + в пути 0,15.0
Systeme Electric,300200413_,"Blanca Силовой Комплект О/У 2К+3 32А, 250В розетка, вилка, подъем.коробка",29.0,0.0,45.5,42.0,0.64,Высокая,база спроса ≈22 шт/мес (история 31 мес.); сезонность ×2.16; снижение спроса ×0.94; прогноз след. месяц ≈46 шт; остаток 29 + в пути 0,6.0
Systeme Electric,010400437_,City 9 ЩРН-П 12 Прозрач./дв. Systeme Electric,63.0,0.0,69.1,41.0,0.91,Высокая,база спроса ≈26 шт/мес (история 31 мес.); сезонность ×1.77; рост спроса ×1.53; исключено разовых крупных заказов: 4; прогноз след. месяц ≈69 шт; остаток 63 + в пути 0,1.0
Systeme Electric,300200308_,"S412 Рамка 1-ная AQUA IP 44 ""ATLAS"" белый ATN0101 (10)",55.0,0.0,61.0,40.0,0.9,Высокая,база спроса ≈16 шт/мес (история 32 мес.); сезонность ×1.91; рост спроса ×2.00; прогноз след. месяц ≈61 шт; остаток 55 + в пути 0,10.0
Systeme Electric,300200547_,"K028 Выкл 3 кл 10А с/у б/рамки ""ATLAS"" ШАМПАНЬ ATN531 (10)",14.0,0.0,33.5,40.0,0.42,Высокая,база спроса ≈8 шт/мес (история 31 мес.); сезонность ×2.22; рост спроса ×1.79; прогноз след. месяц ≈34 шт; остаток 14 + в пути 0,10.0
Systeme Electric,300200914_,"G131 Выкл. 2 кл 10А механизм ""ARTGALLERY"" мокко GAL0651 (10)",58.0,0.0,60.6,40.0,0.96,Высокая,база спроса ≈18 шт/мес (история 20 мес.); сезонность ×1.67; рост спроса ×2.00; прогноз след. месяц ≈61 шт; остаток 58 + в пути 0,10.0
Systeme Electric,030200008_,"S232 2кл с/у. 6А IP20 ""Прима"" ВС 56-043-б (96) !!!",6.0,0.0,25.0,32.0,0.24,Высокая,база спроса ≈34 шт/мес (история 7 мес.); снижение спроса ×0.72; прогноз след. месяц ≈25 шт; остаток 6 + в пути 0,1.0
Systeme Electric,300200726_,К098 Переключ. 1 кл 10А с/у б/рамки ATLAS ПЕСОЧНЫЙ ATN1261 (5),53.0,0.0,53.5,30.0,0.99,Высокая,база спроса ≈18 шт/мес (история 31 мес.); сезонность ×1.53; рост спроса ×2.00; прогноз след. месяц ≈54 шт; остаток 53 + в пути 0,5.0
Systeme Electric,300200775_,"K090 Диммер повортно нажимной мех. LED RC 400Вт ""ATLAS"" КАРБОН ATN1023 (1) NEW",14.0,0.0,28.4,29.0,0.49,Высокая,база спроса ≈2 шт/мес (история 14 мес.); сезонность ×10.50; рост спроса ×1.35; прогноз след. месяц ≈28 шт; остаток 14 + в пути 0,1.0
Systeme Electric,030200006_,"S231 1кл с/у. 6А IP20 ""Прима"" ВС 16-057-б (96) !!!",1.0,0.0,17.0,25.0,0.06,Высокая,база спроса ≈17 шт/мес (история 5 мес.); продажи скорректированы вверх из-за дефицита на складе; прогноз след. месяц ≈17 шт; остаток 1 + в пути 0,1.0
Systeme Electric,030200029_,"S255 2кл.о/у. 6А IP20 ""ХИТ"" ВА 56-232-б (168) !!!",9.0,0.0,18.1,25.0,0.5,Высокая,база спроса ≈21 шт/мес (история 13 мес.); сезонность ×1.00; снижение спроса ×0.86; прогноз след. месяц ≈18 шт; остаток 9 + в пути 0,25.0
Systeme Electric,030200176_,"S315  Розетка 1-я о/у, з/ш, з/к IP44 Белая ЭТЮД РА16-044В (96)",1.0,0.0,12.6,24.0,0.08,Высокая,база спроса ≈13 шт/мес (история 14 мес.); сезонность ×1.00; снижение спроса ×0.95; прогноз след. месяц ≈13 шт; остаток 1 + в пути 0,12.0
Systeme Electric,300200312_,"S404 USB розетка - 2 порта с/у б/рамки ""ATLAS"" белый (1) ATL133",7.0,0.0,18.2,21.0,0.38,Высокая,база спроса ≈5 шт/мес (история 14 мес.); сезонность ×2.00; рост спроса ×1.82; прогноз след. месяц ≈18 шт; остаток 7 + в пути 0,1.0
Systeme Electric,030200244_,"S363 Выкл 2 кл с инд 10А с/у б/рамки ""GLOSSA"" белый GSL153 (20)",1.0,0.0,7.5,20.0,0.13,Высокая,база спроса ≈4 шт/мес (история 13 мес.); сезонность ×1.25; рост спроса ×1.51; прогноз след. месяц ≈8 шт; остаток 1 + в пути 0,20.0
Systeme Electric,030200249_,"S366 Переключ. 1 кл с инд 10А с/у б/рамки ""GLOSSA"" белый GSL163 (20)",1.0,0.0,3.0,20.0,0.33,Высокая,база спроса ≈2 шт/мес (история 19 мес.); сезонность ×1.00; рост спроса ×1.42; прогноз след. месяц ≈3 шт; остаток 1 + в пути 0,20.0
Systeme Electric,300200544_,"K025 Выкл 1 кл с инд 10А с/у б/рамки ""ATLAS"" ШАМПАНЬ ATN513 (10)",15.0,0.0,16.9,20.0,0.89,Высокая,база спроса ≈6 шт/мес (история 21 мес.); сезонность ×1.30; рост спроса ×2.00; прогноз след. месяц ≈17 шт; остаток 15 + в пути 0,10.0
Systeme Electric,300200754_,К123 Блок:Роз+выкл 2-кл з/к з/ш о/у IP54 16А Atlas Profi 54 АНТРАЦИТ ATN544074 (6),5.0,0.0,14.5,18.0,0.34,Высокая,база спроса ≈4 шт/мес (история 27 мес.); сезонность ×2.12; рост спроса ×1.71; исключено разовых крупных заказов: 1; прогноз след. месяц ≈14 шт; остаток 5 + в пути 0,6.0
Systeme Electric,030200072_," S186  с/у. з/ш 16А  ""Wessen 59""  РС 16-151-18 (10/60) !!!",3.0,0.0,12.2,16.0,0.25,Высокая,база спроса ≈4 шт/мес (история 16 мес.); сезонность ×3.78; снижение спроса ×0.72; прогноз след. месяц ≈12 шт; остаток 3 + в пути 0,1.0
Systeme Electric,030200247_,"S360 Выкл 1 кл 10А с/у ""GLOSSA"" белый GSL112 (15)",1.0,0.0,5.5,15.0,0.18,Высокая,база спроса ≈4 шт/мес (история 21 мес.); сезонность ×1.07; рост спроса ×1.45; прогноз след. месяц ≈6 шт; остаток 1 + в пути 0,15.0
Systeme Electric,030200259_,"S367 Роз. 2-ная с/у 16А ""GLOSSA"" белый GSL120 (15)",2.0,0.0,3.9,15.0,0.51,Высокая,база спроса ≈16 шт/мес (история 17 мес.); сезонность ×0.31; снижение спроса ×0.78; прогноз след. месяц ≈4 шт; остаток 2 + в пути 0,15.0
Systeme Electric,300200725_,К097 Комп. роз. RJ45 5Е механизм б/рамки ATLAS ПЕСОЧНЫЙ ATN1283 (5),10.0,0.0,14.2,15.0,0.7,Высокая,база спроса ≈11 шт/мес (история 31 мес.); сезонность ×0.73; рост спроса ×1.77; прогноз след. месяц ≈14 шт; остаток 10 + в пути 0,5.0
Systeme Electric,030200175_,S313  Выкл. 1-кл. с инд. о/у IP44 Белый ЭТЮД ВА10-045В (112),2.0,0.0,3.5,14.0,0.57,Высокая,база спроса ≈4 шт/мес (история 4 мес.); прогноз след. месяц ≈4 шт; остаток 2 + в пути 0,14.0
Systeme Electric,030200191_,"S310  Розетка IP44 с/у, з/к, з/ш ЭТЮД РС16-044В (120)",2.0,0.0,6.0,14.0,0.33,Высокая,база спроса ≈3 шт/мес (история 8 мес.); рост спроса ×2.00; прогноз след. месяц ≈6 шт; остаток 2 + в пути 0,14.0
Systeme Electric,030200026_,"S283 о/у. 6А IP44 ""Рондо"" ВА 66-102Б-би переключатель (10/60) !!!",4.0,0.0,10.8,13.0,0.37,Высокая,база спроса ≈22 шт/мес (история 6 мес.); снижение спроса ×0.50; прогноз след. месяц ≈11 шт; остаток 4 + в пути 0,1.0
Systeme Electric,300200767_,"S3899 Диммер поворотно-нажимной с/у б/рамки 400Вт ""ATLAS"" белый ATN123 (1)",6.0,0.0,11.5,12.0,0.52,Высокая,база спроса ≈1 шт/мес (история 23 мес.); сезонность ×7.50; рост спроса ×1.53; прогноз след. месяц ≈12 шт; остаток 6 + в пути 0,1.0
Systeme Electric,030200263_,"S374 Комп. роз. RJ45 5Е механизм б/рамки ""GLOSSA"" белый GSL181K (10)",1.0,0.0,2.5,10.0,0.4,Высокая,база спроса ≈2 шт/мес (история 16 мес.); сезонность ×0.80; рост спроса ×1.27; продажи скорректированы вверх из-за дефицита на складе; прогноз след. месяц ≈2 шт; остаток 1 + в пути 0,10.0
Systeme Electric,300200727_,К099 Переключ. 1 кл с инд 10А с/у б/рамки ATLAS ПЕСОЧНЫЙ ATN1263,7.0,0.0,9.0,10.0,0.78,Высокая,база спроса ≈9 шт/мес (история 1 мес.); прогноз след. месяц ≈9 шт; остаток 7 + в пути 0,5.0
Systeme Electric,300200728_,К100 Перекрест.переключ. 1 кл 10А с/у б/рамки ATLAS ПЕСОЧНЫЙ ATN1271 (5),4.0,0.0,8.8,10.0,0.45,Высокая,база спроса ≈4 шт/мес (история 22 мес.); сезонность ×1.00; рост спроса ×2.00; прогноз след. месяц ≈9 шт; остаток 4 + в пути 0,5.0
Systeme Electric,300200878_,"G095 Выкл. 1 кл кнопочный 10А механизм ""ARTGALLERY"" карбон GAL1015 (5)",10.0,0.0,11.0,10.0,0.91,Высокая,база спроса ≈6 шт/мес (история 6 мес.); рост спроса ×2.00; прогноз след. месяц ≈11 шт; остаток 10 + в пути 0,5.0
Systeme Electric,300200948_,"G165 Рамка 4-ная ""ARTGALLERY"" базальт GAL1404 (5)",17.0,0.0,17.4,10.0,0.98,Высокая,база спроса ≈7 шт/мес (история 21 мес.); сезонность ×1.56; рост спроса ×1.57; прогноз след. месяц ≈17 шт; остаток 17 + в пути 0,5.0
Systeme Electric,300200908_,"G125 Диммер поворотно-нажимной механизм 400Вт ""ARTGALLERY"" сталь GAL0923 (1)",3.0,0.0,8.0,9.0,0.38,Высокая,база спроса ≈8 шт/мес (история 1 мес.); прогноз след. месяц ≈8 шт; остаток 3 + в пути 0,1.0
Systeme Electric,300200919_,"G136 Роз. 2-ная комп. RJ45+RJ45 6А механизм ""ARTGALLERY"" мокко GAL0688 (1)",4.0,0.0,7.0,7.0,0.57,Высокая,база спроса ≈4 шт/мес (история 7 мес.); рост спроса ×2.00; прогноз след. месяц ≈7 шт; остаток 4 + в пути 0,1.0
Systeme Electric,030200002_,"S239 1кл о/у. 6А IP20  ""Прима"" ВА 16-051-б (130) !!!",3.0,0.0,6.0,6.0,0.5,Высокая,база спроса ≈6 шт/мес (история 1 мес.); прогноз след. месяц ≈6 шт; остаток 3 + в пути 0,1.0
Systeme Electric,030200009_,"S243 о\у 10А IP20  ""Прима"" РА 10-164-б (168) !!!",2.0,0.0,5.0,6.0,0.4,Высокая,база спроса ≈5 шт/мес (история 3 мес.); прогноз след. месяц ≈5 шт; остаток 2 + в пути 0,1.0
Systeme Electric,300200473_,Роз. 2-ная с з/к 16А в сборе жемчуг ATLASDESIGN !!!,1.0,0.0,3.0,6.0,0.33,Высокая,база спроса ≈3 шт/мес (история 3 мес.); прогноз след. месяц ≈3 шт; остаток 1 + в пути 0,6.0
Systeme Electric,030200025_,"S284 2кл. о/у 6А IP44  ""Рондо"" ВА 56-225Б-би (10/60) !!!",1.0,0.0,3.5,5.0,0.29,Высокая,база спроса ≈4 шт/мес (история 4 мес.); прогноз след. месяц ≈4 шт; остаток 1 + в пути 0,1.0
Systeme Electric,300200731_,К103 Роз. RJ45+RJ45 5Е кат 5Е механизм б/рамки ATLAS ПЕСОЧНЫЙ ATN1285 (5),1.0,0.0,2.8,5.0,0.36,Высокая,база спроса ≈3 шт/мес (история 15 мес.); сезонность ×1.00; рост спроса ×1.10; прогноз след. месяц ≈3 шт; остаток 1 + в пути 0,5.0
Systeme Electric,300200831_,"G048 Диммер поворотно-нажимной механизм 400Вт ""ARTGALLERY"" шампань GAL0523 (1)",4.0,0.0,6.0,5.0,0.67,Высокая,база спроса ≈6 шт/мес (история 2 мес.); прогноз след. месяц ≈6 шт; остаток 4 + в пути 0,1.0
Systeme Electric,030200052_,"S286 о/у.з/ш. 10А IP44 ""Рондо"" РА 10-125Б-би (12/72) !!!",1.0,0.0,3.0,4.0,0.33,Высокая,база спроса ≈3 шт/мес (история 1 мес.); прогноз след. месяц ≈3 шт; остаток 1 + в пути 0,1.0
Systeme Electric,030200127_," S183  Переключатель 1кл, с инд.,с/у 16А ""Wessen 59"" ВС 616-157-18 (60) !!!",2.0,0.0,4.0,4.0,0.5,Высокая,база спроса ≈4 шт/мес (история 1 мес.); прогноз след. месяц ≈4 шт; остаток 2 + в пути 0,1.0
Systeme Electric,030200292_,"S378 USB розетка - 2х5В/ 1050 мА с/у б/рамки ""GLOSSA"" белый GSL133 (1)",2.0,0.0,3.0,3.0,0.67,Высокая,база спроса ≈3 шт/мес (история 5 мес.); прогноз след. месяц ≈3 шт; остаток 2 + в пути 0,1.0
Systeme Electric,300200830_,"G047 Роз. USB A+C 45Вт высокоскор.заряд., механизм ""ARTGALLERY"" шампань GAL0529 (1)",2.0,0.0,3.1,3.0,0.65,Высокая,база спроса ≈2 шт/мес (история 7 мес.); рост спроса ×1.57; прогноз след. месяц ≈3 шт; остаток 2 + в пути 0,1.0
Systeme Electric,030200128_," S174  (1кл, инд с/у 16А, IP44) Переключатель ""Wessen 59"" ВС 616-157Б-18 (60) !!!",1.0,0.0,2.0,2.0,0.5,Высокая,база спроса ≈2 шт/мес (история 2 мес.); прогноз след. месяц ≈2 шт; остаток 1 + в пути 0,1.0
Systeme Electric,300200419_,"G404 USB розетка - 2 порта с/у б/рамки ""ATLAS"" жемчуг ATN433 (1) !!!",1.0,0.0,1.5,2.0,0.67,Высокая,база спроса ≈2 шт/мес (история 2 мес.); прогноз след. месяц ≈2 шт; остаток 1 + в пути 0,1.0
Systeme Electric,300200447_,"А389 Диммер поворотно-нажимной с/у б/рамки 315Вт ""ATLAS"" алюминий ATN334 (1) !!!",1.0,0.0,2.0,2.0,0.5,Высокая,база спроса ≈2 шт/мес (история 1 мес.); прогноз след. месяц ≈2 шт; остаток 1 + в пути 0,1.0
Systeme Electric,030200193_, Установочная коробка для полых стен г/к  65х45 IMT35150 Systeme Electric (210),27322.0,37800.0,29778.5,0.0,0.92,Высокая,база спроса ≈35182 шт/мес (история 32 мес.); сезонность ×0.72; рост спроса ×1.17; исключено разовых крупных заказов: 18; прогноз след. месяц ≈29778 шт; остаток 27322 + в пути 37800,3780.0
Systeme Electric,300200720_,К092 Выкл 1 кл 10А с/у ATLAS ПЕСОЧНЫЙ ATN1212 (5),20.0,80.0,42.2,0.0,0.47,Высокая,база спроса ≈37 шт/мес (история 29 мес.); сезонность ×0.62; рост спроса ×1.84; прогноз след. месяц ≈42 шт; остаток 20 + в пути 80,5.0
Systeme Electric,300200722_,К094 Выкл 2 кл 10А с/у ATLAS ПЕСОЧНЫЙ ATN1252 (5),9.0,40.0,28.0,0.0,0.32,Высокая,база спроса ≈16 шт/мес (история 28 мес.); сезонность ×0.90; рост спроса ×2.00; прогноз след. месяц ≈28 шт; остаток 9 + в пути 40,5.0
Systeme Electric,ATN000532,"ATLASDESIGN РОЗЕТКА 16А c 2 USB A+C, 5В/2,4А/3,0А, 2х5В/1,5А, механизм, ШАМПАНЬ",0.0,0.0,9.0,14.0,0.0,Критично,база спроса ≈9 шт/мес (история 1 мес.); прогноз след. месяц ≈9 шт; остаток 0 + в пути 0,1.0
Systeme Electric,300200497_,"КОРОБКА МОНТАЖН.С / У Д / СИЛ.РОЗЕТОК, ЗЕЛЕН",0.0,0.0,6.0,10.0,0.0,Критично,база спроса ≈6 шт/мес (история 1 мес.); прогноз след. месяц ≈6 шт; остаток 0 + в пути 0,2.0
Systeme Electric,010400432_,City 9 ЩРВ-П  8 Прозрач./дв. Systeme Electric,84.0,0.0,12.5,0.0,6.72,Низкая,база спроса ≈8 шт/мес (история 32 мес.); сезонность ×2.00; снижение спроса ×0.84; исключено разовых крупных заказов: 2; прогноз след. месяц ≈12 шт; остаток 84 + в пути 0,1.0
Systeme Electric,010400440_,City 9 ЩРВ-П 18 Прозрач./дв. Systeme Electric,46.0,0.0,11.0,0.0,4.18,Низкая,база спроса ≈11 шт/мес (история 32 мес.); сезонность ×1.12; снижение спроса ×0.88; исключено разовых крупных заказов: 7; прогноз след. месяц ≈11 шт; остаток 46 + в пути 0,1.0
Systeme Electric,010400441_,City 9 ЩРН-П 18 Прозрач./дв. Systeme Electric,38.0,0.0,16.0,0.0,2.38,Низкая,база спроса ≈15 шт/мес (история 30 мес.); сезонность ×1.12; снижение спроса ×0.97; исключено разовых крупных заказов: 5; прогноз след. месяц ≈16 шт; остаток 38 + в пути 0,1.0
Systeme Electric,010400444_,City 9 ЩРВ-П 24 Прозрач./дв. Systeme Electric,90.0,0.0,41.3,0.0,2.18,Низкая,база спроса ≈49 шт/мес (история 32 мес.); сезонность ×1.39; снижение спроса ×0.61; исключено разовых крупных заказов: 10; прогноз след. месяц ≈41 шт; остаток 90 + в пути 0,1.0
Systeme Electric,020100159_,"K069 Выкл 1 кл с инд 10А с/у б/рамки ""ATLAS"" КАРБОН - ATN1013",143.0,0.0,6.3,0.0,22.7,Низкая,база спроса ≈9 шт/мес (история 27 мес.); сезонность ×1.36; снижение спроса ×0.50; прогноз след. месяц ≈6 шт; остаток 143 + в пути 0,5.0
Systeme Electric,020100161_,"K071 Выкл 2 кл с инд 10А с/у б/рамки ""ATLAS"" КАРБОН  - ATN1053",47.0,0.0,5.0,0.0,9.4,Низкая,база спроса ≈6 шт/мес (история 25 мес.); сезонность ×1.58; снижение спроса ×0.50; прогноз след. месяц ≈5 шт; остаток 47 + в пути 0,5.0
Systeme Electric,020100162_,"K077 Перекрест.переключ. 1 кл 10А с/у б/рамки ""ATLAS"", КАРБОН -  ATN1071 (2)",52.0,0.0,11.8,0.0,4.41,Низкая,база спроса ≈16 шт/мес (история 32 мес.); сезонность ×0.67; рост спроса ×1.10; прогноз след. месяц ≈12 шт; остаток 52 + в пути 0,5.0
Systeme Electric,020100163_,"K0677 Роз. без з/к без шторок, 16А, механизм ""ATLAS"" КАРБОН ATN1041 (10)",429.0,0.0,90.2,0.0,4.76,Низкая,база спроса ≈53 шт/мес (история 32 мес.); сезонность ×1.37; рост спроса ×1.25; прогноз след. месяц ≈90 шт; остаток 429 + в пути 0,10.0
Systeme Electric,030200003_,"S242 2кл.инд  о/у 6А IP20  ""Прима"" ВА 56-007-б (130) !!!",4.0,0.0,0.8,0.0,5.0,Низкая,база спроса ≈6 шт/мес (история 14 мес.); сезонность ×0.18; снижение спроса ×0.77; исключено разовых крупных заказов: 1; прогноз след. месяц ≈1 шт; остаток 4 + в пути 0,1.0
Systeme Electric,030200005_,"S233 1кл. инд.с/у 6А IP20 ""Прима"" ВС 16-053-б (96) !!!",361.0,0.0,31.3,0.0,11.53,Низкая,база спроса ≈5 шт/мес (история 19 мес.); сезонность ×3.60; рост спроса ×1.74; прогноз след. месяц ≈31 шт; остаток 361 + в пути 0,1.0
Systeme Electric,030200007_,"S234 2кл.инд.с/у 6А IP20 ""Прима"" ВС 56-039-б (96) !!!",116.0,0.0,5.0,0.0,23.2,Низкая,база спроса ≈2 шт/мес (история 10 мес.); рост спроса ×2.00; прогноз след. месяц ≈5 шт; остаток 116 + в пути 0,1.0
Systeme Electric,030200015_,"S236 с/у з/к.з/ш.16А IP20 ""Прима"" РС 16-004-б (81) !!!",3.0,0.0,0.8,0.0,3.75,Низкая,база спроса ≈2 шт/мес (история 6 мес.); снижение спроса ×0.50; прогноз след. месяц ≈1 шт; остаток 3 + в пути 0,1.0
Systeme Electric,030200027_,"S285 с/у.з/к.з/ш 16А IP44 ""Рондо"" РС 16-126Б-би (10/60) !!!",21.0,0.0,3.0,0.0,7.0,Низкая,база спроса ≈5 шт/мес (история 12 мес.); сезонность ×1.20; снижение спроса ×0.50; прогноз след. месяц ≈3 шт; остаток 21 + в пути 0,1.0
Systeme Electric,030200030_,"S248 с/у. 6А IP20 ""ХИТ"" ВС 16-133-б (96) !!!",1200.0,0.0,32.2,0.0,37.27,Низкая,база спроса ≈76 шт/мес (история 14 мес.); сезонность ×0.31; рост спроса ×1.34; прогноз след. месяц ≈32 шт; остаток 1200 + в пути 0,20.0
Systeme Electric,030200031_,"S249 2кл. с/у. 6А IP20 ""ХИТ"" ВС 56-234-б (96)  !!!",960.0,0.0,36.6,0.0,26.23,Низкая,база спроса ≈35 шт/мес (история 13 мес.); сезонность ×0.77; рост спроса ×1.36; прогноз след. месяц ≈37 шт; остаток 960 + в пути 0,20.0
Systeme Electric,030200032_,"S256 о/у.10А IP20  ""ХИТ"" РА 10-131-б (168) !!!",200.0,0.0,10.6,0.0,18.87,Низкая,база спроса ≈37 шт/мес (история 14 мес.); сезонность ×0.18; рост спроса ×1.54; прогноз след. месяц ≈11 шт; остаток 200 + в пути 0,25.0
Systeme Electric,030200039_,"S253 2-я с/у.з/к 16А IP20 ""ХИТ"" РС 16-236-б  (68) !!!",36.0,0.0,15.1,0.0,2.38,Низкая,база спроса ≈168 шт/мес (история 17 мес.); сезонность ×0.16; снижение спроса ×0.55; прогноз след. месяц ≈15 шт; остаток 36 + в пути 0,10.0
Systeme Electric,030200054_,"S288 2-я.о/у. з/к.з/ш 16А IP44 ""Рондо"" РА 16-227Б-би (5/30) !!!",18.0,0.0,1.0,0.0,18.0,Низкая,база спроса ≈1 шт/мес (история 1 мес.); прогноз след. месяц ≈1 шт; остаток 18 + в пути 0,1.0
Systeme Electric,030200090_," S192 роз информ. с\у 1А  ""Wessen 59"" РСИ 152 К5Е-18 (60) !!!",5.0,0.0,1.0,0.0,5.0,Низкая,база спроса ≈1 шт/мес (история 2 мес.); прогноз след. месяц ≈1 шт; остаток 5 + в пути 0,1.0
Systeme Electric,030200093_," S187 с/у. з/ш. з/к.16А ""Wessen 59"" РС 16-152-18 (10/60) !!!",3.0,0.0,0.8,0.0,3.75,Низкая,база спроса ≈26 шт/мес (история 15 мес.); сезонность ×0.06; снижение спроса ×0.50; прогноз след. месяц ≈1 шт; остаток 3 + в пути 0,20.0
Systeme Electric,030200094_," S191 роз тел. с\у 1А ""Wessen 59"" РСИ 152 Т-18 (60) !!!",16.0,0.0,1.5,0.0,10.67,Низкая,база спроса ≈2 шт/мес (история 2 мес.); прогноз след. месяц ≈2 шт; остаток 16 + в пути 0,1.0
Systeme Electric,030200095_," S194 2-я роз тел/комп с\у 1А  ""Wessen 59"" РСИ 251 ТК5Е-18 (60) !!!",4.0,0.0,2.0,0.0,2.0,Низкая,база спроса ≈2 шт/мес (история 1 мес.); прогноз след. месяц ≈2 шт; остаток 4 + в пути 0,1.0
Systeme Electric,030200097_,"ВЫКЛЮЧАТЕЛЬ ""ХИТ""СУ 1КЛ. ИБЕЛ. VS16-135-B Shn.Elec. !!!",7.0,0.0,3.0,0.0,2.33,Низкая,база спроса ≈3 шт/мес (история 1 мес.); прогноз след. месяц ≈3 шт; остаток 7 + в пути 0,20.0
Systeme Electric,030200134_," S190  с/у. з/ш. з/к.16А, IP44 ""Wessen 59"" РС 16-152Б-18 (10/60) !!!",868.0,0.0,2.0,0.0,434.0,Низкая,база спроса ≈10 шт/мес (история 13 мес.); сезонность ×0.10; рост спроса ×2.00; прогноз след. месяц ≈2 шт; остаток 868 + в пути 0,10.0
Systeme Electric,030200135_," S188   с/у. з/ш, 2-я 16А  ""Wessen 59"" РС 16-254-18 (6/36) !!!",17.0,0.0,2.3,0.0,7.39,Низкая,база спроса ≈7 шт/мес (история 17 мес.); сезонность ×0.40; снижение спроса ×0.87; прогноз след. месяц ≈2 шт; остаток 17 + в пути 0,12.0
Systeme Electric,030200136_," S189  с/у. з/ш, з,к, 2-я 16А  ""Wessen 59"" РС 16-255-18 (6/36) !!!",30.0,0.0,11.2,0.0,2.68,Низкая,база спроса ≈11 шт/мес (история 18 мес.); сезонность ×2.00; снижение спроса ×0.50; прогноз след. месяц ≈11 шт; остаток 30 + в пути 0,6.0
Systeme Electric,030200141_," S184  Диммер (с/у 600Вт) ""Wessen 59"" ВПП-5С2-18(2/16) !!!",14.0,0.0,2.0,0.0,7.0,Низкая,база спроса ≈2 шт/мес (история 3 мес.); прогноз след. месяц ≈2 шт; остаток 14 + в пути 0,1.0
Systeme Electric,030200142_," S195 2-я роз информ. с\у 1А  ""Wessen 59"" РСИ 251 КК5Е-1-86 (60) !!!",20.0,0.0,0.8,0.0,25.0,Низкая,база спроса ≈2 шт/мес (история 6 мес.); снижение спроса ×0.50; прогноз след. месяц ≈1 шт; остаток 20 + в пути 0,10.0
Systeme Electric,030200183_,"S297  Розетка  2-ая с/у, з/ш ЭТЮД (120) РС16-006В !!!",88.0,0.0,5.0,0.0,17.6,Низкая,база спроса ≈5 шт/мес (история 1 мес.); прогноз след. месяц ≈5 шт; остаток 88 + в пути 0,1.0
Systeme Electric,030200219_, Распределительная коробка с/у для твердых стен 100х50 IP30 IMT35121 Systeme Electric (84),20089.0,0.0,8188.7,0.0,2.45,Низкая,база спроса ≈11683 шт/мес (история 32 мес.); сезонность ×1.40; снижение спроса ×0.50; прогноз след. месяц ≈8189 шт; остаток 20089 + в пути 0,84.0
Systeme Electric,030200221_,Распределительная коробка с/у для полых стен г/к  80х45 IP20 IMT35160 Systeme Electric (120),5215.0,0.0,1009.7,0.0,5.16,Низкая,база спроса ≈2446 шт/мес (история 32 мес.); сезонность ×0.48; снижение спроса ×0.86; прогноз след. месяц ≈1010 шт; остаток 5215 + в пути 0,120.0
Systeme Electric,030200243_,"S362 Выкл 2 кл 10А с/у ""GLOSSA"" белый GSL152 (15)",21.0,0.0,3.9,0.0,5.38,Низкая,база спроса ≈4 шт/мес (история 23 мес.); сезонность ×0.56; рост спроса ×2.00; прогноз след. месяц ≈4 шт; остаток 21 + в пути 0,15.0
Systeme Electric,030200245_,"S364 Выкл 3 кл 10А с/у б/рамки ""GLOSSA"" белый GSL131 (20)",31.0,0.0,1.8,0.0,17.22,Низкая,база спроса ≈2 шт/мес (история 13 мес.); сезонность ×1.00; рост спроса ×1.14; прогноз след. месяц ≈2 шт; остаток 31 + в пути 0,20.0
Systeme Electric,030200246_,"S361 Выкл 1 кл с инд 10А с/у б/рамки "" белый GSL113 (20)",46.0,0.0,13.0,0.0,3.54,Низкая,база спроса ≈6 шт/мес (история 10 мес.); рост спроса ×2.00; прогноз след. месяц ≈13 шт; остаток 46 + в пути 0,20.0
Systeme Electric,030200248_,"S365 Переключ. 1 кл 10А с/у б/рамки ""GLOSSA"" белый GSL161 (20)",6.0,0.0,2.6,0.0,2.31,Низкая,база спроса ≈4 шт/мес (история 15 мес.); сезонность ×1.00; снижение спроса ×0.64; прогноз след. месяц ≈3 шт; остаток 6 + в пути 0,20.0
Systeme Electric,030200251_,"S380 Рамка 2-ная ""GLOSSA"" белый GSL102 (30)",11.0,0.0,5.1,0.0,2.16,Низкая,база спроса ≈2 шт/мес (история 29 мес.); сезонность ×1.27; рост спроса ×2.00; прогноз след. месяц ≈5 шт; остаток 11 + в пути 0,30.0
Systeme Electric,030200252_,"S381 Рамка 3-ная ""GLOSSA"" белый GSL103 (15)",36.0,0.0,1.5,0.0,24.0,Низкая,база спроса ≈3 шт/мес (история 21 мес.); сезонность ×0.75; снижение спроса ×0.67; прогноз след. месяц ≈2 шт; остаток 36 + в пути 0,15.0
Systeme Electric,030200253_,"S382 Рамка 4-ная ""GLOSSA"" белый GSL104 (15)",17.0,0.0,1.1,0.0,15.45,Низкая,база спроса ≈2 шт/мес (история 17 мес.); сезонность ×1.00; снижение спроса ×0.56; прогноз след. месяц ≈1 шт; остаток 17 + в пути 0,15.0
Systeme Electric,030200254_,"S383 Рамка 5-ная ""GLOSSA"" белый GSL105 (5)",19.0,0.0,1.7,0.0,11.18,Низкая,база спроса ≈2 шт/мес (история 10 мес.); снижение спроса ×0.86; прогноз след. месяц ≈2 шт; остаток 19 + в пути 0,5.0
Systeme Electric,030200257_,"S370 Роз. с з/к 16А с/у з/ш ""GLOSSA"" белый GSL144 (15)",36.0,0.0,0.9,0.0,40.0,Низкая,база спроса ≈36 шт/мес (история 18 мес.); сезонность ×0.03; прогноз след. месяц ≈1 шт; остаток 36 + в пути 0,15.0
Systeme Electric,030200260_,"S368 Роз. 2-ная с/у 16А с з/к з/ш ""GLOSSA"" белый GSL126 (10)",103.0,0.0,22.0,0.0,4.68,Низкая,база спроса ≈11 шт/мес (история 13 мес.); сезонность ×1.00; рост спроса ×2.00; прогноз след. месяц ≈22 шт; остаток 103 + в пути 0,10.0
Systeme Electric,030200261_,"S377 Телефонная роз. RJ11 механизм б/рамки ""GLOSSA"" белый GSL181T (10)",15.0,0.0,1.0,0.0,15.0,Низкая,база спроса ≈1 шт/мес (история 3 мес.); прогноз след. месяц ≈1 шт; остаток 15 + в пути 0,10.0
Systeme Electric,030200262_,"S375 Роз. RG11+RJ45 5Е кат 5Е механизм б/рамки ""GLOSSA"" белый GSL185 (10)",60.0,0.0,2.0,0.0,30.0,Низкая,база спроса ≈2 шт/мес (история 5 мес.); прогноз след. месяц ≈2 шт; остаток 60 + в пути 0,10.0
Systeme Electric,030200265_,"S376 ТV роз. проход.с/у б/рамки ""GLOSSA"" белый GSL192 (10)",41.0,0.0,1.0,0.0,41.0,Низкая,база спроса ≈2 шт/мес (история 9 мес.); снижение спроса ×0.50; прогноз след. месяц ≈1 шт; остаток 41 + в пути 0,10.0
Systeme Electric,030200379_,"S266 1кл с/у инд 10А ""Wessen 59"" ВС 110-153-18 (10/60) !!!",9.0,0.0,1.0,0.0,9.0,Низкая,база спроса ≈1 шт/мес (история 2 мес.); прогноз след. месяц ≈1 шт; остаток 9 + в пути 0,1.0
Systeme Electric,030200382_," S179   2кл с/у 16А  ""Wessen 59"" ВС 510-252-18 (10/60) !!!",34.0,0.0,0.0,0.0,99.0,Низкая,база спроса ≈6 шт/мес (история 22 мес.); сезонность ×-3.88; снижение спроса ×0.82; прогноз след. месяц ≈0 шт; остаток 34 + в пути 0,1.0
Systeme Electric,030300078_, Распределительная коробка с/у для твердых стен 102х15 карболит IP30 У-191 Systeme Electric (100),85.0,0.0,6.2,0.0,13.71,Низкая,база спроса ≈4 шт/мес (история 18 мес.); сезонность ×3.00; снижение спроса ×0.50; прогноз след. месяц ≈6 шт; остаток 85 + в пути 0,100.0
Systeme Electric,300100003_,"S199 Рамка 3-ная ""Wessen 59"" (15/60) !!!",352.0,0.0,1.0,0.0,352.0,Низкая,база спроса ≈2 шт/мес (история 8 мес.); снижение спроса ×0.50; прогноз след. месяц ≈1 шт; остаток 352 + в пути 0,15.0
Systeme Electric,300100006_,"S198 Рамка 2-ная   ""Wessen 59"" (60) !!!",468.0,0.0,3.3,0.0,141.82,Низкая,база спроса ≈2 шт/мес (история 9 мес.); рост спроса ×1.67; прогноз след. месяц ≈3 шт; остаток 468 + в пути 0,60.0
Systeme Electric,300100012_,"S200 Рамка 4-ная  ""Wessen 59"" (15/60) !!!",18.0,0.0,3.0,0.0,6.0,Низкая,база спроса ≈3 шт/мес (история 1 мес.); прогноз след. месяц ≈3 шт; остаток 18 + в пути 0,15.0
Systeme Electric,300100015_,"S197 Рамка 1-ная   ""Wessen 59"" (90) !!!",91.0,0.0,20.0,0.0,4.55,Низкая,база спроса ≈20 шт/мес (история 5 мес.); прогноз след. месяц ≈20 шт; остаток 91 + в пути 0,90.0
Systeme Electric,300200283_,"S385 Выкл 1 кл с инд 10А с/у б/рамки ""ATLAS"" белый ATN113 (20)",167.0,0.0,62.5,0.0,2.67,Низкая,база спроса ≈54 шт/мес (история 31 мес.); сезонность ×0.70; рост спроса ×1.67; исключено разовых крупных заказов: 1; прогноз след. месяц ≈62 шт; остаток 167 + в пути 0,20.0
Systeme Electric,300200290_,"S392 Переключ. 1 кл с инд 10А с/у б/рамки  ""ATLAS"" белый ATN163 (20)",87.0,0.0,5.1,0.0,17.06,Низкая,база спроса ≈4 шт/мес (история 20 мес.); сезонность ×1.50; снижение спроса ×0.85; прогноз след. месяц ≈5 шт; остаток 87 + в пути 0,20.0
Systeme Electric,300200292_,"S402 Телефонная роз. RJ11 механизм б/рамки ""ATLAS"" белый ATN181 (10)",55.0,0.0,4.2,0.0,13.1,Низкая,база спроса ≈5 шт/мес (история 28 мес.); сезонность ×1.71; снижение спроса ×0.50; прогноз след. месяц ≈4 шт; остаток 55 + в пути 0,5.0
Systeme Electric,300200294_,"S397 Роз. RJ45+RJ45 5Е кат 5Е механизм б/рамки ""ATLAS"" белый ATN185 (10)",184.0,0.0,88.0,0.0,2.09,Низкая,база спроса ≈58 шт/мес (история 32 мес.); сезонность ×2.08; снижение спроса ×0.73; исключено разовых крупных заказов: 2; прогноз след. месяц ≈88 шт; остаток 184 + в пути 0,10.0
Systeme Electric,300200295_,"S401 ТV роз. оконечная с/у б/рамки ""ATLAS"" белый ATN191 (10)",387.0,0.0,64.7,0.0,5.98,Низкая,база спроса ≈12 шт/мес (история 32 мес.); сезонность ×2.58; рост спроса ×2.00; прогноз след. месяц ≈65 шт; остаток 387 + в пути 0,10.0
Systeme Electric,300200299_,"S396 Роз. 2-ная с/у 16А с з/к з/ш со сдвиж.крыш.""ATLAS"" белый ATN128 (6)",129.0,0.0,0.0,0.0,99.0,Низкая,база спроса ≈3 шт/мес (история 21 мес.); сезонность ×-5.33; снижение спроса ×0.50; прогноз след. месяц ≈0 шт; остаток 129 + в пути 0,6.0
Systeme Electric,300200300_,"S403 ТЕРМОСТАТ для теп.пола с датч. с/у 16А ""ATLAS"" белый (1) ATN138",21.0,0.0,3.3,0.0,6.36,Низкая,база спроса ≈4 шт/мес (история 21 мес.); сезонность ×0.80; рост спроса ×1.05; прогноз след. месяц ≈3 шт; остаток 21 + в пути 0,1.0
Systeme Electric,300200307_,"S409 Рамка 5-ная ""ATLAS"" белый (5) ATN105",136.0,0.0,54.5,0.0,2.5,Низкая,база спроса ≈31 шт/мес (история 32 мес.); сезонность ×1.45; рост спроса ×1.20; исключено разовых крупных заказов: 1; прогноз след. месяц ≈54 шт; остаток 136 + в пути 0,5.0
Systeme Electric,300200309_,"S413 Рамка 2-ная AQUA IP 44 ""ATLAS"" белый ATN0102 (5)",26.0,0.0,9.0,0.0,2.89,Низкая,база спроса ≈6 шт/мес (история 30 мес.); сезонность ×0.69; рост спроса ×2.00; прогноз след. месяц ≈9 шт; остаток 26 + в пути 0,5.0
Systeme Electric,300200310_,"S410 Переключ. AQUA 1 кл 10А с/у б/рамки IP 44 ""ATLAS"" белый ATN0161 (20)",60.0,0.0,17.7,0.0,3.39,Низкая,база спроса ≈10 шт/мес (история 22 мес.); сезонность ×2.90; снижение спроса ×0.61; прогноз след. месяц ≈18 шт; остаток 60 + в пути 0,20.0
Systeme Electric,300200311_,"S411 Роз. AQUA с з/к 16А с/у з/ш c крышкой б/рамки IP 44 ""ATLAS"" белый ATN0146 (15)",181.0,0.0,81.9,0.0,2.21,Низкая,база спроса ≈39 шт/мес (история 32 мес.); сезонность ×1.04; рост спроса ×2.00; исключено разовых крупных заказов: 4; прогноз след. месяц ≈82 шт; остаток 181 + в пути 0,15.0
Systeme Electric,300200313_,"S414 Выкл 1 кл  с/у 6А 250B ""BLANCA"" белый BLNVS006101 (60)",256.0,0.0,48.1,0.0,5.32,Низкая,база спроса ≈60 шт/мес (история 32 мес.); сезонность ×1.36; снижение спроса ×0.59; прогноз след. месяц ≈48 шт; остаток 256 + в пути 0,10.0
Systeme Electric,300200315_,"S416 Роз  с/у без з/к 16А 250В ""BLANCA""  белый BLNRS000011 (60)",240.0,0.0,35.3,0.0,6.8,Низкая,база спроса ≈25 шт/мес (история 15 мес.); сезонность ×1.00; рост спроса ×1.43; прогноз след. месяц ≈35 шт; остаток 240 + в пути 0,10.0
Systeme Electric,300200317_,"S418 Роз  с/у с з/к 16А 250В ""BLANCA""  белый BLNRS001011 (60)",434.0,0.0,112.8,0.0,3.85,Низкая,база спроса ≈144 шт/мес (история 32 мес.); сезонность ×1.57; снижение спроса ×0.50; прогноз след. месяц ≈113 шт; остаток 434 + в пути 0,10.0
Systeme Electric,300200330_,"S432 Звонок проводной  о/у ""BLANCA"" белый BLNZA000011 (48)",14.0,0.0,1.3,0.0,10.77,Низкая,база спроса ≈3 шт/мес (история 25 мес.); сезонность ×0.67; снижение спроса ×0.63; прогноз след. месяц ≈1 шт; остаток 14 + в пути 0,8.0
Systeme Electric,300200347_,"S421 Роз  2-ная  с/у с з/к с штор. 16А 250В ""BLANCA"" белый BLNRS001121 (36)",223.0,0.0,12.3,0.0,18.13,Низкая,база спроса ≈20 шт/мес (история 20 мес.); сезонность ×1.05; снижение спроса ×0.60; прогноз след. месяц ≈12 шт; остаток 223 + в пути 0,6.0
Systeme Electric,300200348_,"S433 Роз  2-ная  с/у с з/к с крыш. IP44 16А 250B ""BLANCA"" белый BLNRS441121 (30)",49.0,0.0,18.8,0.0,2.61,Низкая,база спроса ≈3 шт/мес (история 23 мес.); сезонность ×3.12; рост спроса ×2.00; прогноз след. месяц ≈19 шт; остаток 49 + в пути 0,5.0
Systeme Electric,300200350_,"S434 Роз с/у компьютерная RJ45 кат.5Е ""BLANCA"" белый BLNIS045001 (60)",37.0,0.0,2.3,0.0,16.09,Низкая,база спроса ≈4 шт/мес (история 13 мес.); сезонность ×0.62; снижение спроса ×0.99; прогноз след. месяц ≈2 шт; остаток 37 + в пути 0,10.0
Systeme Electric,300200352_,"S435 Роз TV коннектор ""BLANCA"" белый BLNTS000011  (60)",36.0,0.0,1.0,0.0,36.0,Низкая,база спроса ≈1 шт/мес (история 2 мес.); прогноз след. месяц ≈1 шт; остаток 36 + в пути 0,10.0
Systeme Electric,300200363_,"G388 Выкл 3 кл 10А с/у б/рамки ""ATLAS"" жемчуг ATN431 (10)",45.0,0.0,6.2,0.0,7.26,Низкая,база спроса ≈5 шт/мес (история 22 мес.); сезонность ×2.55; снижение спроса ×0.53; прогноз след. месяц ≈6 шт; остаток 45 + в пути 0,10.0
Systeme Electric,300200364_,"G3988 Роз. без з/к без с/ш 16А б/рамки ""ATLAS"" жемчуг ATN441 (10) NEW",113.0,0.0,33.0,0.0,3.42,Низкая,база спроса ≈31 шт/мес (история 21 мес.); сезонность ×2.10; снижение спроса ×0.50; прогноз след. месяц ≈33 шт; остаток 113 + в пути 0,10.0
Systeme Electric,300200366_,Выкл 2 кл 10А механизм жемчуг ATN000451,119.0,0.0,46.6,0.0,2.55,Низкая,база спроса ≈24 шт/мес (история 23 мес.); сезонность ×1.46; рост спроса ×1.31; прогноз след. месяц ≈47 шт; остаток 119 + в пути 0,10.0
Systeme Electric,300200367_,"G391 Переключ. 1 кл 10А с/у б/рамки ""ATLAS"" жемчуг ATN461 (10)",80.0,0.0,20.1,0.0,3.98,Низкая,база спроса ≈8 шт/мес (история 25 мес.); сезонность ×2.18; рост спроса ×1.15; прогноз след. месяц ≈20 шт; остаток 80 + в пути 0,10.0
Systeme Electric,300200368_,"G390 Комп. роз. RJ45 5Е механизм б/рамки ""ATLAS"" жемчуг ATN483 (10)",38.0,0.0,4.5,0.0,8.44,Низкая,база спроса ≈4 шт/мес (история 31 мес.); сезонность ×1.67; снижение спроса ×0.73; прогноз след. месяц ≈4 шт; остаток 38 + в пути 0,5.0
Systeme Electric,300200370_,"G401 ТV роз. оконечная с/у б/рамки ""ATLAS"" жемчуг ATN491  (10)",52.0,0.0,0.9,0.0,57.78,Низкая,база спроса ≈2 шт/мес (история 18 мес.); сезонность ×0.75; снижение спроса ×0.69; прогноз след. месяц ≈1 шт; остаток 52 + в пути 0,10.0
Systeme Electric,300200371_,"G384 Выкл 1 кл 10А с/у ""ATLAS"" жемчуг ATN412 (10)",116.0,0.0,16.8,0.0,6.9,Низкая,база спроса ≈13 шт/мес (история 31 мес.); сезонность ×0.74; рост спроса ×1.72; прогноз след. месяц ≈17 шт; остаток 116 + в пути 0,10.0
Systeme Electric,300200372_,"G394 Роз. 2-ная с/у 16А ""ATLAS"" жемчуг ATN420 (6)",74.0,0.0,31.5,0.0,2.35,Низкая,база спроса ≈17 шт/мес (история 28 мес.); сезонность ×2.67; снижение спроса ×0.69; прогноз след. месяц ≈32 шт; остаток 74 + в пути 0,6.0
Systeme Electric,300200373_,"G395 Роз. 2-ная с/у 16А с з/к з/ш ""ATLAS"" жемчуг ATN426 (6)",61.0,0.0,7.0,0.0,8.71,Низкая,база спроса ≈21 шт/мес (история 29 мес.); сезонность ×0.68; снижение спроса ×0.50; прогноз след. месяц ≈7 шт; остаток 61 + в пути 0,6.0
Systeme Electric,300200374_,"G399 Роз. с з/к 16А с/у з/ш ""ATLAS"" жемчуг ATN444 (10)",100.0,0.0,26.6,0.0,3.76,Низкая,база спроса ≈11 шт/мес (история 22 мес.); сезонность ×1.42; рост спроса ×1.74; прогноз след. месяц ≈27 шт; остаток 100 + в пути 0,10.0
Systeme Electric,300200375_,"G386 Выкл 2 кл 10А с/у ""ATLAS"" жемчуг ATN452 (10)",132.0,0.0,44.6,0.0,2.96,Низкая,база спроса ≈31 шт/мес (история 31 мес.); сезонность ×1.94; снижение спроса ×0.74; прогноз след. месяц ≈45 шт; остаток 132 + в пути 0,10.0
Systeme Electric,300200378_,"G407 Рамка 3-ная ""ATLAS"" жемчуг ATN403 (15)",59.0,0.0,14.6,0.0,4.04,Низкая,база спроса ≈17 шт/мес (история 32 мес.); сезонность ×0.85; рост спроса ×1.02; исключено разовых крупных заказов: 1; прогноз след. месяц ≈15 шт; остаток 59 + в пути 0,5.0
Systeme Electric,300200379_,"G408 Рамка 4-ная ""ATLAS"" жемчуг ATN404 (15)",34.0,0.0,15.8,0.0,2.15,Низкая,база спроса ≈5 шт/мес (история 31 мес.); сезонность ×1.82; рост спроса ×1.83; прогноз след. месяц ≈16 шт; остаток 34 + в пути 0,5.0
Systeme Electric,300200380_,"G409 Рамка 5-ная ""ATLAS"" жемчуг ATN405 (5)",26.0,0.0,6.8,0.0,3.82,Низкая,база спроса ≈1 шт/мес (история 22 мес.); сезонность ×5.17; снижение спроса ×0.92; прогноз след. месяц ≈7 шт; остаток 26 + в пути 0,5.0
Systeme Electric,300200418_,"G397 Роз. RJ45+RJ45 5Е кат 5Е механизм б/рамки ""ATLAS"" жемчуг ATN485 (10)",23.0,0.0,0.3,0.0,76.67,Низкая,база спроса ≈1 шт/мес (история 12 мес.); сезонность ×0.50; снижение спроса ×0.50; прогноз след. месяц ≈0 шт; остаток 23 + в пути 0,10.0
Systeme Electric,300200420_,"G385 Выкл 1 кл с инд 10А с/у б/рамки ""ATLAS"" жемчуг ATN413 (10)",18.0,0.0,4.2,0.0,4.29,Низкая,база спроса ≈4 шт/мес (история 20 мес.); сезонность ×2.00; снижение спроса ×0.50; прогноз след. месяц ≈4 шт; остаток 18 + в пути 0,10.0
Systeme Electric,300200421_,"G414 Переключ. 2 кл 10А с/у б/рамки ""ATLAS"" жемчуг ATN465 (10)",47.0,0.0,5.5,0.0,8.55,Низкая,база спроса ≈7 шт/мес (история 26 мес.); сезонность ×1.50; снижение спроса ×0.50; прогноз след. месяц ≈6 шт; остаток 47 + в пути 0,10.0
Systeme Electric,300200424_,"G393 Перекрест.переключ. 1 кл 10А с/у б/рамки ""ATLAS"" жемчуг ATN471 (5)",66.0,0.0,1.2,0.0,55.0,Низкая,база спроса ≈1 шт/мес (история 18 мес.); сезонность ×3.67; снижение спроса ×0.50; прогноз след. месяц ≈1 шт; остаток 66 + в пути 0,5.0
Systeme Electric,300200425_,"G402 Телефонная роз. RJ11 механизм б/рамки ""ATLAS"" жемчуг ATN481 (10)",28.0,0.0,2.0,0.0,14.0,Низкая,база спроса ≈2 шт/мес (история 5 мес.); прогноз след. месяц ≈2 шт; остаток 28 + в пути 0,5.0
Systeme Electric,300200426_,"G392 Переключ. 1 кл с инд 10А с/у б/рамки  ""ATLAS"" жемчуг ATN463 (10)",35.0,0.0,1.0,0.0,35.0,Низкая,база спроса ≈2 шт/мес (история 6 мес.); снижение спроса ×0.50; прогноз след. месяц ≈1 шт; остаток 35 + в пути 0,10.0
Systeme Electric,300200428_,"A398 Роз. с з/к 16А с/у б/рамки ""ATLAS"" алюминий ATN343 (10)",890.0,0.0,317.8,0.0,2.8,Низкая,база спроса ≈274 шт/мес (история 32 мес.); сезонность ×1.50; снижение спроса ×0.78; прогноз след. месяц ≈318 шт; остаток 890 + в пути 0,10.0
Systeme Electric,300200429_,"А399 Роз. с з/к 16А с/у з/ш ""ATLAS"" алюминий ATN344 (10)",81.0,0.0,39.5,0.0,2.05,Низкая,база спроса ≈30 шт/мес (история 28 мес.); сезонность ×1.72; снижение спроса ×0.77; прогноз след. месяц ≈40 шт; остаток 81 + в пути 0,10.0
Systeme Electric,300200430_,"А384 Выкл 1 кл 10А с/у ""ATLAS"" алюминий ATN312 (10)",94.0,0.0,34.8,0.0,2.7,Низкая,база спроса ≈15 шт/мес (история 32 мес.); сезонность ×1.20; рост спроса ×2.00; исключено разовых крупных заказов: 1; прогноз след. месяц ≈35 шт; остаток 94 + в пути 0,10.0
Systeme Electric,300200432_,"А386 Выкл 2 кл 10А с/у ""ATLAS"" алюминий ATN352 (10)",102.0,0.0,19.8,0.0,5.15,Низкая,база спроса ≈9 шт/мес (история 32 мес.); сезонность ×1.24; рост спроса ×1.77; прогноз след. месяц ≈20 шт; остаток 102 + в пути 0,10.0
Systeme Electric,300200433_,"А390 Комп. роз. RJ45 5Е механизм б/рамки ""ATLAS"" алюминий ATN383 (10)",84.0,0.0,37.0,0.0,2.27,Низкая,база спроса ≈11 шт/мес (история 32 мес.); сезонность ×1.68; рост спроса ×2.00; прогноз след. месяц ≈37 шт; остаток 84 + в пути 0,5.0
Systeme Electric,300200434_,"А397 Роз. RJ45+RJ45 5Е кат 5Е механизм б/рамки ""ATLAS"" алюминий ATN385 (10)",38.0,0.0,9.2,0.0,4.13,Низкая,база спроса ≈6 шт/мес (история 21 мес.); сезонность ×1.00; рост спроса ×1.58; прогноз след. месяц ≈9 шт; остаток 38 + в пути 0,5.0
Systeme Electric,300200435_,"А405 Рамка 1-ная ""ATLAS"" алюминий ATN301 (20)",747.0,0.0,120.6,0.0,6.19,Низкая,база спроса ≈130 шт/мес (история 32 мес.); сезонность ×1.54; снижение спроса ×0.60; прогноз след. месяц ≈121 шт; остаток 747 + в пути 0,20.0
Systeme Electric,300200436_,"А394 Роз. 2-ная с/у 16А ""ATLAS"" алюминий ATN320 (6)",217.0,0.0,21.9,0.0,9.91,Низкая,база спроса ≈38 шт/мес (история 31 мес.); сезонность ×0.91; снижение спроса ×0.64; прогноз след. месяц ≈22 шт; остаток 217 + в пути 0,6.0
Systeme Electric,300200437_,"А406 Рамка 2-ная ""ATLAS"" алюминий ATN302 (10)",188.0,0.0,44.7,0.0,4.21,Низкая,база спроса ≈36 шт/мес (история 32 мес.); сезонность ×1.86; снижение спроса ×0.66; прогноз след. месяц ≈45 шт; остаток 188 + в пути 0,10.0
Systeme Electric,300200438_,"А407 Рамка 3-ная ""ATLAS"" алюминий ATN303 (15)",144.0,0.0,32.5,0.0,4.43,Низкая,база спроса ≈30 шт/мес (история 32 мес.); сезонность ×2.00; снижение спроса ×0.54; исключено разовых крупных заказов: 1; прогноз след. месяц ≈32 шт; остаток 144 + в пути 0,5.0
Systeme Electric,300200441_,"А401 ТV роз. оконечная с/у б/рамки ""ATLAS"" алюминий ATN391(10)",21.0,0.0,4.0,0.0,5.25,Низкая,база спроса ≈2 шт/мес (история 17 мес.); сезонность ×2.00; прогноз след. месяц ≈4 шт; остаток 21 + в пути 0,10.0
Systeme Electric,300200443_,"А385 Выкл 1 кл с инд 10А с/у б/рамки ""ATLAS"" алюминий ATN313  (10)",67.0,0.0,25.1,0.0,2.67,Низкая,база спроса ≈10 шт/мес (история 24 мес.); сезонность ×2.38; рост спроса ×1.02; прогноз след. месяц ≈25 шт; остаток 67 + в пути 0,10.0
Systeme Electric,300200444_,"А387 Выкл 2 кл с инд 10А с/у б/рамки ""ATLAS"" алюминий ATN353 (10)",47.0,0.0,4.3,0.0,10.93,Низкая,база спроса ≈3 шт/мес (история 17 мес.); сезонность ×2.88; снижение спроса ×0.56; прогноз след. месяц ≈4 шт; остаток 47 + в пути 0,10.0
Systeme Electric,300200445_,"А409 Рамка 5-ная ""ATLAS"" алюминий ATN305 (5)",74.0,0.0,5.9,0.0,12.54,Низкая,база спроса ≈3 шт/мес (история 25 мес.); сезонность ×3.00; снижение спроса ×0.66; исключено разовых крупных заказов: 1; прогноз след. месяц ≈6 шт; остаток 74 + в пути 0,5.0
Systeme Electric,300200446_,"А414 Переключ. 2 кл 10А с/у б/рамки ""ATLAS"" алюминий ATN365 (10)",121.0,0.0,20.9,0.0,5.79,Низкая,база спроса ≈12 шт/мес (история 24 мес.); сезонность ×1.95; снижение спроса ×0.88; прогноз след. месяц ≈21 шт; остаток 121 + в пути 0,10.0
Systeme Electric,300200448_,"А393 Перекрест. переключ. 1 кл 10А с/у б/рамки ""ATLAS"" алюминий ATN371 (5)",88.0,0.0,7.5,0.0,11.73,Низкая,база спроса ≈3 шт/мес (история 13 мес.); сезонность ×2.83; снижение спроса ×0.89; прогноз след. месяц ≈8 шт; остаток 88 + в пути 0,5.0
Systeme Electric,300200449_,"А388 Выкл 3 кл 10А с/у б/рамки ""ATLAS"" алюминий ATN331 (10)",55.0,0.0,5.6,0.0,9.82,Низкая,база спроса ≈3 шт/мес (история 24 мес.); сезонность ×3.29; снижение спроса ×0.50; прогноз след. месяц ≈6 шт; остаток 55 + в пути 0,10.0
Systeme Electric,300200450_,"А402 Телефонная роз. RJ11 механизм б/рамки ""ATLAS"" алюминий ATN381 (10)",95.0,0.0,0.5,0.0,190.0,Низкая,база спроса ≈1 шт/мес (история 9 мес.); снижение спроса ×0.50; прогноз след. месяц ≈0 шт; остаток 95 + в пути 0,10.0
Systeme Electric,300200451_,"А392 Переключ. 1 кл с инд 10А с/у б/рамки  ""ATLAS"" алюминий ATN363  (10)",10.0,0.0,3.2,0.0,3.12,Низкая,база спроса ≈4 шт/мес (история 6 мес.); снижение спроса ×0.93; прогноз след. месяц ≈3 шт; остаток 10 + в пути 0,10.0
Systeme Electric,300200452_,"А396 Роз. 2-ная с/у 16А с з/к з/ш со сдвиж.крыш.""ATLAS"" алюминий ATN328 (6)",11.0,0.0,1.1,0.0,10.0,Низкая,база спроса ≈2 шт/мес (история 11 мес.); снижение спроса ×0.56; прогноз след. месяц ≈1 шт; остаток 11 + в пути 0,6.0
Systeme Electric,300200459_,"K068 Выкл 1 кл 10А с/у ""ATLAS"" КАРБОН ATN1012 (5)",293.0,0.0,85.7,0.0,3.42,Низкая,база спроса ≈102 шт/мес (история 31 мес.); сезонность ×1.29; снижение спроса ×0.65; исключено разовых крупных заказов: 1; прогноз след. месяц ≈86 шт; остаток 293 + в пути 0,5.0
Systeme Electric,300200460_,"K070 Выкл 2 кл 10А с/у ""ATLAS"" КАРБОН ATN1052 (5)",182.0,0.0,53.1,0.0,3.43,Низкая,база спроса ≈50 шт/мес (история 32 мес.); сезонность ×1.66; снижение спроса ×0.63; прогноз след. месяц ≈53 шт; остаток 182 + в пути 0,5.0
Systeme Electric,300200465_,"K086 Рамка 3-ая ""ATLAS"" КАРБОН ATN1003 (15)",398.0,0.0,186.8,0.0,2.13,Низкая,база спроса ≈147 шт/мес (история 32 мес.); сезонность ×1.26; рост спроса ×1.01; исключено разовых крупных заказов: 3; прогноз след. месяц ≈187 шт; остаток 398 + в пути 0,5.0
Systeme Electric,300200467_,"K088 Рамка 5-ая ""ATLAS"" КАРБОН ATN1005",76.0,0.0,17.1,0.0,4.44,Низкая,база спроса ≈23 шт/мес (история 31 мес.); сезонность ×0.85; снижение спроса ×0.87; прогноз след. месяц ≈17 шт; остаток 76 + в пути 0,5.0
Systeme Electric,300200470_,"K083 Телефонная роз. RJ11 механизм б/рамки ""ATLAS"" КАРБОН ATN1081",34.0,0.0,2.5,0.0,13.6,Низкая,база спроса ≈5 шт/мес (история 11 мес.); снижение спроса ×0.50; прогноз след. месяц ≈2 шт; остаток 34 + в пути 0,5.0
Systeme Electric,300200471_,"K082 ТV роз. оконечная с/у б/рамки ""ATLAS"" КАРБОН ATN1091",145.0,0.0,12.4,0.0,11.69,Низкая,база спроса ≈7 шт/мес (история 30 мес.); сезонность ×1.09; рост спроса ×1.71; исключено разовых крупных заказов: 1; прогноз след. месяц ≈12 шт; остаток 145 + в пути 0,5.0
Systeme Electric,300200496_,"S419 Выкл. 1 кл с самовозвр. механизм ""ATLAS"" белый ATN000115 (5)",52.0,0.0,11.3,0.0,4.6,Низкая,база спроса ≈13 шт/мес (история 16 мес.); сезонность ×1.15; снижение спроса ×0.76; прогноз след. месяц ≈11 шт; остаток 52 + в пути 0,5.0
Systeme Electric,300200515_,"K079 Роз. 2-ная с/у 16А с з/к з/ш ""ATLAS"" КАРБОН ATN1026 (6)",198.0,0.0,93.7,0.0,2.11,Низкая,база спроса ≈76 шт/мес (история 31 мес.); сезонность ×1.29; снижение спроса ×0.95; исключено разовых крупных заказов: 1; прогноз след. месяц ≈94 шт; остаток 198 + в пути 0,6.0
Systeme Electric,300200516_,"K081 Роз. с з/к 16А с/у з/ш ""ATLAS"" КАРБОН ATN1044 (5)",302.0,0.0,34.4,0.0,8.78,Низкая,база спроса ≈49 шт/мес (история 32 мес.); сезонность ×1.26; снижение спроса ×0.55; прогноз след. месяц ≈34 шт; остаток 302 + в пути 0,5.0
Systeme Electric,300200517_,"K076 Переключ. 1 кл с инд 10А с/у б/рамки  ""ATLAS"" КАРБОН ATN1063 (2)",26.0,0.0,1.5,0.0,17.33,Низкая,база спроса ≈3 шт/мес (история 7 мес.); снижение спроса ×0.50; прогноз след. месяц ≈2 шт; остаток 26 + в пути 0,5.0
Systeme Electric,300200520_,"K001 Роз. с з/к 16А с/у б/рамки ""ATLAS"" СТАЛЬ ATN943 (5)",617.0,0.0,253.0,0.0,2.44,Низкая,база спроса ≈158 шт/мес (история 30 мес.); сезонность ×2.54; снижение спроса ×0.63; прогноз след. месяц ≈253 шт; остаток 617 + в пути 0,5.0
Systeme Electric,300200521_,"K002 Выкл 1 кл 10А с/у ""ATLAS"" СТАЛЬ ATN912 (5) NEW",66.0,0.0,10.1,0.0,6.53,Низкая,база спроса ≈6 шт/мес (история 26 мес.); сезонность ×2.69; снижение спроса ×0.65; исключено разовых крупных заказов: 1; прогноз след. месяц ≈10 шт; остаток 66 + в пути 0,5.0
Systeme Electric,300200522_,"K003 Выкл 1 кл с инд 10А с/у б/рамки ""ATLAS"" СТАЛЬ ATN913 (5)",10.0,0.0,4.0,0.0,2.5,Низкая,база спроса ≈4 шт/мес (история 2 мес.); прогноз след. месяц ≈4 шт; остаток 10 + в пути 0,5.0
Systeme Electric,300200523_,"K004 Выкл 2 кл 10А с/у ""ATLAS"" СТАЛЬ ATN952 (5) NEW",55.0,0.0,17.0,0.0,3.24,Низкая,база спроса ≈6 шт/мес (история 32 мес.); сезонность ×3.23; снижение спроса ×0.81; прогноз след. месяц ≈17 шт; остаток 55 + в пути 0,5.0
Systeme Electric,300200524_,"K005 Выкл 2 кл с инд 10А с/у б/рамки ""ATLAS"" СТАЛЬ ATN953 (5)",5.0,0.0,2.4,0.0,2.08,Низкая,база спроса ≈4 шт/мес (история 8 мес.); снижение спроса ×0.69; прогноз след. месяц ≈2 шт; остаток 5 + в пути 0,5.0
Systeme Electric,300200526_,"K007 Комп. роз. RJ45 5Е механизм б/рамки ""ATLAS"" СТАЛЬ ATN983 (5)",54.0,0.0,11.3,0.0,4.78,Низкая,база спроса ≈9 шт/мес (история 29 мес.); сезонность ×1.94; снижение спроса ×0.68; исключено разовых крупных заказов: 1; прогноз след. месяц ≈11 шт; остаток 54 + в пути 0,1.0
Systeme Electric,300200527_,"K008 Переключ. 1 кл 10А с/у б/рамки ""ATLAS"" СТАЛЬ ATN961 (5)",288.0,0.0,3.0,0.0,96.0,Низкая,база спроса ≈4 шт/мес (история 21 мес.); сезонность ×1.57; снижение спроса ×0.50; прогноз след. месяц ≈3 шт; остаток 288 + в пути 0,5.0
Systeme Electric,300200529_,"K010 Перекрест.переключ. 1 кл 10А с/у б/рамки ""ATLAS"" СТАЛЬ ATN971 (2)",68.0,0.0,5.4,0.0,12.59,Низкая,база спроса ≈4 шт/мес (история 12 мес.); сезонность ×1.56; снижение спроса ×0.97; прогноз след. месяц ≈5 шт; остаток 68 + в пути 0,1.0
Systeme Electric,300200531_,"K012 Роз. 2-ная с/у 16А с з/к з/ш ""ATLAS"" СТАЛЬ ATN926 (6)",21.0,0.0,5.0,0.0,4.2,Низкая,база спроса ≈6 шт/мес (история 24 мес.); сезонность ×1.54; снижение спроса ×0.50; прогноз след. месяц ≈5 шт; остаток 21 + в пути 0,6.0
Systeme Electric,300200533_,"K014 Роз. с з/к 16А с/у з/ш ""ATLAS"" СТАЛЬ ATN944 (5)",47.0,0.0,2.7,0.0,17.41,Низкая,база спроса ≈3 шт/мес (история 13 мес.); сезонность ×0.67; рост спроса ×1.37; прогноз след. месяц ≈3 шт; остаток 47 + в пути 0,5.0
Systeme Electric,300200535_,"K016 Телефонная роз. RJ11 механизм б/рамки ""ATLAS"" СТАЛЬ ATN981 (5)",7.0,0.0,1.5,0.0,4.67,Низкая,база спроса ≈2 шт/мес (история 4 мес.); прогноз след. месяц ≈2 шт; остаток 7 + в пути 0,1.0
Systeme Electric,300200536_,"K017 Рамка 1-ная ""ATLAS"" СТАЛЬ ATN901 (5)",263.0,0.0,97.6,0.0,2.69,Низкая,база спроса ≈62 шт/мес (история 30 мес.); сезонность ×2.12; снижение спроса ×0.74; прогноз след. месяц ≈98 шт; остаток 263 + в пути 0,10.0
Systeme Electric,300200540_,"K021 Рамка 5-ная ""ATLAS"" СТАЛЬ ATN905 (2)",82.0,0.0,8.3,0.0,9.88,Низкая,база спроса ≈2 шт/мес (история 18 мес.); сезонность ×2.33; рост спроса ×1.99; прогноз след. месяц ≈8 шт; остаток 82 + в пути 0,5.0
Systeme Electric,300200541_,"K022 Переключ. 2 кл 10А с/у б/рамки ""ATLAS"" СТАЛЬ ATN965 (5)",73.0,0.0,23.0,0.0,3.17,Низкая,база спроса ≈8 шт/мес (история 16 мес.); сезонность ×3.20; снижение спроса ×0.92; прогноз след. месяц ≈23 шт; остаток 73 + в пути 0,5.0
Systeme Electric,300200545_,"K026 Выкл 2 кл 10А с/у ""ATLAS"" ШАМПАНЬ ATN552 (10)",123.0,0.0,21.4,0.0,5.75,Низкая,база спроса ≈7 шт/мес (история 31 мес.); сезонность ×1.48; рост спроса ×2.00; прогноз след. месяц ≈21 шт; остаток 123 + в пути 0,10.0
Systeme Electric,300200546_,"K027 Выкл 2 кл с инд 10А с/у б/рамки ""ATLAS"" ШАМПАНЬ ATN553 (10)",20.0,0.0,7.9,0.0,2.53,Низкая,база спроса ≈3 шт/мес (история 19 мес.); сезонность ×2.50; рост спроса ×1.05; прогноз след. месяц ≈8 шт; остаток 20 + в пути 0,10.0
Systeme Electric,300200549_,"K030 Переключ. 1 кл 10А с/у б/рамки ""ATLAS"" ШАМПАНЬ ATN561 (10)",113.0,0.0,23.1,0.0,4.89,Низкая,база спроса ≈34 шт/мес (история 32 мес.); сезонность ×0.96; снижение спроса ×0.71; исключено разовых крупных заказов: 1; прогноз след. месяц ≈23 шт; остаток 113 + в пути 0,10.0
Systeme Electric,300200550_,"K031 Переключ. 1 кл с инд 10А с/у б/рамки  ""ATLAS"" ШАМПАНЬ ATN563  (10)",14.0,0.0,1.5,0.0,9.33,Низкая,база спроса ≈2 шт/мес (история 4 мес.); прогноз след. месяц ≈2 шт; остаток 14 + в пути 0,10.0
Systeme Electric,300200551_,"K032 Перекрест.переключ. 1 кл 10А с/у б/рамки ""ATLAS"" ШАМПАНЬ ATN571 (5)",34.0,0.0,8.4,0.0,4.05,Низкая,база спроса ≈6 шт/мес (история 28 мес.); сезонность ×1.60; снижение спроса ×0.93; прогноз след. месяц ≈8 шт; остаток 34 + в пути 0,5.0
Systeme Electric,300200552_,"K033 Роз. 2-ная с/у 16А ""ATLAS"" ШАМПАНЬ ATN520 (6)",115.0,0.0,8.2,0.0,14.02,Низкая,база спроса ≈13 шт/мес (история 30 мес.); сезонность ×1.30; снижение спроса ×0.50; прогноз след. месяц ≈8 шт; остаток 115 + в пути 0,6.0
Systeme Electric,300200555_,"K036 Роз. с з/к 16А с/у з/ш ""ATLAS"" ШАМПАНЬ ATN544 (10)",44.0,0.0,12.8,0.0,3.44,Низкая,база спроса ≈9 шт/мес (история 25 мес.); сезонность ×1.69; снижение спроса ×0.85; прогноз след. месяц ≈13 шт; остаток 44 + в пути 0,10.0
Systeme Electric,300200556_,"K037 ТV роз. оконечная с/у б/рамки ""ATLAS"" ШАМПАНЬ ATN591(10)",52.0,0.0,5.2,0.0,10.0,Низкая,база спроса ≈2 шт/мес (история 27 мес.); сезонность ×1.70; рост спроса ×1.91; прогноз след. месяц ≈5 шт; остаток 52 + в пути 0,10.0
Systeme Electric,300200557_,"K038 Телефонная роз. RJ11 механизм б/рамки ""ATLAS"" ШАМПАНЬ ATN581 (10)",8.0,0.0,2.0,0.0,4.0,Низкая,база спроса ≈2 шт/мес (история 10 мес.); прогноз след. месяц ≈2 шт; остаток 8 + в пути 0,10.0
Systeme Electric,300200558_,"K039 Рамка 1-ная ""ATLAS"" ШАМПАНЬ ATN501 (10)",757.0,0.0,247.6,0.0,3.06,Низкая,база спроса ≈245 шт/мес (история 32 мес.); сезонность ×1.24; снижение спроса ×0.82; исключено разовых крупных заказов: 1; прогноз след. месяц ≈248 шт; остаток 757 + в пути 0,20.0
Systeme Electric,300200562_,"K043 Рамка 5-ная ""ATLAS"" ШАМПАНЬ ATN505 (5)",77.0,0.0,4.2,0.0,18.33,Низкая,база спроса ≈3 шт/мес (история 27 мес.); сезонность ×2.12; снижение спроса ×0.73; исключено разовых крупных заказов: 1; прогноз след. месяц ≈4 шт; остаток 77 + в пути 0,5.0
Systeme Electric,300200564_,"K045 Роз. с з/к 16А с/у б/рамки ""ATLAS"" ГРИФЕЛЬ ATN743 (10)",262.0,0.0,107.3,0.0,2.44,Низкая,база спроса ≈82 шт/мес (история 32 мес.); сезонность ×1.27; рост спроса ×1.02; прогноз след. месяц ≈107 шт; остаток 262 + в пути 0,10.0
Systeme Electric,300200565_,"K046 Выкл 1 кл 10А с/у ""ATLAS"" ГРИФЕЛЬ ATN712 (10)",3.0,0.0,0.0,0.0,99.0,Низкая,база спроса ≈14 шт/мес (история 30 мес.); сезонность ×-0.26; рост спроса ×1.16; прогноз след. месяц ≈0 шт; остаток 3 + в пути 0,10.0
Systeme Electric,300200566_,"K047 Выкл 1 кл с инд 10А с/у б/рамки ""ATLAS"" ГРИФЕЛЬ ATN713 (10)",75.0,0.0,0.0,0.0,99.0,Низкая,база спроса ≈3 шт/мес (история 13 мес.); сезонность ×-1.33; снижение спроса ×0.90; прогноз след. месяц ≈0 шт; остаток 75 + в пути 0,10.0
Systeme Electric,300200567_,"K048 Выкл 2 кл 10А с/у ""ATLAS"" ГРИФЕЛЬ ATN752 (10)",88.0,0.0,8.2,0.0,10.73,Низкая,база спроса ≈6 шт/мес (история 26 мес.); сезонность ×1.00; рост спроса ×1.26; прогноз след. месяц ≈8 шт; остаток 88 + в пути 0,10.0
Systeme Electric,300200568_,"K049 Выкл 2 кл с инд 10А с/у б/рамки ""ATLAS"" ГРИФЕЛЬ ATN753 (10)",68.0,0.0,2.5,0.0,27.2,Низкая,база спроса ≈2 шт/мес (история 10 мес.); прогноз след. месяц ≈2 шт; остаток 68 + в пути 0,10.0
Systeme Electric,300200569_,"K050 Выкл 3 кл 10А с/у б/рамки ""ATLAS"" ГРИФЕЛЬ ATN731 (10)",43.0,0.0,8.3,0.0,5.18,Низкая,база спроса ≈2 шт/мес (история 15 мес.); сезонность ×1.67; рост спроса ×2.00; прогноз след. месяц ≈8 шт; остаток 43 + в пути 0,10.0
Systeme Electric,300200570_,"K051 Комп. роз. RJ45 5Е механизм б/рамки ""ATLAS"" ГРИФЕЛЬ ATN783 (10)",20.0,0.0,1.2,0.0,16.67,Низкая,база спроса ≈3 шт/мес (история 30 мес.); сезонность ×0.50; снижение спроса ×0.81; прогноз след. месяц ≈1 шт; остаток 20 + в пути 0,5.0
Systeme Electric,300200571_,"K052 Переключ. 1 кл 10А с/у б/рамки ""ATLAS"" ГРИФЕЛЬ ATN761 (10)",23.0,0.0,5.1,0.0,4.51,Низкая,база спроса ≈3 шт/мес (история 26 мес.); сезонность ×2.25; снижение спроса ×0.84; прогноз след. месяц ≈5 шт; остаток 23 + в пути 0,10.0
Systeme Electric,300200572_,"K053 Переключ. 1 кл с инд 10А с/у б/рамки  ""ATLAS"" ГРИФЕЛЬ ATN763  (10)",8.0,0.0,2.5,0.0,3.2,Низкая,база спроса ≈2 шт/мес (история 2 мес.); прогноз след. месяц ≈2 шт; остаток 8 + в пути 0,5.0
Systeme Electric,300200573_,"K054 Перекрест.переключ. 1 кл 10А с/у б/рамки ""ATLAS"" ГРИФЕЛЬ ATN771 (5)",53.0,0.0,1.0,0.0,53.0,Низкая,база спроса ≈1 шт/мес (история 10 мес.); прогноз след. месяц ≈1 шт; остаток 53 + в пути 0,5.0
Systeme Electric,300200574_,"K055 Роз. 2-ная с/у 16А ""ATLAS"" ГРИФЕЛЬ ATN720 (6)",120.0,0.0,0.0,0.0,99.0,Низкая,база спроса ≈4 шт/мес (история 21 мес.); сезонность ×-2.60; снижение спроса ×0.50; прогноз след. месяц ≈0 шт; остаток 120 + в пути 0,6.0
Systeme Electric,300200575_,"K056 Роз. 2-ная с/у 16А с з/к з/ш ""ATLAS"" ГРИФЕЛЬ ATN726 (6)",48.0,0.0,11.4,0.0,4.21,Низкая,база спроса ≈12 шт/мес (история 22 мес.); сезонность ×0.67; рост спроса ×1.41; прогноз след. месяц ≈11 шт; остаток 48 + в пути 0,6.0
Systeme Electric,300200576_,"K058 Роз. с з/к 16А с/у з/ш ""ATLAS"" ГРИФЕЛЬ ATN744 (10)",65.0,0.0,0.0,0.0,99.0,Низкая,база спроса ≈4 шт/мес (история 27 мес.); сезонность ×-0.88; снижение спроса ×0.72; прогноз след. месяц ≈0 шт; остаток 65 + в пути 0,10.0
Systeme Electric,300200577_,"K059 ТV роз. оконечная с/у б/рамки ""ATLAS"" ГРИФЕЛЬ ATN791 (10)",39.0,0.0,0.6,0.0,65.0,Низкая,база спроса ≈2 шт/мес (история 12 мес.); сезонность ×0.40; снижение спроса ×0.59; прогноз след. месяц ≈1 шт; остаток 39 + в пути 0,10.0
Systeme Electric,300200579_,"K061 Рамка 1-ная ""ATLAS"" ГРИФЕЛЬ ATN701 (10)",123.0,0.0,54.4,0.0,2.26,Низкая,база спроса ≈27 шт/мес (история 31 мес.); сезонность ×1.43; рост спроса ×1.41; прогноз след. месяц ≈54 шт; остаток 123 + в пути 0,20.0
Systeme Electric,300200580_,"K062 Рамка 2-ная ""ATLAS"" ГРИФЕЛЬ ATN702 (10)",80.0,0.0,17.8,0.0,4.49,Низкая,база спроса ≈29 шт/мес (история 31 мес.); сезонность ×1.22; снижение спроса ×0.50; прогноз след. месяц ≈18 шт; остаток 80 + в пути 0,10.0
Systeme Electric,300200581_,"K063 Рамка 3-ная ""ATLAS"" ГРИФЕЛЬ ATN703 (15)",41.0,0.0,9.4,0.0,4.36,Низкая,база спроса ≈12 шт/мес (история 31 мес.); сезонность ×1.42; снижение спроса ×0.55; исключено разовых крупных заказов: 1; прогноз след. месяц ≈9 шт; остаток 41 + в пути 0,5.0
Systeme Electric,300200582_,"K064 Рамка 4-ная ""ATLAS"" ГРИФЕЛЬ ATN704 (15)",23.0,0.0,6.0,0.0,3.83,Низкая,база спроса ≈3 шт/мес (история 29 мес.); сезонность ×4.20; снижение спроса ×0.50; прогноз след. месяц ≈6 шт; остаток 23 + в пути 0,5.0
Systeme Electric,300200583_,"K065 Рамка 5-ная ""ATLAS"" ГРИФЕЛЬ ATN705 (5)",41.0,0.0,10.5,0.0,3.9,Низкая,база спроса ≈2 шт/мес (история 18 мес.); сезонность ×3.50; рост спроса ×2.00; прогноз след. месяц ≈10 шт; остаток 41 + в пути 0,5.0
Systeme Electric,300200584_,"K066 Переключ. 2 кл 10А с/у б/рамки ""ATLAS"" ГРИФЕЛЬ ATN765 (10)",59.0,0.0,0.3,0.0,196.67,Низкая,база спроса ≈3 шт/мес (история 22 мес.); сезонность ×0.14; снижение спроса ×0.80; прогноз след. месяц ≈0 шт; остаток 59 + в пути 0,10.0
Systeme Electric,300200588_,"А3844 Выкл 1 кл 10А механизм ""ATLAS"" алюминий ATN311 (10)",303.0,0.0,19.8,0.0,15.3,Низкая,база спроса ≈22 шт/мес (история 31 мес.); сезонность ×1.29; снижение спроса ×0.69; прогноз след. месяц ≈20 шт; остаток 303 + в пути 0,10.0
Systeme Electric,300200590_,"K0461 Выкл. 1-кл 10А с/у б/рамки ""ATLAS"" ГРИФЕЛЬ ATN711 (10) NEW",103.0,0.0,41.8,0.0,2.46,Низкая,база спроса ≈17 шт/мес (история 28 мес.); сезонность ×3.52; снижение спроса ×0.71; прогноз след. месяц ≈42 шт; остаток 103 + в пути 0,10.0
Systeme Electric,300200591_,"K0488 Выкл 2-кл 10А механизм ""ATLAS"" ГРИФЕЛЬ ATN751 (10)",41.0,0.0,5.7,0.0,7.19,Низкая,база спроса ≈10 шт/мес (история 30 мес.); сезонность ×1.20; снижение спроса ×0.50; прогноз след. месяц ≈6 шт; остаток 41 + в пути 0,10.0
Systeme Electric,300200592_,"Выкл 1-кл, сх.1, 10АХ, механизм, шампань ""ATLAS""",260.0,0.0,78.3,0.0,3.32,Низкая,база спроса ≈75 шт/мес (история 30 мес.); сезонность ×1.58; снижение спроса ×0.66; прогноз след. месяц ≈78 шт; остаток 260 + в пути 0,10.0
Systeme Electric,300200595_,"Выкл 2-кл, сх.5, 10АХ, механизм, сталь ""ATLAS""",370.0,0.0,63.7,0.0,5.81,Низкая,база спроса ≈13 шт/мес (история 23 мес.); сезонность ×2.92; рост спроса ×1.68; прогноз след. месяц ≈64 шт; остаток 370 + в пути 0,5.0
Systeme Electric,300200624_,"K0233 Роз. с з/к с з/ш, 16А, механизм ""ATLAS"" ШАМПАНЬ ATN545 (10)",56.0,0.0,20.0,0.0,2.8,Низкая,база спроса ≈17 шт/мес (история 23 мес.); сезонность ×0.59; рост спроса ×2.00; прогноз след. месяц ≈20 шт; остаток 56 + в пути 0,10.0
Systeme Electric,300200700_,"S4000 Роз. с з/к 16А с/у з/ш с крышкой б/рамки""ATLAS"" белый  ATN146 (15)",145.0,0.0,61.6,0.0,2.35,Низкая,база спроса ≈57 шт/мес (история 31 мес.); сезонность ×0.92; рост спроса ×1.17; прогноз след. месяц ≈62 шт; остаток 145 + в пути 0,15.0
Systeme Electric,300200704_,"K02333 Роз. без з/к без с/ш 16А мех. ""ATLAS"" ШАМПАНЬ ATN541 (10) NEW",356.0,0.0,4.0,0.0,89.0,Низкая,база спроса ≈8 шт/мес (история 25 мес.); сезонность ×1.03; снижение спроса ×0.50; прогноз след. месяц ≈4 шт; остаток 356 + в пути 0,10.0
Systeme Electric,300200719_,К091 Роз. с з/к с з/ш 16А механизм ATLAS ПЕСОЧНЫЙ ATN1245 (5),88.0,0.0,21.5,0.0,4.09,Низкая,база спроса ≈21 шт/мес (история 22 мес.); сезонность ×0.93; рост спроса ×1.12; прогноз след. месяц ≈22 шт; остаток 88 + в пути 0,5.0
Systeme Electric,300200721_,К093 Выкл 1 кл с инд 10А с/у б/рамки ATLAS ПЕСОЧНЫЙ ATN1213,11.0,0.0,5.0,0.0,2.2,Низкая,база спроса ≈5 шт/мес (история 15 мес.); сезонность ×1.00; прогноз след. месяц ≈5 шт; остаток 11 + в пути 0,5.0
Systeme Electric,300200723_,К095 Выкл 2 кл с инд 10А с/у б/рамки ATLAS ПЕСОЧНЫЙ ATN1253,9.0,0.0,3.2,0.0,2.81,Низкая,база спроса ≈4 шт/мес (история 9 мес.); снижение спроса ×0.92; прогноз след. месяц ≈3 шт; остаток 9 + в пути 0,5.0
Systeme Electric,300200732_,К104 Роз. с з/к 16А с/у з/ш ATLAS ПЕСОЧНЫЙ ATN1244 (5),27.0,0.0,7.8,0.0,3.46,Низкая,база спроса ≈7 шт/мес (история 22 мес.); сезонность ×0.79; рост спроса ×1.42; прогноз след. месяц ≈8 шт; остаток 27 + в пути 0,5.0
Systeme Electric,300200733_,К105 ТV роз. оконечная с/у б/рамки ATLAS ПЕСОЧНЫЙ ATN1291 (5),14.0,0.0,2.2,0.0,6.36,Низкая,база спроса ≈3 шт/мес (история 22 мес.); сезонность ×1.50; снижение спроса ×0.50; прогноз след. месяц ≈2 шт; остаток 14 + в пути 0,5.0
Systeme Electric,300200734_,К106 Телефонная роз. RJ11 механизм б/рамки ATLAS ПЕСОЧНЫЙ ATN1281 (5),3.0,0.0,1.0,0.0,3.0,Низкая,база спроса ≈1 шт/мес (история 7 мес.); прогноз след. месяц ≈1 шт; остаток 3 + в пути 0,5.0
Systeme Electric,300200736_,К108 Рамка 2-ная ATLAS ПЕСОЧНЫЙ ATN1202 (5),222.0,0.0,91.8,0.0,2.42,Низкая,база спроса ≈88 шт/мес (история 32 мес.); сезонность ×0.90; рост спроса ×1.16; прогноз след. месяц ≈92 шт; остаток 222 + в пути 0,5.0
Systeme Electric,300200737_,К109 Рамка 3-ная ATLAS ПЕСОЧНЫЙ ATN1203 (5),77.0,0.0,38.5,0.0,2.0,Низкая,база спроса ≈39 шт/мес (история 31 мес.); сезонность ×0.97; рост спроса ×1.01; исключено разовых крупных заказов: 1; прогноз след. месяц ≈38 шт; остаток 77 + в пути 0,5.0
Systeme Electric,300200738_,К110 Рамка 4-ная ATLAS ПЕСОЧНЫЙ ATN1204 (5),16.0,0.0,7.4,0.0,2.16,Низкая,база спроса ≈16 шт/мес (история 31 мес.); сезонность ×0.69; снижение спроса ×0.67; прогноз след. месяц ≈7 шт; остаток 16 + в пути 0,5.0
Systeme Electric,300200739_,К111 Рамка 5-ная ATLAS ПЕСОЧНЫЙ ATN1205 (5),12.0,0.0,1.5,0.0,8.0,Низкая,база спроса ≈2 шт/мес (история 25 мес.); сезонность ×0.75; рост спроса ×1.21; прогноз след. месяц ≈2 шт; остаток 12 + в пути 0,5.0
Systeme Electric,300200740_,К112 Переключ. 2 кл 10А с/у б/рамки ATLAS ПЕСОЧНЫЙ ATN1265 (5),42.0,0.0,6.3,0.0,6.67,Низкая,база спроса ≈14 шт/мес (история 31 мес.); сезонность ×0.50; снижение спроса ×0.89; прогноз след. месяц ≈6 шт; остаток 42 + в пути 0,5.0
Systeme Electric,300200741_,К113 Выкл 1-кл сх.1 10АХ механизм ПЕСОЧНЫЙ ATLAS ATN1211 (5),131.0,0.0,59.1,0.0,2.22,Низкая,база спроса ≈52 шт/мес (история 30 мес.); сезонность ×1.17; снижение спроса ×0.98; прогноз след. месяц ≈59 шт; остаток 131 + в пути 0,5.0
Systeme Electric,300200745_,К114 Роз. 2-я з/к о/у IP54 16А Atlas Profi 54 БЕЛЫЙ ATN540126 (6),181.0,120.0,63.7,0.0,2.84,Низкая,база спроса ≈84 шт/мес (история 32 мес.); сезонность ×1.46; снижение спроса ×0.52; исключено разовых крупных заказов: 2; прогноз след. месяц ≈64 шт; остаток 181 + в пути 120,6.0
Systeme Electric,300200746_,К115 Перекл 1-кл о/у IP54 Atlas Profi 54 БЕЛЫЙ ATN540161 (12),275.0,0.0,69.0,0.0,3.99,Низкая,база спроса ≈76 шт/мес (история 32 мес.); сезонность ×0.79; рост спроса ×1.14; исключено разовых крупных заказов: 1; прогноз след. месяц ≈69 шт; остаток 275 + в пути 0,12.0
Systeme Electric,300200747_,"К116 Роз,Выкл.2-кл з/к з/ш о/у IP54 16А Atlas Profi 54 БЕЛЫЙ ATN540174 (6)",24.0,0.0,3.7,0.0,6.49,Низкая,база спроса ≈1 шт/мес (история 19 мес.); сезонность ×4.00; снижение спроса ×0.92; прогноз след. месяц ≈4 шт; остаток 24 + в пути 0,6.0
Systeme Electric,300200750_,К119 Выкл 2-кл о/у IP54 Atlas Profi 54 АНТРАЦИТ ATN544051 (12),53.0,0.0,24.3,0.0,2.18,Низкая,база спроса ≈18 шт/мес (история 32 мес.); сезонность ×1.32; снижение спроса ×0.99; исключено разовых крупных заказов: 3; прогноз след. месяц ≈24 шт; остаток 53 + в пути 0,12.0
Systeme Electric,300200753_,К122 Перекл 1-кл о/у IP54 Atlas Profi 54 АНТРАЦИТ ATN544061 (12),93.0,0.0,28.6,0.0,3.25,Низкая,база спроса ≈13 шт/мес (история 32 мес.); сезонность ×1.71; рост спроса ×1.30; исключено разовых крупных заказов: 1; прогноз след. месяц ≈29 шт; остаток 93 + в пути 0,12.0
Systeme Electric,300200772_,"K0777 Перекрест. перекл. 2 кл 10А с/у б/рамки мех. ""ATLAS"" КАРБОН ATN1073   (5) NEW",180.0,0.0,13.9,0.0,12.95,Низкая,база спроса ≈9 шт/мес (история 28 мес.); сезонность ×1.22; рост спроса ×1.31; исключено разовых крупных заказов: 1; прогноз след. месяц ≈14 шт; остаток 180 + в пути 0,5.0
Systeme Electric,300200774_,"А3933 Перекрест. переключ. 2 кл 10А с/у б/рамки ""ATLAS"" алюминий ATN373 (5) NEW",74.0,0.0,1.0,0.0,74.0,Низкая,база спроса ≈1 шт/мес (история 10 мес.); прогноз след. месяц ≈1 шт; остаток 74 + в пути 0,5.0
Systeme Electric,300200776_,"K0588 Роз. без з/к без з/ш б/рамки 16А ""ATLAS"" ГРИФЕЛЬ ATN741   (10) NEW",154.0,0.0,30.6,0.0,5.03,Низкая,база спроса ≈3 шт/мес (история 13 мес.); сезонность ×4.88; рост спроса ×2.00; прогноз след. месяц ≈31 шт; остаток 154 + в пути 0,10.0
Systeme Electric,300200777_,"К0944 Выкл. 2 кл 10А б/рамки ""ATLAS"" ПЕСОЧНЫЙ ATN1251 (5) NEW",111.0,0.0,24.5,0.0,4.53,Низкая,база спроса ≈40 шт/мес (история 28 мес.); сезонность ×0.74; снижение спроса ×0.82; прогноз след. месяц ≈24 шт; остаток 111 + в пути 0,5.0
Systeme Electric,300200778_,"К1044 Роз. без з/к без с/ш 16А б/рамки ""ATLAS"" ПЕСОЧНЫЙ ATN1241 (5) NEW",97.0,0.0,8.9,0.0,10.9,Низкая,база спроса ≈19 шт/мес (история 21 мес.); сезонность ×0.91; снижение спроса ×0.52; прогноз след. месяц ≈9 шт; остаток 97 + в пути 0,5.0
Systeme Electric,300200779_,"K093 Роз. AQUA с з/к с ш/т 16А с крышкой IP44 механизам ""ATLAS"" КАРБОН ATN441046 (10) NEW",84.0,0.0,23.4,0.0,3.59,Низкая,база спроса ≈22 шт/мес (история 28 мес.); сезонность ×1.37; снижение спроса ×0.76; исключено разовых крупных заказов: 2; прогноз след. месяц ≈23 шт; остаток 84 + в пути 0,10.0
Systeme Electric,300200781_,"K091 Выкл. AQUA 2 кл IP44 мех. ""ATLAS"" КАРБОН ATN441051   (5) NEW",19.0,0.0,3.0,0.0,6.33,Низкая,база спроса ≈2 шт/мес (история 9 мес.); рост спроса ×2.00; прогноз след. месяц ≈3 шт; остаток 19 + в пути 0,5.0
Systeme Electric,300200782_,"K094 Рамка 1-ная AQUA IP44 ""ATLAS"" КАРБОН ATN441001     (10) NEW",192.0,0.0,10.0,0.0,19.2,Низкая,база спроса ≈5 шт/мес (история 21 мес.); сезонность ×4.00; снижение спроса ×0.50; прогноз след. месяц ≈10 шт; остаток 192 + в пути 0,10.0
Systeme Electric,300200783_,"K095 Рамка 2-ная AQUA IP44 ""ATLAS"" КАРБОН ATN441002     (5) NEW",23.0,0.0,10.0,0.0,2.3,Низкая,база спроса ≈3 шт/мес (история 18 мес.); сезонность ×2.17; рост спроса ×1.37; прогноз след. месяц ≈10 шт; остаток 23 + в пути 0,5.0
Systeme Electric,300200785_,"G002 Выкл. 1 кл 10А ""ARTGALLERY"" алюминий GAL0311 (10)",166.0,0.0,5.0,0.0,33.2,Низкая,база спроса ≈5 шт/мес (история 22 мес.); сезонность ×1.22; снижение спроса ×0.87; прогноз след. месяц ≈5 шт; остаток 166 + в пути 0,10.0
Systeme Electric,300200786_,"G003 Выкл. 1 кл с инд 10А механизм ""ARTGALLERY"" алюминий GAL0313 (10)",164.0,0.0,0.0,0.0,99.0,Низкая,база спроса ≈0 шт/мес (история 4 мес.); прогноз след. месяц ≈0 шт; остаток 164 + в пути 0,10.0
Systeme Electric,300200787_,"G004 Выкл. 2 кл 10А механизм ""ARTGALLERY"" алюминий GAL0351 (10)",164.0,0.0,15.0,0.0,10.93,Низкая,база спроса ≈7 шт/мес (история 16 мес.); сезонность ×1.07; рост спроса ×2.00; прогноз след. месяц ≈15 шт; остаток 164 + в пути 0,10.0
Systeme Electric,300200788_,"G005 Выкл. 2 кл с инд 10А механизм ""ARTGALLERY"" алюминий GAL0353 (10)",142.0,0.0,1.5,0.0,94.67,Низкая,база спроса ≈3 шт/мес (история 9 мес.); снижение спроса ×0.50; прогноз след. месяц ≈2 шт; остаток 142 + в пути 0,10.0
Systeme Electric,300200789_,"G006 Роз. комп. RJ45 6A механизм ""ARTGALLERY"" алюминий GAL0386 (5)",49.0,0.0,3.3,0.0,14.85,Низкая,база спроса ≈5 шт/мес (история 13 мес.); сезонность ×0.81; снижение спроса ×0.85; прогноз след. месяц ≈3 шт; остаток 49 + в пути 0,5.0
Systeme Electric,300200790_,"G007 Переключ. 1 кл механизм ""ARTGALLERY"" алюминий GAL0361 (10)",42.0,0.0,5.8,0.0,7.24,Низкая,база спроса ≈7 шт/мес (история 16 мес.); сезонность ×0.62; рост спроса ×1.40; прогноз след. месяц ≈6 шт; остаток 42 + в пути 0,10.0
Systeme Electric,300200791_,"G008 Перекрест. переключ. 1 кл ""ARTGALLERY"" алюминий GAL0371 (5)",91.0,0.0,0.5,0.0,182.0,Низкая,база спроса ≈1 шт/мес (история 10 мес.); снижение спроса ×0.50; прогноз след. месяц ≈0 шт; остаток 91 + в пути 0,5.0
Systeme Electric,300200793_,"G010 Роз. с з/к с/ш 16A механизм ""ARTGALLERY"" алюминий GAL0345 (10)",100.0,0.0,3.0,0.0,33.33,Низкая,база спроса ≈6 шт/мес (история 6 мес.); снижение спроса ×0.50; прогноз след. месяц ≈3 шт; остаток 100 + в пути 0,10.0
Systeme Electric,300200794_,"G011 Роз. TV оконечная механизм ""ARTGALLERY"" алюминий GAL0391 (5)",101.0,0.0,1.0,0.0,101.0,Низкая,база спроса ≈2 шт/мес (история 10 мес.); снижение спроса ×0.50; прогноз след. месяц ≈1 шт; остаток 101 + в пути 0,5.0
Systeme Electric,300200795_,"G012 Рамка 1-ная ""ARTGALLERY"" алюминий GAL0301 (20)",233.0,0.0,41.0,0.0,5.68,Низкая,база спроса ≈15 шт/мес (история 21 мес.); сезонность ×1.38; рост спроса ×2.00; прогноз след. месяц ≈41 шт; остаток 233 + в пути 0,20.0
Systeme Electric,300200796_,"G013 Рамка 2-ная ""ARTGALLERY"" алюминий GAL0302 (10)",129.0,0.0,11.4,0.0,11.32,Низкая,база спроса ≈16 шт/мес (история 16 мес.); сезонность ×0.71; рост спроса ×1.03; прогноз след. месяц ≈11 шт; остаток 129 + в пути 0,10.0
Systeme Electric,300200797_,"G014 Рамка 3-ная ""ARTGALLERY"" алюминий GAL0303 (5)",102.0,0.0,9.6,0.0,10.62,Низкая,база спроса ≈5 шт/мес (история 19 мес.); сезонность ×2.10; снижение спроса ×0.92; прогноз след. месяц ≈10 шт; остаток 102 + в пути 0,5.0
Systeme Electric,300200798_,"G015 Рамка 4-ная ""ARTGALLERY"" алюминий GAL0304 (5)",74.0,0.0,4.1,0.0,18.05,Низкая,база спроса ≈4 шт/мес (история 13 мес.); сезонность ×1.00; рост спроса ×1.02; прогноз след. месяц ≈4 шт; остаток 74 + в пути 0,5.0
Systeme Electric,300200799_,"G016 Рамка 5-ная ""ARTGALLERY"" алюминий GAL0305 (5)",121.0,0.0,0.5,0.0,242.0,Низкая,база спроса ≈1 шт/мес (история 8 мес.); снижение спроса ×0.50; прогноз след. месяц ≈0 шт; остаток 121 + в пути 0,5.0
Systeme Electric,300200800_,"G017 Переключ. 2 кл механизм ""ARTGALLERY"" алюминий GAL0365 (10)",88.0,0.0,4.1,0.0,21.46,Низкая,база спроса ≈5 шт/мес (история 12 мес.); сезонность ×0.85; снижение спроса ×0.89; прогноз след. месяц ≈4 шт; остаток 88 + в пути 0,10.0
Systeme Electric,300200801_,"G018 Рамка 1-ная IP44 ""ARTGALLERY"" алюминий GAL440301 (10)",49.0,0.0,1.6,0.0,30.62,Низкая,база спроса ≈6 шт/мес (история 12 мес.); сезонность ×0.25; прогноз след. месяц ≈2 шт; остаток 49 + в пути 0,10.0
Systeme Electric,300200802_,"G019 Рамка 2-ная IP44 ""ARTGALLERY"" алюминий GAL440302 (5)",117.0,0.0,10.0,0.0,11.7,Низкая,база спроса ≈10 шт/мес (история 5 мес.); прогноз след. месяц ≈10 шт; остаток 117 + в пути 0,5.0
Systeme Electric,300200803_,"G020 Роз. с з/к с/ш с крышкой 16A механизм IP44 ""ARTGALLERY"" алюминий GAL440346 (10)",72.0,0.0,5.5,0.0,13.09,Низкая,база спроса ≈4 шт/мес (история 16 мес.); сезонность ×1.22; прогноз след. месяц ≈6 шт; остаток 72 + в пути 0,10.0
Systeme Electric,300200804_,"G021 Выкл. 1 кл кнопочный 10А механизм ""ARTGALLERY"" алюминий GAL0315 (5)",59.0,0.0,3.5,0.0,16.86,Низкая,база спроса ≈4 шт/мес (история 5 мес.); прогноз след. месяц ≈4 шт; остаток 59 + в пути 0,5.0
Systeme Electric,300200805_,"G022 Вывод кабеля механизм ""ARTGALLERY"" алюминий GAL0399 (5)",49.0,0.0,2.0,0.0,24.5,Низкая,база спроса ≈4 шт/мес (история 7 мес.); снижение спроса ×0.50; прогноз след. месяц ≈2 шт; остаток 49 + в пути 0,5.0
Systeme Electric,300200806_,"G023 Роз. 2-ная TV комп. RJ45 5Е ""ARTGALLERY"" алюминий GAL0389 (5)",60.0,0.0,0.8,0.0,75.0,Низкая,база спроса ≈2 шт/мес (история 7 мес.); снижение спроса ×0.50; прогноз след. месяц ≈1 шт; остаток 60 + в пути 0,5.0
Systeme Electric,300200807_,"G024 Роз. USB A+C 45Вт высокоскор.заряд., механизм ""ARTGALLERY"" алюминий GAL0329 (1)",10.0,0.0,3.0,0.0,3.33,Низкая,база спроса ≈3 шт/мес (история 3 мес.); прогноз след. месяц ≈3 шт; остаток 10 + в пути 0,1.0
Systeme Electric,300200808_,"G025 Диммер поворотно-нажимной механизм 400Вт ""ARTGALLERY"" алюминий GAL0323 (1)",14.0,0.0,1.0,0.0,14.0,Низкая,база спроса ≈1 шт/мес (история 3 мес.); прогноз след. месяц ≈1 шт; остаток 14 + в пути 0,1.0
Systeme Electric,300200809_,"G026 Роз. с з/к с/ш LED 16A механизм IP20 ""ARTGALLERY"" алюминий GAL0346 (10)",34.0,0.0,1.5,0.0,22.67,Низкая,база спроса ≈2 шт/мес (история 4 мес.); прогноз след. месяц ≈2 шт; остаток 34 + в пути 0,10.0
Systeme Electric,300200811_,"G028 Роз. с з/к с/ш механизм ""ARTGALLERY"" шампань GAL0545 (10)",125.0,0.0,17.6,0.0,7.1,Низкая,база спроса ≈13 шт/мес (история 13 мес.); сезонность ×1.00; рост спроса ×1.35; прогноз след. месяц ≈18 шт; остаток 125 + в пути 0,10.0
Systeme Electric,300200813_,"G030 Выкл. 1 кл с инд 10А механизм ""ARTGALLERY"" шампань GAL0513 (10)",158.0,0.0,2.8,0.0,56.43,Низкая,база спроса ≈6 шт/мес (история 9 мес.); снижение спроса ×0.50; прогноз след. месяц ≈3 шт; остаток 158 + в пути 0,10.0
Systeme Electric,300200814_,"G031 Выкл. 2 кл 10А механизм ""ARTGALLERY"" шампань GAL0551 (10)",62.0,0.0,11.5,0.0,5.39,Низкая,база спроса ≈28 шт/мес (история 25 мес.); сезонность ×0.58; снижение спроса ×0.70; прогноз след. месяц ≈12 шт; остаток 62 + в пути 0,10.0
Systeme Electric,300200815_,"G032 Выкл. 2 кл с инд 10А механизм ""ARTGALLERY"" шампань GAL0553 (10)",102.0,0.0,1.0,0.0,102.0,Низкая,база спроса ≈2 шт/мес (история 9 мес.); снижение спроса ×0.50; прогноз след. месяц ≈1 шт; остаток 102 + в пути 0,10.0
Systeme Electric,300200816_,"G033 Роз. комп. RJ45, 6A механизм ""ARTGALLERY"" шампань GAL0586 (5)",61.0,0.0,15.3,0.0,3.99,Низкая,база спроса ≈5 шт/мес (история 23 мес.); сезонность ×3.60; снижение спроса ×0.85; исключено разовых крупных заказов: 1; прогноз след. месяц ≈15 шт; остаток 61 + в пути 0,5.0
Systeme Electric,300200817_,"G034 Переключ. 1 кл механизм ""ARTGALLERY"" шампань GAL0561 (10)",73.0,0.0,30.9,0.0,2.36,Низкая,база спроса ≈13 шт/мес (история 20 мес.); сезонность ×2.08; рост спроса ×1.18; прогноз след. месяц ≈31 шт; остаток 73 + в пути 0,10.0
Systeme Electric,300200818_,"G035 Перекрест. переключ. 1 кл ""ARTGALLERY"" шампань GAL0571 (5)",78.0,0.0,13.8,0.0,5.65,Низкая,база спроса ≈3 шт/мес (история 16 мес.); сезонность ×5.33; снижение спроса ×0.86; прогноз след. месяц ≈14 шт; остаток 78 + в пути 0,5.0
Systeme Electric,300200819_,"G036 Роз. 2-ная комп. RJ45+RJ45 6A механизм ""ARTGALLERY"" шампань GAL0588 (1)",10.0,0.0,3.3,0.0,3.03,Низкая,база спроса ≈5 шт/мес (история 8 мес.); снижение спроса ×0.65; прогноз след. месяц ≈3 шт; остаток 10 + в пути 0,1.0
Systeme Electric,300200820_,"G037 Роз. TV оконечная 1DB механизм ""ARTGALLERY"" шампань GAL0591 (5)",43.0,0.0,5.8,0.0,7.41,Низкая,база спроса ≈3 шт/мес (история 16 мес.); сезонность ×3.43; снижение спроса ×0.50; прогноз след. месяц ≈6 шт; остаток 43 + в пути 0,5.0
Systeme Electric,300200822_,"G039 Рамка 2-ная ""ARTGALLERY"" шампань GAL0502 (10)",131.0,60.0,60.6,0.0,2.16,Низкая,база спроса ≈68 шт/мес (история 25 мес.); сезонность ×0.75; рост спроса ×1.18; прогноз след. месяц ≈61 шт; остаток 131 + в пути 60,10.0
Systeme Electric,300200824_,"G041 Рамка 4-ная ""ARTGALLERY"" шампань GAL0504 (5)",18.0,0.0,1.7,0.0,10.59,Низкая,база спроса ≈10 шт/мес (история 24 мес.); сезонность ×0.10; рост спроса ×1.73; исключено разовых крупных заказов: 1; прогноз след. месяц ≈2 шт; остаток 18 + в пути 0,5.0
Systeme Electric,300200825_,"G042 Рамка 5-ная ""ARTGALLERY"" шампань GAL0505 (5)",69.0,0.0,21.6,0.0,3.19,Низкая,база спроса ≈2 шт/мес (история 19 мес.); сезонность ×6.00; рост спроса ×1.80; прогноз след. месяц ≈22 шт; остаток 69 + в пути 0,5.0
Systeme Electric,300200826_,"G043 Переключ. 2 кл механизм ""ARTGALLERY"" шампань GAL0565 (10)",36.0,0.0,5.6,0.0,6.43,Низкая,база спроса ≈8 шт/мес (история 23 мес.); сезонность ×0.71; прогноз след. месяц ≈6 шт; остаток 36 + в пути 0,10.0
Systeme Electric,300200827_,"G044 Выкл. 1 кл кнопочный 10А механизм ""ARTGALLERY"" шампань GAL0515 (5)",48.0,0.0,1.0,0.0,48.0,Низкая,база спроса ≈2 шт/мес (история 7 мес.); снижение спроса ×0.50; прогноз след. месяц ≈1 шт; остаток 48 + в пути 0,5.0
Systeme Electric,300200828_,"G045 Вывод кабеля механизм ""ARTGALLERY"" шампань GAL0599 (5)",30.0,0.0,6.8,0.0,4.41,Низкая,база спроса ≈5 шт/мес (история 15 мес.); сезонность ×1.20; рост спроса ×1.10; прогноз след. месяц ≈7 шт; остаток 30 + в пути 0,5.0
Systeme Electric,300200829_,"G046 Роз. 2-ная TV комп. RJ45 5Е ""ARTGALLERY"" шампань GAL0589 (5)",178.0,0.0,0.0,0.0,99.0,Низкая,база спроса ≈-10 шт/мес (история 6 мес.); снижение спроса ×0.50; прогноз след. месяц ≈0 шт; остаток 178 + в пути 0,5.0
Systeme Electric,300200832_,"G049 Роз. с з/к с/ш с крышкой 16А механизм IP20 ""ARTGALLERY"" шампань GAL0546 (10)",81.0,0.0,21.7,0.0,3.73,Низкая,база спроса ≈5 шт/мес (история 19 мес.); сезонность ×3.29; рост спроса ×1.35; прогноз след. месяц ≈22 шт; остаток 81 + в пути 0,10.0
Systeme Electric,300200833_,"G050 Выкл. 1 кл 10А ""ARTGALLERY"" лотос GAL1311 (5)",703.0,0.0,37.9,0.0,18.55,Низкая,база спроса ≈17 шт/мес (история 23 мес.); сезонность ×3.05; снижение спроса ×0.75; прогноз след. месяц ≈38 шт; остаток 703 + в пути 0,5.0
Systeme Electric,300200834_,"G051 Выкл. 1 кл с инд 10А механизм ""ARTGALLERY"" лотос GAL1313 (5)",100.0,0.0,2.7,0.0,37.04,Низкая,база спроса ≈2 шт/мес (история 15 мес.); сезонность ×2.17; снижение спроса ×0.50; прогноз след. месяц ≈3 шт; остаток 100 + в пути 0,5.0
Systeme Electric,300200835_,"G052 Выкл. 2 кл 10А механизм ""ARTGALLERY"" лотос GAL1351 (5)",154.0,0.0,4.6,0.0,33.48,Низкая,база спроса ≈14 шт/мес (история 23 мес.); сезонность ×0.42; снижение спроса ×0.79; прогноз след. месяц ≈5 шт; остаток 154 + в пути 0,5.0
Systeme Electric,300200836_,"G053 Выкл. 2 кл с инд 10А механизм ""ARTGALLERY"" лотос GAL1353 (5)",103.0,0.0,6.2,0.0,16.61,Низкая,база спроса ≈3 шт/мес (история 14 мес.); сезонность ×2.70; снижение спроса ×0.70; прогноз след. месяц ≈6 шт; остаток 103 + в пути 0,5.0
Systeme Electric,300200837_,"G054 Диммер поворотно-нажимной механизм 400Вт ""ARTGALLERY"" лотос GAL1323 (1)",5.0,0.0,1.5,0.0,3.33,Низкая,база спроса ≈2 шт/мес (история 2 мес.); прогноз след. месяц ≈2 шт; остаток 5 + в пути 0,1.0
Systeme Electric,300200838_,"G055 Роз. комп. RJ45 6A механизм ""ARTGALLERY"" лотос GAL1386 (5)",33.0,0.0,1.9,0.0,17.37,Низкая,база спроса ≈2 шт/мес (история 21 мес.); сезонность ×1.00; снижение спроса ×0.82; исключено разовых крупных заказов: 1; прогноз след. месяц ≈2 шт; остаток 33 + в пути 0,5.0
Systeme Electric,300200839_,"G056 Переключ. 1 кл механизм ""ARTGALLERY"" лотос GAL1361 (5)",97.0,0.0,4.0,0.0,24.25,Низкая,база спроса ≈7 шт/мес (история 21 мес.); сезонность ×0.69; снижение спроса ×0.88; прогноз след. месяц ≈4 шт; остаток 97 + в пути 0,5.0
Systeme Electric,300200840_,"G057 Перекрест. переключ. 1 кл ""ARTGALLERY"" лотос GAL1371 (5)",153.0,0.0,20.0,0.0,7.65,Низкая,база спроса ≈2 шт/мес (история 16 мес.); сезонность ×5.00; рост спроса ×2.00; прогноз след. месяц ≈20 шт; остаток 153 + в пути 0,5.0
Systeme Electric,300200841_,"G058 Роз. 2-ная комп. RJ45+RJ45 6A механизм ""ARTGALLERY"" лотос GAL1388 (1)",24.0,0.0,2.8,0.0,8.57,Низкая,база спроса ≈4 шт/мес (история 8 мес.); снижение спроса ×0.69; прогноз след. месяц ≈3 шт; остаток 24 + в пути 0,1.0
Systeme Electric,300200842_,"G059 Роз. с з/к 16А механизм ""ARTGALLERY"" лотос GAL1343 (5)",639.0,0.0,67.3,0.0,9.49,Низкая,база спроса ≈111 шт/мес (история 24 мес.); сезонность ×0.62; снижение спроса ×0.97; прогноз след. месяц ≈67 шт; остаток 639 + в пути 0,5.0
Systeme Electric,300200843_,"G060 Роз. с з/к с/ш 16А механизм ""ARTGALLERY"" лотос GAL1345 (5)",386.0,0.0,0.0,0.0,99.0,Низкая,база спроса ≈23 шт/мес (история 17 мес.); сезонность ×-0.30; рост спроса ×2.00; прогноз след. месяц ≈0 шт; остаток 386 + в пути 0,5.0
Systeme Electric,300200844_,"G061 Роз. с з/к с/ш с крышкой 16А механизм IP20 ""ARTGALLERY"" лотос GAL1346 (5)",68.0,0.0,7.2,0.0,9.44,Низкая,база спроса ≈4 шт/мес (история 19 мес.); сезонность ×2.30; снижение спроса ×0.74; прогноз след. месяц ≈7 шт; остаток 68 + в пути 0,5.0
Systeme Electric,300200845_,"G062 Роз. TV оконечная механизм ""ARTGALLERY"" лотос GAL1391 (5)",205.0,0.0,5.5,0.0,37.27,Низкая,база спроса ≈1 шт/мес (история 14 мес.); сезонность ×5.33; прогноз след. месяц ≈6 шт; остаток 205 + в пути 0,5.0
Systeme Electric,300200846_,"G063 Рамка 1-ная ""ARTGALLERY"" лотос GAL1301 (10)",1256.0,0.0,146.0,0.0,8.6,Низкая,база спроса ≈72 шт/мес (история 24 мес.); сезонность ×2.33; снижение спроса ×0.87; прогноз след. месяц ≈146 шт; остаток 1256 + в пути 0,10.0
Systeme Electric,300200847_,"G064 Рамка 2-ная ""ARTGALLERY"" лотос GAL1302 (5)",510.0,0.0,29.1,0.0,17.53,Низкая,база спроса ≈33 шт/мес (история 23 мес.); сезонность ×1.24; снижение спроса ×0.71; прогноз след. месяц ≈29 шт; остаток 510 + в пути 0,5.0
Systeme Electric,300200848_,"G065 Рамка 3-ная ""ARTGALLERY"" лотос GAL1303 (5)",292.0,0.0,7.4,0.0,39.46,Низкая,база спроса ≈9 шт/мес (история 24 мес.); сезонность ×1.72; снижение спроса ×0.50; прогноз след. месяц ≈7 шт; остаток 292 + в пути 0,5.0
Systeme Electric,300200849_,"G066 Рамка 4-ная ""ARTGALLERY"" лотос GAL1304 (5)",104.0,0.0,9.0,0.0,11.56,Низкая,база спроса ≈3 шт/мес (история 22 мес.); сезонность ×5.27; снижение спроса ×0.50; прогноз след. месяц ≈9 шт; остаток 104 + в пути 0,5.0
Systeme Electric,300200850_,"G067 Рамка 5-ная ""ARTGALLERY"" лотос GAL1305 (5)",150.0,0.0,6.5,0.0,23.08,Низкая,база спроса ≈2 шт/мес (история 16 мес.); сезонность ×2.60; прогноз след. месяц ≈6 шт; остаток 150 + в пути 0,5.0
Systeme Electric,300200851_,"G068 Переключ. 2 кл механизм ""ARTGALLERY"" лотос GAL1365 (5)",10.0,0.0,2.1,0.0,4.76,Низкая,база спроса ≈5 шт/мес (история 18 мес.); сезонность ×0.25; рост спроса ×1.60; прогноз след. месяц ≈2 шт; остаток 10 + в пути 0,5.0
Systeme Electric,300200852_,"G069 Выкл. 1 кл кнопочный 10А механизм ""ARTGALLERY"" лотос GAL1315 (5)",96.0,0.0,2.8,0.0,34.29,Низкая,база спроса ≈3 шт/мес (история 13 мес.); сезонность ×0.83; рост спроса ×1.12; прогноз след. месяц ≈3 шт; остаток 96 + в пути 0,5.0
Systeme Electric,300200853_,"G070 Вывод кабеля механизм ""ARTGALLERY"" лотос GAL1399 (5)",16.0,0.0,6.0,0.0,2.67,Низкая,база спроса ≈4 шт/мес (история 16 мес.); сезонность ×0.67; рост спроса ×2.00; прогноз след. месяц ≈6 шт; остаток 16 + в пути 0,5.0
Systeme Electric,300200854_,"G071 Роз. 2-ная TV комп. RJ45 5Е ""ARTGALLERY"" лотос GAL1389 (5)",119.0,0.0,2.2,0.0,54.09,Низкая,база спроса ≈1 шт/мес (история 12 мес.); сезонность ×3.75; снижение спроса ×0.50; прогноз след. месяц ≈2 шт; остаток 119 + в пути 0,5.0
Systeme Electric,300200856_,"G073 Роз. с з/к 16А механизм ""ARTGALLERY"" карбон GAL1043 (5)",364.0,0.0,176.5,0.0,2.06,Низкая,база спроса ≈122 шт/мес (история 25 мес.); сезонность ×0.85; рост спроса ×1.71; прогноз след. месяц ≈176 шт; остаток 364 + в пути 0,5.0
Systeme Electric,300200858_,"G075 Выкл. 1 кл с инд 10А механизм ""ARTGALLERY"" карбон GAL1013 (5)",98.0,0.0,20.1,0.0,4.88,Низкая,база спроса ≈4 шт/мес (история 15 мес.); сезонность ×2.88; рост спроса ×2.00; прогноз след. месяц ≈20 шт; остаток 98 + в пути 0,5.0
Systeme Electric,300200859_,"G076 Выкл. 2 кл 10А механизм ""ARTGALLERY"" карбон GAL1051 (5)",140.0,0.0,56.7,0.0,2.47,Низкая,база спроса ≈30 шт/мес (история 25 мес.); сезонность ×1.26; рост спроса ×1.51; исключено разовых крупных заказов: 2; прогноз след. месяц ≈57 шт; остаток 140 + в пути 0,5.0
Systeme Electric,300200860_,"G077 Выкл. 2 кл с инд 10А механизм ""ARTGALLERY"" карбон GAL1053 (5)",122.0,0.0,15.5,0.0,7.87,Низкая,база спроса ≈8 шт/мес (история 14 мес.); сезонность ×1.82; прогноз след. месяц ≈16 шт; остаток 122 + в пути 0,5.0
Systeme Electric,300200861_,"G078 Роз. комп. RJ45 6A механизм ""ARTGALLERY"" карбон GAL1086 (5)",58.0,0.0,14.4,0.0,4.03,Низкая,база спроса ≈10 шт/мес (история 23 мес.); сезонность ×1.47; исключено разовых крупных заказов: 1; прогноз след. месяц ≈14 шт; остаток 58 + в пути 0,5.0
Systeme Electric,300200863_,"G080 Перекрест. переключ. 1 кл ""ARTGALLERY"" карбон GAL1071 (5)",92.0,0.0,2.8,0.0,32.86,Низкая,база спроса ≈5 шт/мес (история 19 мес.); сезонность ×0.75; снижение спроса ×0.71; прогноз след. месяц ≈3 шт; остаток 92 + в пути 0,5.0
Systeme Electric,300200864_,"G081 Роз. 2-ная комп. RJ45+RJ45 6A механизм ""ARTGALLERY"" карбон GAL1088 (1)",45.0,0.0,0.0,0.0,99.0,Низкая,база спроса ≈2 шт/мес (история 12 мес.); сезонность ×0.00; прогноз след. месяц ≈0 шт; остаток 45 + в пути 0,1.0
Systeme Electric,300200865_,"G082 Роз. с з/к с/ш 16А механизм ""ARTGALLERY"" карбон GAL1045 (5)",96.0,0.0,33.3,0.0,2.88,Низкая,база спроса ≈20 шт/мес (история 18 мес.); сезонность ×1.82; снижение спроса ×0.94; продажи скорректированы вверх из-за дефицита на складе; прогноз след. месяц ≈33 шт; остаток 96 + в пути 0,5.0
Systeme Electric,300200866_,"G083 Роз. с з/к с/ш с крышкой 16А механизм IP20 ""ARTGALLERY"" карбон GAL1046 (5)",97.0,0.0,3.9,0.0,24.87,Низкая,база спроса ≈3 шт/мес (история 14 мес.); сезонность ×2.83; снижение спроса ×0.50; прогноз след. месяц ≈4 шт; остаток 97 + в пути 0,5.0
Systeme Electric,300200867_,"G084 Роз. TV оконечная механизм ""ARTGALLERY"" карбон GAL1091 (5)",41.0,0.0,13.5,0.0,3.04,Низкая,база спроса ≈3 шт/мес (история 14 мес.); сезонность ×2.57; рост спроса ×2.00; прогноз след. месяц ≈14 шт; остаток 41 + в пути 0,5.0
Systeme Electric,300200870_,"G087 Рамка 3-ная ""ARTGALLERY"" карбон GAL1003 (5)",71.0,0.0,6.4,0.0,11.09,Низкая,база спроса ≈17 шт/мес (история 24 мес.); сезонность ×0.21; рост спроса ×1.76; исключено разовых крупных заказов: 1; прогноз след. месяц ≈6 шт; остаток 71 + в пути 0,5.0
Systeme Electric,300200871_,"G088 Рамка 4-ная ""ARTGALLERY"" карбон GAL1004 (5)",54.0,0.0,12.9,0.0,4.19,Низкая,база спроса ≈9 шт/мес (история 23 мес.); сезонность ×1.46; исключено разовых крупных заказов: 1; прогноз след. месяц ≈13 шт; остаток 54 + в пути 0,5.0
Systeme Electric,300200872_,"G089 Рамка 5-ная ""ARTGALLERY"" карбон GAL1005 (5)",125.0,0.0,7.6,0.0,16.45,Низкая,база спроса ≈1 шт/мес (история 20 мес.); сезонность ×2.80; рост спроса ×2.00; исключено разовых крупных заказов: 1; прогноз след. месяц ≈8 шт; остаток 125 + в пути 0,5.0
Systeme Electric,300200873_,G090 Переключ. 2 кл механизм карбон GAL1065 (5),39.0,0.0,5.3,0.0,7.36,Низкая,база спроса ≈7 шт/мес (история 25 мес.); сезонность ×0.75; прогноз след. месяц ≈5 шт; остаток 39 + в пути 0,5.0
Systeme Electric,300200874_,"G091 Диммер поворотно-нажимной механизм 400Вт ""ARTGALLERY"" карбон GAL1023 (1)",8.0,0.0,1.0,0.0,8.0,Низкая,база спроса ≈1 шт/мес (история 1 мес.); прогноз след. месяц ≈1 шт; остаток 8 + в пути 0,1.0
Systeme Electric,300200875_,"G092 Роз. с з/к с/ш с крышкой 16А механизм IP44 ""ARTGALLERY"" карбон GAL441046 (5)",73.0,0.0,4.3,0.0,16.98,Низкая,база спроса ≈5 шт/мес (история 17 мес.); сезонность ×0.90; снижение спроса ×0.96; прогноз след. месяц ≈4 шт; остаток 73 + в пути 0,5.0
Systeme Electric,300200876_,"G093 Рамка 1-ная IP44 ""ARTGALLERY"" карбон GAL441001 (5)",145.0,0.0,3.0,0.0,48.33,Низкая,база спроса ≈3 шт/мес (история 5 мес.); прогноз след. месяц ≈3 шт; остаток 145 + в пути 0,5.0
Systeme Electric,300200877_,"G094 Рамка 2-ная IP44 ""ARTGALLERY"" карбон GAL441002 (5)",36.0,0.0,1.0,0.0,36.0,Низкая,база спроса ≈1 шт/мес (история 3 мес.); прогноз след. месяц ≈1 шт; остаток 36 + в пути 0,5.0
Systeme Electric,300200879_,"G096 Вывод кабеля механизм ""ARTGALLERY"" карбон    GAL1099 (5)",56.0,0.0,0.0,0.0,99.0,Низкая,база спроса ≈2 шт/мес (история 21 мес.); сезонность ×0.00; рост спроса ×1.69; прогноз след. месяц ≈0 шт; остаток 56 + в пути 0,5.0
Systeme Electric,300200880_,"G097 Роз. 2-ная TV комп. RJ45 5Е ""ARTGALLERY"" карбон GAL1089 (5)",72.0,0.0,0.0,0.0,99.0,Низкая,база спроса ≈-4 шт/мес (история 10 мес.); прогноз след. месяц ≈0 шт; остаток 72 + в пути 0,5.0
Systeme Electric,300200881_,"G098 Роз. USB A+C 45Вт высокоскор.заряд., механизм ""ARTGALLERY"" карбон GAL1029 (1)",6.0,0.0,2.0,0.0,3.0,Низкая,база спроса ≈2 шт/мес (история 10 мес.); прогноз след. месяц ≈2 шт; остаток 6 + в пути 0,1.0
Systeme Electric,300200883_,"G100 Рамка 2-ная ""ARTGALLERY"" золото GAL1602 (5)",82.0,0.0,2.8,0.0,29.29,Низкая,база спроса ≈9 шт/мес (история 12 мес.); сезонность ×0.61; снижение спроса ×0.50; прогноз след. месяц ≈3 шт; остаток 82 + в пути 0,5.0
Systeme Electric,300200884_,"G101 Рамка 3-ная ""ARTGALLERY"" золото GAL1603 (5)",33.0,0.0,1.5,0.0,22.0,Низкая,база спроса ≈3 шт/мес (история 9 мес.); снижение спроса ×0.50; прогноз след. месяц ≈2 шт; остаток 33 + в пути 0,5.0
Systeme Electric,300200885_,"G102 Рамка 4-ная ""ARTGALLERY"" золото GAL1604 (5)",41.0,0.0,1.0,0.0,41.0,Низкая,база спроса ≈2 шт/мес (история 7 мес.); снижение спроса ×0.50; прогноз след. месяц ≈1 шт; остаток 41 + в пути 0,5.0
Systeme Electric,300200886_,"G103 Рамка 5-ная ""ARTGALLERY"" золото GAL1605 (5)",46.0,0.0,1.0,0.0,46.0,Низкая,база спроса ≈1 шт/мес (история 4 мес.); прогноз след. месяц ≈1 шт; остаток 46 + в пути 0,5.0
Systeme Electric,300200887_,"G104 Роз. с з/к 16А механизм ""ARTGALLERY"" сталь GAL0943 (5)",163.0,0.0,66.9,0.0,2.44,Низкая,база спроса ≈56 шт/мес (история 22 мес.); сезонность ×1.46; снижение спроса ×0.82; прогноз след. месяц ≈67 шт; остаток 163 + в пути 0,5.0
Systeme Electric,300200888_,"G105 Выкл. 1 кл 10А ""ARTGALLERY"" сталь GAL0911 (5)",47.0,0.0,8.9,0.0,5.28,Низкая,база спроса ≈10 шт/мес (история 18 мес.); сезонность ×1.00; снижение спроса ×0.89; прогноз след. месяц ≈9 шт; остаток 47 + в пути 0,5.0
Systeme Electric,300200889_,"G106 Выкл. 1 кл с инд механизм ""ARTGALLERY"" сталь GAL0913 (5)",40.0,0.0,1.0,0.0,40.0,Низкая,база спроса ≈1 шт/мес (история 3 мес.); прогноз след. месяц ≈1 шт; остаток 40 + в пути 0,5.0
Systeme Electric,300200892_,"G109 Роз. комп. RJ45 6A механизм ""ARTGALLERY"" сталь GAL0986 (5)",26.0,0.0,9.4,0.0,2.77,Низкая,база спроса ≈4 шт/мес (история 13 мес.); сезонность ×2.50; снижение спроса ×0.94; прогноз след. месяц ≈9 шт; остаток 26 + в пути 0,5.0
Systeme Electric,300200893_,"G110 Переключ. 1 кл механизм ""ARTGALLERY"" сталь GAL0961 (5)",28.0,0.0,10.3,0.0,2.72,Низкая,база спроса ≈4 шт/мес (история 13 мес.); сезонность ×2.50; рост спроса ×1.03; прогноз след. месяц ≈10 шт; остаток 28 + в пути 0,5.0
Systeme Electric,300200894_,"G111 Перекрест. переключ. 1 кл ""ARTGALLERY"" сталь GAL0971 (5)",18.0,0.0,2.0,0.0,9.0,Низкая,база спроса ≈2 шт/мес (история 5 мес.); прогноз след. месяц ≈2 шт; остаток 18 + в пути 0,5.0
Systeme Electric,300200895_,"G112 Роз. 2-ная комп. RJ45+RJ45 6А механизм ""ARTGALLERY"" сталь GAL0988 (1)",13.0,0.0,6.0,0.0,2.17,Низкая,база спроса ≈6 шт/мес (история 3 мес.); прогноз след. месяц ≈6 шт; остаток 13 + в пути 0,1.0
Systeme Electric,300200896_,"G113 Роз. с з/к с/ш 16А механизм ""ARTGALLERY"" сталь GAL0945 (5)",118.0,0.0,12.0,0.0,9.83,Низкая,база спроса ≈12 шт/мес (история 5 мес.); прогноз след. месяц ≈12 шт; остаток 118 + в пути 0,5.0
Systeme Electric,300200897_,"G114 Роз. TV оконечная механизм ""ARTGALLERY"" сталь GAL0991 (5)",62.0,0.0,3.0,0.0,20.67,Низкая,база спроса ≈3 шт/мес (история 3 мес.); прогноз след. месяц ≈3 шт; остаток 62 + в пути 0,5.0
Systeme Electric,300200898_,"G115 Рамка 1-ная ""ARTGALLERY"" сталь GAL0901 (10)",104.0,0.0,28.9,0.0,3.6,Низкая,база спроса ≈41 шт/мес (история 25 мес.); сезонность ×1.07; снижение спроса ×0.67; прогноз след. месяц ≈29 шт; остаток 104 + в пути 0,10.0
Systeme Electric,300200899_,"G116 Рамка 2-ная ""ARTGALLERY"" сталь GAL0902 (5)",51.0,0.0,7.5,0.0,6.8,Низкая,база спроса ≈17 шт/мес (история 21 мес.); сезонность ×0.85; снижение спроса ×0.52; прогноз след. месяц ≈8 шт; остаток 51 + в пути 0,5.0
Systeme Electric,300200900_,"G117 Рамка 3-ная ""ARTGALLERY"" сталь GAL0903 (5)",43.0,0.0,9.2,0.0,4.67,Низкая,база спроса ≈4 шт/мес (история 18 мес.); сезонность ×3.25; снижение спроса ×0.71; прогноз след. месяц ≈9 шт; остаток 43 + в пути 0,5.0
Systeme Electric,300200902_,"G119 Рамка 5-ная ""ARTGALLERY"" сталь GAL0905 (5)",61.0,0.0,1.0,0.0,61.0,Низкая,база спроса ≈2 шт/мес (история 7 мес.); снижение спроса ×0.50; прогноз след. месяц ≈1 шт; остаток 61 + в пути 0,5.0
Systeme Electric,300200903_,"G120 Переключ. 2 кл механизм ""ARTGALLERY"" сталь GAL0965 (5)",45.0,0.0,1.0,0.0,45.0,Низкая,база спроса ≈2 шт/мес (история 10 мес.); снижение спроса ×0.50; прогноз след. месяц ≈1 шт; остаток 45 + в пути 0,5.0
Systeme Electric,300200904_,"G121 Выкл. 1 кл кнопочный 10А механизм ""ARTGALLERY"" сталь GAL0915 (5)",45.0,0.0,2.0,0.0,22.5,Низкая,база спроса ≈2 шт/мес (история 2 мес.); прогноз след. месяц ≈2 шт; остаток 45 + в пути 0,5.0
Systeme Electric,300200905_,"G122 Вывод кабеля механизм ""ARTGALLERY"" сталь    GAL0999 (5)",35.0,0.0,2.0,0.0,17.5,Низкая,база спроса ≈2 шт/мес (история 4 мес.); прогноз след. месяц ≈2 шт; остаток 35 + в пути 0,5.0
Systeme Electric,300200906_,"G123 Роз. 2-ная TV комп. RJ45 5Е ""ARTGALLERY"" сталь GAL0989 (5)",47.0,0.0,1.0,0.0,47.0,Низкая,база спроса ≈1 шт/мес (история 1 мес.); прогноз след. месяц ≈1 шт; остаток 47 + в пути 0,5.0
Systeme Electric,300200907_,"G124 Роз. USB A+C 45Вт высокоскор.заряд., механизм ""ARTGALLERY"" сталь GAL0929 (1)",12.0,0.0,2.0,0.0,6.0,Низкая,база спроса ≈2 шт/мес (история 3 мес.); прогноз след. месяц ≈2 шт; остаток 12 + в пути 0,1.0
Systeme Electric,300200909_,"G126 Роз. с з/к с/ш с крышкой 16А механизм IP20 ""ARTGALLERY"" сталь GAL0946 (5)",43.0,0.0,2.9,0.0,14.83,Низкая,база спроса ≈2 шт/мес (история 8 мес.); рост спроса ×1.14; прогноз след. месяц ≈3 шт; остаток 43 + в пути 0,5.0
Systeme Electric,300200910_,"G127 Роз. с з/к 16А механизм ""ARTGALLERY"" мокко GAL0643 (10)",202.0,0.0,62.3,0.0,3.24,Низкая,база спроса ≈75 шт/мес (история 25 мес.); сезонность ×1.11; снижение спроса ×0.75; прогноз след. месяц ≈62 шт; остаток 202 + в пути 0,10.0
Systeme Electric,300200911_,"G128 Роз. с з/к с/ш 16А механизм ""ARTGALLERY"" мокко GAL0645 (10)",44.0,0.0,20.0,0.0,2.2,Низкая,база спроса ≈10 шт/мес (история 6 мес.); рост спроса ×2.00; прогноз след. месяц ≈20 шт; остаток 44 + в пути 0,10.0
Systeme Electric,300200913_,"G130 Выкл. 1 кл с инд 10А механизм ""ARTGALLERY"" мокко GAL0613 (10)",99.0,0.0,1.2,0.0,82.5,Низкая,база спроса ≈2 шт/мес (история 9 мес.); снижение спроса ×0.50; прогноз след. месяц ≈1 шт; остаток 99 + в пути 0,10.0
Systeme Electric,300200915_,"G132 Выкл. 2 кл с инд 10А механизм ""ARTGALLERY"" мокко GAL0653 (10)",108.0,0.0,2.8,0.0,38.57,Низкая,база спроса ≈6 шт/мес (история 7 мес.); снижение спроса ×0.50; прогноз след. месяц ≈3 шт; остаток 108 + в пути 0,10.0
Systeme Electric,300200916_,"G133 Роз. комп. RJ45 6A механизм, ""ARTGALLERY"" мокко GAL0686 (5)",30.0,0.0,5.9,0.0,5.08,Низкая,база спроса ≈8 шт/мес (история 16 мес.); сезонность ×0.35; рост спроса ×1.96; прогноз след. месяц ≈6 шт; остаток 30 + в пути 0,5.0
Systeme Electric,300200917_,"G134 Переключ. 1 кл механизм ""ARTGALLERY"" мокко GAL0661 (10)",47.0,0.0,1.7,0.0,27.65,Низкая,база спроса ≈6 шт/мес (история 19 мес.); сезонность ×0.20; рост спроса ×1.42; прогноз след. месяц ≈2 шт; остаток 47 + в пути 0,10.0
Systeme Electric,300200918_,"G135 Перекрест. переключ. 1 кл ""ARTGALLERY"" мокко GAL0671 (5)",64.0,0.0,5.0,0.0,12.8,Низкая,база спроса ≈2 шт/мес (история 11 мес.); рост спроса ×2.00; прогноз след. месяц ≈5 шт; остаток 64 + в пути 0,5.0
Systeme Electric,300200920_,"G137 Роз. TV оконечная механизм ""ARTGALLERY"" мокко GAL0691 (5)",49.0,0.0,5.8,0.0,8.45,Низкая,база спроса ≈2 шт/мес (история 13 мес.); сезонность ×1.75; рост спроса ×2.00; прогноз след. месяц ≈6 шт; остаток 49 + в пути 0,5.0
Systeme Electric,300200921_,"G138 Рамка 1-ная ""ARTGALLERY"" мокко GAL0601 (20)",130.0,0.0,21.9,0.0,5.94,Низкая,база спроса ≈26 шт/мес (история 25 мес.); сезонность ×1.07; снижение спроса ×0.79; прогноз след. месяц ≈22 шт; остаток 130 + в пути 0,20.0
Systeme Electric,300200922_,"G139 Рамка 2-ная ""ARTGALLERY"" мокко GAL0602 (10)",96.0,0.0,44.7,0.0,2.15,Низкая,база спроса ≈19 шт/мес (история 24 мес.); сезонность ×1.16; рост спроса ×2.00; прогноз след. месяц ≈45 шт; остаток 96 + в пути 0,10.0
Systeme Electric,300200923_,"G140 Рамка 3-ная ""ARTGALLERY"" мокко GAL0603 (5)",53.0,0.0,9.7,0.0,5.46,Низкая,база спроса ≈11 шт/мес (история 22 мес.); сезонность ×1.04; снижение спроса ×0.88; прогноз след. месяц ≈10 шт; остаток 53 + в пути 0,5.0
Systeme Electric,300200924_,"G141 Рамка 4-ная ""ARTGALLERY"" мокко GAL0604 (5)",30.0,0.0,13.0,0.0,2.31,Низкая,база спроса ≈4 шт/мес (история 19 мес.); сезонность ×2.00; рост спроса ×1.45; прогноз след. месяц ≈13 шт; остаток 30 + в пути 0,5.0
Systeme Electric,300200925_,"G142 Рамка 5-ная ""ARTGALLERY"" мокко GAL0605 (5)",79.0,0.0,1.0,0.0,79.0,Низкая,база спроса ≈1 шт/мес (история 10 мес.); прогноз след. месяц ≈1 шт; остаток 79 + в пути 0,5.0
Systeme Electric,300200926_,"G143 Переключ. 2 кл механизм ""ARTGALLERY"" мокко GAL0665 (10)",18.0,0.0,1.2,0.0,15.0,Низкая,база спроса ≈9 шт/мес (история 17 мес.); сезонность ×0.14; прогноз след. месяц ≈1 шт; остаток 18 + в пути 0,10.0
Systeme Electric,300200927_,"G144 Выкл. 1 кл кнопочный 10А механизм ""ARTGALLERY"" мокко GAL0615 (5)",18.0,0.0,6.0,0.0,3.0,Низкая,база спроса ≈3 шт/мес (история 7 мес.); рост спроса ×2.00; прогноз след. месяц ≈6 шт; остаток 18 + в пути 0,5.0
Systeme Electric,300200928_,"G145 Вывод кабеля механизм ""ARTGALLERY"" мокко GAL0699 (5)",32.0,0.0,2.8,0.0,11.43,Низкая,база спроса ≈2 шт/мес (история 8 мес.); рост спроса ×1.40; прогноз след. месяц ≈3 шт; остаток 32 + в пути 0,5.0
Systeme Electric,300200929_,"G146 Роз. 2-ная TV комп. RJ45 5Е ""ARTGALLERY"" мокко GAL0689 (5)",43.0,0.0,0.5,0.0,86.0,Низкая,база спроса ≈1 шт/мес (история 7 мес.); снижение спроса ×0.50; прогноз след. месяц ≈0 шт; остаток 43 + в пути 0,5.0
Systeme Electric,300200930_,"G147 Роз. USB A+C 45Вт высокоскор.заряд., механизм ""ARTGALLERY"" мокко GAL0629 (1)",17.0,0.0,6.0,0.0,2.83,Низкая,база спроса ≈6 шт/мес (история 4 мес.); прогноз след. месяц ≈6 шт; остаток 17 + в пути 0,1.0
Systeme Electric,300200932_,"G149 Роз. с з/к с/ш с крышкой 16А механизм IP20 ""ARTGALLERY"" мокко GAL0646 (10)",72.0,0.0,1.0,0.0,72.0,Низкая,база спроса ≈2 шт/мес (история 11 мес.); снижение спроса ×0.50; прогноз след. месяц ≈1 шт; остаток 72 + в пути 0,10.0
Systeme Electric,300200935_,"G152 Выкл. 1 кл с инд 10А механизм ""ARTGALLERY"" базальт GAL1413 (5)",57.0,0.0,13.0,0.0,4.38,Низкая,база спроса ≈6 шт/мес (история 7 мес.); рост спроса ×2.00; прогноз след. месяц ≈13 шт; остаток 57 + в пути 0,5.0
Systeme Electric,300200936_,"G153 Выкл. 2 кл 10А механизм ""ARTGALLERY"" базальт GAL1451 (5)",51.0,0.0,19.0,0.0,2.68,Низкая,база спроса ≈17 шт/мес (история 24 мес.); сезонность ×1.39; снижение спроса ×0.79; прогноз след. месяц ≈19 шт; остаток 51 + в пути 0,5.0
Systeme Electric,300200937_,"G154 Выкл. 2 кл с инд 10А механизм ""ARTGALLERY"" базальт GAL1453 (5)",69.0,0.0,16.2,0.0,4.26,Низкая,база спроса ≈10 шт/мес (история 6 мес.); рост спроса ×1.55; прогноз след. месяц ≈16 шт; остаток 69 + в пути 0,5.0
Systeme Electric,300200938_,"G155 Роз. комп. RJ45 6A механизм ""ARTGALLERY"" базальт GAL1486 (5)",70.0,0.0,6.8,0.0,10.29,Низкая,база спроса ≈5 шт/мес (история 17 мес.); сезонность ×1.00; рост спроса ×1.37; прогноз след. месяц ≈7 шт; остаток 70 + в пути 0,5.0
Systeme Electric,300200939_,"G156 Переключ. 1 кл механизм ""ARTGALLERY"" базальт GAL1461 (5)",35.0,0.0,13.5,0.0,2.59,Низкая,база спроса ≈9 шт/мес (история 19 мес.); сезонность ×1.28; рост спроса ×1.17; прогноз след. месяц ≈14 шт; остаток 35 + в пути 0,5.0
Systeme Electric,300200940_,"G157 Перекрест. переключ. 1 кл ""ARTGALLERY"" базальт GAL1471 (5)",24.0,0.0,5.0,0.0,4.8,Низкая,база спроса ≈2 шт/мес (история 11 мес.); рост спроса ×2.00; прогноз след. месяц ≈5 шт; остаток 24 + в пути 0,5.0
Systeme Electric,300200942_,"G159 Роз. с з/к с/ш 16А механизм ""ARTGALLERY"" базальт GAL1445 (5)",77.0,0.0,9.7,0.0,7.94,Низкая,база спроса ≈40 шт/мес (история 14 мес.); сезонность ×0.22; рост спроса ×1.07; прогноз след. месяц ≈10 шт; остаток 77 + в пути 0,5.0
Systeme Electric,300200944_,"G161 Роз. TV оконечная 1DB механизм ""ARTGALLERY"" базальт GAL1491 (5)",56.0,0.0,1.2,0.0,46.67,Низкая,база спроса ≈2 шт/мес (история 6 мес.); снижение спроса ×0.50; прогноз след. месяц ≈1 шт; остаток 56 + в пути 0,5.0
Systeme Electric,300200947_,"G164 Рамка 3-ная ""ARTGALLERY"" базальт GAL1403 (5)",29.0,0.0,13.8,0.0,2.1,Низкая,база спроса ≈13 шт/мес (история 24 мес.); сезонность ×0.73; рост спроса ×1.48; прогноз след. месяц ≈14 шт; остаток 29 + в пути 0,5.0
Systeme Electric,300200949_,"G166 Рамка 5-ная ""ARTGALLERY"" базальт GAL1405 (5)",41.0,0.0,16.6,0.0,2.47,Низкая,база спроса ≈2 шт/мес (история 12 мес.); сезонность ×6.00; рост спроса ×1.38; прогноз след. месяц ≈17 шт; остаток 41 + в пути 0,5.0
Systeme Electric,300200950_,"G167 Переключ. 2 кл механизм ""ARTGALLERY"" базальт GAL1465 (5)",29.0,0.0,12.3,0.0,2.36,Низкая,база спроса ≈7 шт/мес (история 20 мес.); сезонность ×1.36; рост спроса ×1.35; прогноз след. месяц ≈12 шт; остаток 29 + в пути 0,5.0
Systeme Electric,300200952_,"G169 Выкл. 1 кл кнопочный 10А механизм ""ARTGALLERY"" базальт GAL1415 (5)",27.0,0.0,2.0,0.0,13.5,Низкая,база спроса ≈2 шт/мес (история 5 мес.); прогноз след. месяц ≈2 шт; остаток 27 + в пути 0,5.0
Systeme Electric,300200953_,"G170 Вывод кабеля механизм ""ARTGALLERY"" базальт GAL1499 (5)",10.0,0.0,3.0,0.0,3.33,Низкая,база спроса ≈3 шт/мес (история 12 мес.); сезонность ×1.00; снижение спроса ×0.99; прогноз след. месяц ≈3 шт; остаток 10 + в пути 0,5.0
Systeme Electric,300200954_,"G171 Роз. 2-ная TV комп. RJ45 5Е ""ARTGALLERY"" базальт GAL1489 (5)",20.0,0.0,6.0,0.0,3.33,Низкая,база спроса ≈6 шт/мес (история 5 мес.); прогноз след. месяц ≈6 шт; остаток 20 + в пути 0,5.0
Systeme Electric,300200955_,"G172 Роз. USB A+C 45Вт высокоскор.заряд., механизм ""ARTGALLERY"" базальт GAL1429 (1)",15.0,0.0,2.0,0.0,7.5,Низкая,база спроса ≈2 шт/мес (история 3 мес.); прогноз след. месяц ≈2 шт; остаток 15 + в пути 0,1.0
Systeme Electric,300200959_,"S418 Вывод кабеля механизм ""ATLAS"" белый ATN000199  (10)",60.0,0.0,19.3,0.0,3.11,Низкая,база спроса ≈25 шт/мес (история 21 мес.); сезонность ×0.85; снижение спроса ×0.91; исключено разовых крупных заказов: 1; прогноз след. месяц ≈19 шт; остаток 60 + в пути 0,10.0
Systeme Electric,300201148_,"B001 Выкл 1кл о/у  10А 250B""BLANCA"" антрацит BLNVA101006 (15)",375.0,0.0,105.3,0.0,3.56,Низкая,база спроса ≈66 шт/мес (история 16 мес.); сезонность ×1.42; рост спроса ×1.13; исключено разовых крупных заказов: 2; прогноз след. месяц ≈105 шт; остаток 375 + в пути 0,15.0
Systeme Electric,300201152_,"B005 Роз. 3-ная о/у без з/к без ш/т16А 250В ""BLANCA"" антрацит BLNRA000316 (6)",42.0,0.0,8.9,0.0,4.72,Низкая,база спроса ≈18 шт/мес (история 14 мес.); сезонность ×1.00; снижение спроса ×0.50; прогноз след. месяц ≈9 шт; остаток 42 + в пути 0,6.0
Systeme Electric,300201153_,"B006 Роз. 3-ная о/у с  з/к без ш/т 16А 250В ""BLANCA"" антрацит BLNRA010316 (5)",273.0,0.0,54.3,0.0,5.03,Низкая,база спроса ≈50 шт/мес (история 17 мес.); сезонность ×1.50; снижение спроса ×0.72; исключено разовых крупных заказов: 1; прогноз след. месяц ≈54 шт; остаток 273 + в пути 0,5.0
Systeme Electric,300201154_,"B007 Роз. 4-ная о/у без  з/к без ш/т 16А 250В ""BLANCA"" антрацит BLNRA000416 (5)",90.0,0.0,14.1,0.0,6.38,Низкая,база спроса ≈12 шт/мес (история 16 мес.); сезонность ×1.25; снижение спроса ×0.92; прогноз след. месяц ≈14 шт; остаток 90 + в пути 0,5.0
Systeme Electric,300201155_,"B008 Роз. 4-ная о/у с  з/к со ш/т 16А 250В ""BLANCA"" антрацит BLNRA011416 (4)",517.0,0.0,41.5,0.0,12.46,Низкая,база спроса ≈43 шт/мес (история 16 мес.); сезонность ×1.26; снижение спроса ×0.77; исключено разовых крупных заказов: 1; прогноз след. месяц ≈42 шт; остаток 517 + в пути 0,4.0
Systeme Electric,ATN000109,"S416 Заглушка б/с ""ATLAS"" белый ATN109  (15)",19.0,0.0,7.1,0.0,2.68,Низкая,база спроса ≈4 шт/мес (история 20 мес.); сезонность ×3.25; снижение спроса ×0.55; прогноз след. месяц ≈7 шт; остаток 19 + в пути 0,5.0
Systeme Electric,ATN000389,"РОЗЕТКА двойная комп+ТВ, RJ45+TV, кат.5E, механизм""ATLAS"" алюминий ATN389 !!!",19.0,0.0,2.5,0.0,7.6,Низкая,база спроса ≈2 шт/мес (история 2 мес.); прогноз след. месяц ≈2 шт; остаток 19 + в пути 0,5.0
Systeme Electric,ATN000446,Роз. с з/к  со з/ш с крышкой 16А IP20 механизм жемчуг ATLASDESIGN,17.0,0.0,4.3,0.0,3.95,Низкая,база спроса ≈7 шт/мес (история 25 мес.); сезонность ×1.29; снижение спроса ×0.50; прогноз след. месяц ≈4 шт; остаток 17 + в пути 0,10.0
Systeme Electric,ATN001232,"ATLASDESIGN РОЗЕТКА 16А с 2 USB A+C, 5В/2,4А/3,0А, 2х5В/1,5А, механизм, ПЕСОЧНЫЙ !!!",6.0,0.0,1.5,0.0,4.0,Низкая,база спроса ≈2 шт/мес (история 2 мес.); прогноз след. месяц ≈2 шт; остаток 6 + в пути 0,1.0
Systeme Electric,ATN540115,"AtlasDesign PROFI IP54 О/У 1-клавишный кнопочный ВЫКЛЮЧАТЕЛЬ 10 АХ, БЕЛЫЙ !!!",7.0,0.0,2.5,0.0,2.8,Низкая,база спроса ≈2 шт/мес (история 2 мес.); прогноз след. месяц ≈2 шт; остаток 7 + в пути 0,12.0
Systeme Electric,ATN544015,"AtlasDesign PROFI IP54 О/У 1-клавишный кнопочный ВЫКЛЮЧАТЕЛЬ 10 АХ, АНТРАЦИТ !!!",18.0,0.0,6.0,0.0,3.0,Низкая,база спроса ≈6 шт/мес (история 1 мес.); прогноз след. месяц ≈6 шт; остаток 18 + в пути 0,12.0
Systeme Electric,щщщ0116254,"GLOSSA 2-клавишный ВЫКЛЮЧАТЕЛЬ, сх.5, 10АХ, механизм, БЕЛЫЙ",35.0,0.0,4.0,0.0,8.75,Низкая,база спроса ≈3 шт/мес (история 7 мес.); рост спроса ×1.33; прогноз след. месяц ≈4 шт; остаток 35 + в пути 0,20.0
Systeme Electric,030200192_, Установочная коробка для твердых стен 65х45 IMT35100 Systeme Electric (200),93532.0,0.0,79319.3,28800.0,1.18,Средняя,база спроса ≈67196 шт/мес (история 32 мес.); сезонность ×1.01; рост спроса ×1.17; исключено разовых крупных заказов: 46; прогноз след. месяц ≈79319 шт; остаток 93532 + в пути 0,3600.0
Systeme Electric,030200201_, Установочная коробка для твердых стен 65х60 IMT35101 Systeme Electric (120),33675.0,0.0,27665.5,7920.0,1.22,Средняя,база спроса ≈25946 шт/мес (история 32 мес.); сезонность ×1.07; снижение спроса ×0.99; исключено разовых крупных заказов: 35; прогноз след. месяц ≈27666 шт; остаток 33675 + в пути 0,120.0
Systeme Electric,300200286_,"S398 Роз. с з/к 16А с/у б/рамки ""ATLAS"" белый ATN143 (20)",10252.0,0.0,8738.6,2860.0,1.17,Средняя,база спроса ≈5551 шт/мес (история 32 мес.); сезонность ×1.23; рост спроса ×1.28; исключено разовых крупных заказов: 4; прогноз след. месяц ≈8739 шт; остаток 10252 + в пути 0,20.0
Systeme Electric,300200303_,"S405 Рамка 1-ная ""ATLAS"" белый (45) ATN101",6621.0,0.0,5216.2,1215.0,1.27,Средняя,база спроса ≈3331 шт/мес (история 32 мес.); сезонность ×1.23; рост спроса ×1.28; исключено разовых крупных заказов: 1; прогноз след. месяц ≈5216 шт; остаток 6621 + в пути 0,45.0
Systeme Electric,300200331_,"S3833 Выкл 1 кл 10А с/у б/рамки ""ATLAS"" белый (20) ATN111",2093.0,0.0,1975.5,880.0,1.06,Средняя,база спроса ≈990 шт/мес (история 32 мес.); сезонность ×1.69; рост спроса ×1.18; исключено разовых крупных заказов: 2; прогноз след. месяц ≈1976 шт; остаток 2093 + в пути 0,20.0
Systeme Electric,300200298_,"S395 Роз. 2-ная с/у 16А с з/к з/ш ""ATLAS"" белый ATN126 (10)",1707.0,0.0,1457.9,480.0,1.17,Средняя,база спроса ≈1043 шт/мес (история 32 мес.); сезонность ×1.08; рост спроса ×1.29; прогноз след. месяц ≈1458 шт; остаток 1707 + в пути 0,10.0
Systeme Electric,300200319_,"S422 Выкл 1 кл  о/у 6А 250B ИЗОЛ.ПЛ. ""BLANCA""  белый BLNVA061011 (90)",946.0,0.0,900.9,420.0,1.05,Средняя,база спроса ≈827 шт/мес (история 32 мес.); сезонность ×1.31; снижение спроса ×0.83; исключено разовых крупных заказов: 11; прогноз след. месяц ≈901 шт; остаток 946 + в пути 0,15.0
Systeme Electric,300200464_,"K085 Рамка 2-ая ""ATLAS"" КАРБОН ATN1002 (5)",757.0,0.0,750.7,370.0,1.01,Средняя,база спроса ≈410 шт/мес (история 32 мес.); сезонность ×1.56; рост спроса ×1.17; исключено разовых крупных заказов: 4; прогноз след. месяц ≈751 шт; остаток 757 + в пути 0,10.0
Systeme Electric,030200224_,Распределительная  коробка о/у  с сальниками 100х100х50 IP55 IMT35091 Systeme Electric (45),5523.0,0.0,3887.9,315.0,1.42,Средняя,база спроса ≈2754 шт/мес (история 32 мес.); сезонность ×1.20; рост спроса ×1.18; исключено разовых крупных заказов: 32; прогноз след. месяц ≈3888 шт; остаток 5523 + в пути 0,45.0
Systeme Electric,300200297_,"S394 Роз. 2-ная с/у 16А ""ATLAS"" белый ATN120 (15)",1064.0,0.0,895.1,285.0,1.19,Средняя,база спроса ≈680 шт/мес (история 32 мес.); сезонность ×1.38; снижение спроса ×0.95; прогноз след. месяц ≈895 шт; остаток 1064 + в пути 0,15.0
Systeme Electric,300200323_,"S426 Роз  о/у с з/к 16А 250В ИЗОЛ.ПЛ. ""BLANCA"" белый BLNRA010111 (72)",754.0,0.0,642.7,216.0,1.17,Средняя,база спроса ≈640 шт/мес (история 32 мес.); сезонность ×1.33; снижение спроса ×0.76; исключено разовых крупных заказов: 9; прогноз след. месяц ≈643 шт; остаток 754 + в пути 0,12.0
Systeme Electric,020100158_,"K0688 Выкл 1 кл 10А механизм ""ATLAS"" КАРБОН ATN1011 (5)",536.0,0.0,490.6,200.0,1.09,Средняя,база спроса ≈257 шт/мес (история 32 мес.); сезонность ×1.70; рост спроса ×1.12; исключено разовых крупных заказов: 1; прогноз след. месяц ≈491 шт; остаток 536 + в пути 0,10.0
Systeme Electric,300200305_,"S407 Рамка 3-ная ""ATLAS"" белый (15) ATN103",978.0,0.0,754.2,165.0,1.3,Средняя,база спроса ≈535 шт/мес (история 32 мес.); сезонность ×1.22; рост спроса ×1.16; исключено разовых крупных заказов: 5; прогноз след. месяц ≈754 шт; остаток 978 + в пути 0,15.0
Systeme Electric,300200320_,"S423 Выкл 2 кл  о/у 6А 250B ИЗОЛ.ПЛ. ""BLANCA""  белый BLNVA065011 (90)",423.0,0.0,372.3,150.0,1.14,Средняя,база спроса ≈271 шт/мес (история 32 мес.); сезонность ×1.13; рост спроса ×1.21; исключено разовых крупных заказов: 5; прогноз след. месяц ≈372 шт; остаток 423 + в пути 0,15.0
Systeme Electric,300200376_,"G405 Рамка 1-ная ""ATLAS"" жемчуг  ATN401 (20)",264.0,0.0,235.1,100.0,1.12,Средняя,база спроса ≈210 шт/мес (история 32 мес.); сезонность ×1.08; рост спроса ×1.04; прогноз след. месяц ≈235 шт; остаток 264 + в пути 0,20.0
Systeme Electric,300200289_,"S391 Переключ. 1 кл 10А с/у б/рамки ""ATLAS"" белый ATN161 (20)",257.0,0.0,213.1,80.0,1.21,Средняя,база спроса ≈187 шт/мес (история 32 мес.); сезонность ×1.45; снижение спроса ×0.78; исключено разовых крупных заказов: 1; прогноз след. месяц ≈213 шт; остаток 257 + в пути 0,20.0
Systeme Electric,300200744_,К113 Роз. з/к з/ш о/у IP54 16А 250В Atlas Profi 54 БЕЛЫЙ ATN540145 (12),268.0,0.0,225.1,72.0,1.19,Средняя,база спроса ≈161 шт/мес (история 32 мес.); сезонность ×1.55; снижение спроса ×0.90; исключено разовых крупных заказов: 3; прогноз след. месяц ≈225 шт; остаток 268 + в пути 0,12.0
Systeme Electric,300200593_,"K0266 Выкл. 2 кл 10А б/рамки ""ATLAS"" ШАМПАНЬ ATN551 (10) NEW",142.0,0.0,134.9,70.0,1.05,Средняя,база спроса ≈83 шт/мес (история 28 мес.); сезонность ×1.93; снижение спроса ×0.84; прогноз след. месяц ≈135 шт; остаток 142 + в пути 0,10.0
Systeme Electric,300200735_,К107 Рамка 1-ная ATLAS ПЕСОЧНЫЙ ATN1201 (10),197.0,0.0,174.2,70.0,1.13,Средняя,база спроса ≈187 шт/мес (история 32 мес.); сезонность ×0.90; рост спроса ×1.03; прогноз след. месяц ≈174 шт; остаток 197 + в пути 0,10.0
Systeme Electric,300200328_,"S431 Роз 4-ная  о/у с з/к со штор. 16А 250В ИЗОЛ.ПЛ. ""BLANCA"" белый BLNRA011411 (24)",654.0,0.0,466.9,48.0,1.4,Средняя,база спроса ≈455 шт/мес (история 32 мес.); сезонность ×1.24; снижение спроса ×0.82; исключено разовых крупных заказов: 1; прогноз след. месяц ≈467 шт; остаток 654 + в пути 0,4.0
Systeme Electric,030200250_,"S379 Рамка 1-ная ""GLOSSA"" белый GSL101 (45)",11.0,0.0,8.0,45.0,1.38,Средняя,база спроса ≈6 шт/мес (история 27 мес.); сезонность ×1.33; снижение спроса ×0.99; прогноз след. месяц ≈8 шт; остаток 11 + в пути 0,45.0
Systeme Electric,300200301_,"S399 Роз. с з/к 16А с/у з/ш ""ATLAS"" белый ATN144 (15)",973.0,0.0,675.6,45.0,1.44,Средняя,база спроса ≈562 шт/мес (история 32 мес.); сезонность ×1.09; рост спроса ×1.10; прогноз след. месяц ≈676 шт; остаток 973 + в пути 0,15.0
Systeme Electric,030200036_,"S250 с/у 10А IP20  ""ХИТ"" РС 10-132-б / 10-135-б (114)  !!!",120.0,0.0,104.0,40.0,1.15,Средняя,база спроса ≈58 шт/мес (история 14 мес.); сезонность ×1.00; рост спроса ×1.79; прогноз след. месяц ≈104 шт; остаток 120 + в пути 0,20.0
Systeme Electric,300200293_,"S390 Комп. роз. RJ45 5Е механизм б/рамки ""ATLAS"" белый ATN183 (10)",332.0,0.0,246.4,40.0,1.35,Средняя,база спроса ≈197 шт/мес (история 32 мес.); сезонность ×1.51; снижение спроса ×0.83; исключено разовых крупных заказов: 6; прогноз след. месяц ≈246 шт; остаток 332 + в пути 0,10.0
Systeme Electric,300200560_,"K041 Рамка 3-ная ""ATLAS"" ШАМПАНЬ ATN503 (15)",151.0,0.0,124.3,40.0,1.21,Средняя,база спроса ≈63 шт/мес (история 32 мес.); сезонность ×1.78; рост спроса ×1.10; исключено разовых крупных заказов: 1; прогноз след. месяц ≈124 шт; остаток 151 + в пути 0,5.0
Systeme Electric,300200771_,"S417 Перекрест. перекл. 2 кл 10А с/у б/рамки мех. ""ATLAS"" белый ATN173   (5) NEW",68.0,0.0,64.3,30.0,1.06,Средняя,база спроса ≈23 шт/мес (история 29 мес.); сезонность ×2.10; рост спроса ×1.35; исключено разовых крупных заказов: 1; прогноз след. месяц ≈64 шт; остаток 68 + в пути 0,5.0
Systeme Electric,300201149_,"B002 Выкл 2 кл о/у 10А 250B ""BLANCA"" антрацит BLNVA105016 (15)",69.0,0.0,58.8,30.0,1.17,Средняя,база спроса ≈40 шт/мес (история 16 мес.); сезонность ×1.73; снижение спроса ×0.84; исключено разовых крупных заказов: 1; прогноз след. месяц ≈59 шт; остаток 69 + в пути 0,15.0
Systeme Electric,300200346_,"S419 Роз  с/у с з/к с штор. 16А 250В ""BLANCA"" белый BLNRS001111 (60)",44.0,0.0,41.0,20.0,1.07,Средняя,база спроса ≈20 шт/мес (история 9 мес.); рост спроса ×2.00; прогноз след. месяц ≈41 шт; остаток 44 + в пути 0,10.0
Systeme Electric,300200519_,"K089 Переключ. 2 кл 10А с/у б/рамки ""ATLAS"" КАРБОН ATN1065 (5)",113.0,0.0,88.4,20.0,1.28,Средняя,база спроса ≈51 шт/мес (история 32 мес.); сезонность ×1.52; рост спроса ×1.13; исключено разовых крупных заказов: 2; прогноз след. месяц ≈88 шт; остаток 113 + в пути 0,5.0
Systeme Electric,300200539_,"K020 Рамка 4-ная ""ATLAS"" СТАЛЬ ATN904 (2)",70.0,0.0,57.7,20.0,1.21,Средняя,база спроса ≈13 шт/мес (история 28 мес.); сезонность ×3.00; рост спроса ×1.50; прогноз след. месяц ≈58 шт; остаток 70 + в пути 0,5.0
Systeme Electric,300200810_,"G027 Роз. с з/к механизм 16A ""ARTGALLERY"" шампань GAL0543 (10)",168.0,0.0,120.3,20.0,1.4,Средняя,база спроса ≈182 шт/мес (история 25 мес.); сезонность ×0.58; рост спроса ×1.15; прогноз след. месяц ≈120 шт; остаток 168 + в пути 0,10.0
Systeme Electric,300200821_,"G038 Рамка 1-ная ""ARTGALLERY"" шампань GAL0501 (20)",131.0,0.0,88.5,20.0,1.48,Средняя,база спроса ≈85 шт/мес (история 25 мес.); сезонность ×1.17; снижение спроса ×0.89; исключено разовых крупных заказов: 1; прогноз след. месяц ≈88 шт; остаток 131 + в пути 0,20.0
Systeme Electric,010400445_,City 9 ЩРН-П 24 Прозрач./дв. Systeme Electric,39.0,0.0,38.0,18.0,1.03,Средняя,база спроса ≈17 шт/мес (история 32 мес.); сезонность ×1.80; рост спроса ×1.21; исключено разовых крупных заказов: 7; прогноз след. месяц ≈38 шт; остаток 39 + в пути 0,1.0
Systeme Electric,300200468_,"K078 Роз. 2-ная с/у 16А ""ATLAS"" КАРБОН ATN1020 (6)",159.0,0.0,116.2,18.0,1.37,Средняя,база спроса ≈63 шт/мес (история 31 мес.); сезонность ×1.49; рост спроса ×1.24; прогноз след. месяц ≈116 шт; остаток 159 + в пути 0,6.0
Systeme Electric,300200287_,"S400 Роз. с з/к 16А с/у з/ш с выталкивателем б/рамки ""ATLAS"" белый ATN147 (15)",43.0,0.0,32.0,15.0,1.34,Средняя,база спроса ≈7 шт/мес (история 21 мес.); сезонность ×2.29; рост спроса ×2.00; прогноз след. месяц ≈32 шт; остаток 43 + в пути 0,15.0
Systeme Electric,300200518_,"K080 Роз. RJ45+RJ45 5Е кат 5Е механизм б/рамки ""ATLAS"" КАРБОН ATN1085 (5)",50.0,0.0,40.1,15.0,1.25,Средняя,база спроса ≈22 шт/мес (история 31 мес.); сезонность ×1.91; снижение спроса ×0.95; прогноз след. месяц ≈40 шт; остаток 50 + в пути 0,5.0
Systeme Electric,LNVA105011,Выкл 2 кл о/у 10А 250B белый BLANCA,16.0,0.0,13.3,15.0,1.2,Средняя,база спроса ≈7 шт/мес (история 19 мес.); сезонность ×1.00; рост спроса ×2.00; прогноз след. месяц ≈13 шт; остаток 16 + в пути 0,15.0
Systeme Electric,300200743_,К112 Выкл 2-кл о/у IP54 10А Atlas Profi 54 БЕЛЫЙ ATN540151 (12),52.0,0.0,35.3,12.0,1.47,Средняя,база спроса ≈18 шт/мес (история 29 мес.); сезонность ×2.42; снижение спроса ×0.81; исключено разовых крупных заказов: 1; прогноз след. месяц ≈35 шт; остаток 52 + в пути 0,12.0
Systeme Electric,030200258_,"S371 Роз. с з/к 16А с/у з/ш IP44 ""GLOSSA"" белый GSL148 (10)",4.0,0.0,3.5,10.0,1.14,Средняя,база спроса ≈3 шт/мес (история 16 мес.); сезонность ×0.62; рост спроса ×2.00; прогноз след. месяц ≈4 шт; остаток 4 + в пути 0,10.0
Systeme Electric,300200377_,"G406 Рамка 2-ная ""ATLAS"" жемчуг ATN402 (10)",173.0,0.0,118.0,10.0,1.47,Средняя,база спроса ≈78 шт/мес (история 32 мес.); сезонность ×1.08; рост спроса ×1.40; прогноз след. месяц ≈118 шт; остаток 173 + в пути 0,10.0
Systeme Electric,300200422_,"G387 Выкл 2 кл с инд 10А с/у б/рамки ""ATLAS"" жемчуг ATN453 (10)",19.0,0.0,17.3,10.0,1.1,Средняя,база спроса ≈2 шт/мес (история 19 мес.); сезонность ×4.33; рост спроса ×2.00; прогноз след. месяц ≈17 шт; остаток 19 + в пути 0,10.0
Systeme Electric,300200440_,"А408 Рамка 4-ная ""ATLAS"" алюминий ATN304 (15)",72.0,0.0,53.7,10.0,1.34,Средняя,база спроса ≈12 шт/мес (история 31 мес.); сезонность ×2.33; рост спроса ×2.00; исключено разовых крупных заказов: 1; прогноз след. месяц ≈54 шт; остаток 72 + в пути 0,5.0
Systeme Electric,300200511_,"K057 Роз. RJ45+RJ45 5Е кат 5Е механизм б/рамки ""ATLAS"" ГРИФЕЛЬ ATN785 (10)",8.0,0.0,5.6,10.0,1.43,Средняя,база спроса ≈10 шт/мес (история 13 мес.); сезонность ×1.00; снижение спроса ×0.58; прогноз след. месяц ≈6 шт; остаток 8 + в пути 0,10.0
Systeme Electric,300200773_,"K0322 Перекрест. перекл. 2 кл 10А с/у б/рамки ""ATLAS"" ШАМПАНЬ ATN573 (5) NEW",24.0,0.0,22.4,10.0,1.07,Средняя,база спроса ≈6 шт/мес (история 27 мес.); сезонность ×1.80; рост спроса ×2.00; прогноз след. месяц ≈22 шт; остаток 24 + в пути 0,5.0
Systeme Electric,300200943_,"G160 Роз. с з/к с/ш с крышкой 16А механизм IP20 ""ARTGALLERY"" базальт GAL1446 (5)",15.0,0.0,13.6,10.0,1.1,Средняя,база спроса ≈5 шт/мес (история 16 мес.); сезонность ×1.31; рост спроса ×2.00; прогноз след. месяц ≈14 шт; остаток 15 + в пути 0,5.0
Systeme Electric,ATN000399,"ВЫВОД КАБЕЛЯ, механизм ""ATLAS"" алюминий ATN399 !!!",2.0,0.0,1.5,10.0,1.33,Средняя,база спроса ≈2 шт/мес (история 4 мес.); прогноз след. месяц ≈2 шт; остаток 2 + в пути 0,10.0
Systeme Electric,010400448_,City 9 ЩРН-П 36 Прозрач./дв. Systeme Electric,27.0,0.0,23.6,9.0,1.14,Средняя,база спроса ≈13 шт/мес (история 32 мес.); сезонность ×1.25; рост спроса ×1.41; исключено разовых крупных заказов: 4; прогноз след. месяц ≈24 шт; остаток 27 + в пути 0,1.0
Systeme Electric,300200530_,"K011 Роз. 2-ная с/у 16А ""ATLAS"" СТАЛЬ ATN920 (6)",42.0,0.0,29.7,6.0,1.41,Средняя,база спроса ≈5 шт/мес (история 15 мес.); сезонность ×3.50; рост спроса ×1.70; прогноз след. месяц ≈30 шт; остаток 42 + в пути 0,6.0
Systeme Electric,300200730_,К102 Роз. 2-ная с/у 16А с з/к з/ш ATLAS ПЕСОЧНЫЙ ATN1226 (6),20.0,0.0,15.8,6.0,1.27,Средняя,база спроса ≈16 шт/мес (история 30 мес.); сезонность ×0.85; рост спроса ×1.13; прогноз след. месяц ≈16 шт; остаток 20 + в пути 0,6.0
Systeme Electric,ATN000108,"S415 Адаптер 45 ""ATLAS"" белый ATN108  (15)",16.0,0.0,13.3,5.0,1.2,Средняя,база спроса ≈22 шт/мес (история 7 мес.); снижение спроса ×0.59; прогноз след. месяц ≈13 шт; остаток 16 + в пути 0,5.0
Systeme Electric,300200931_,"G148 Диммер поворотно-нажимной механизм 400Вт ""ARTGALLERY"" мокко GAL0623 (1)",5.0,0.0,4.5,2.0,1.11,Средняя,база спроса ≈4 шт/мес (история 2 мес.); прогноз след. месяц ≈4 шт; остаток 5 + в пути 0,1.0
Systeme Electric,300200941_,"G158 Роз. 2-ная комп. RJ45+RJ45 6A механизм ""ARTGALLERY"" базальт GAL1488 (1)",6.0,0.0,5.0,2.0,1.2,Средняя,база спроса ≈2 шт/мес (история 6 мес.); рост спроса ×2.00; прогноз след. месяц ≈5 шт; остаток 6 + в пути 0,1.0
Systeme Electric,030200053_,"S287 о/у.з/к.з/ш.16А IP44 ""Рондо"" РА 16-112Б-би (10/60) !!!",1.0,0.0,1.0,1.0,1.0,Средняя,база спроса ≈1 шт/мес (история 1 мес.); прогноз след. месяц ≈1 шт; остаток 1 + в пути 0,1.0
Systeme Electric,300200532_,"K013 Роз. RJ45+RJ45 5Е кат 5Е механизм б/рамки ""ATLAS"" СТАЛЬ ATN985 (5)",3.0,0.0,2.5,1.0,1.2,Средняя,база спроса ≈2 шт/мес (история 11 мес.); рост спроса ×1.67; прогноз след. месяц ≈2 шт; остаток 3 + в пути 0,1.0
Systeme Electric,300200792_,"G009 Роз. 2-ная комп. RJ45+RJ45 6A механизм ""ARTGALLERY"" алюминий GAL0388 (1)",2.0,0.0,2.0,1.0,1.0,Средняя,база спроса ≈2 шт/мес (история 2 мес.); прогноз след. месяц ≈2 шт; остаток 2 + в пути 0,1.0
Systeme Electric,300200855_,"G072 Роз. USB A+C 45Вт высокоскор.заряд., механизм ""ARTGALLERY"" лотос GAL1329 (1)",7.0,0.0,5.0,1.0,1.4,Средняя,база спроса ≈5 шт/мес (история 4 мес.); прогноз след. месяц ≈5 шт; остаток 7 + в пути 0,1.0
Systeme Electric,010400433_,City 9 ЩРН-П  8 Прозрач./дв. Systeme Electric,65.0,0.0,36.1,0.0,1.8,Средняя,база спроса ≈12 шт/мес (история 32 мес.); сезонность ×3.62; снижение спроса ×0.85; исключено разовых крупных заказов: 2; прогноз след. месяц ≈36 шт; остаток 65 + в пути 0,1.0
Systeme Electric,010400436_,City  9 ЩРВ-П 12 Прозрач./дв. Systeme Electric,67.0,0.0,34.2,0.0,1.96,Средняя,база спроса ≈16 шт/мес (история 32 мес.); сезонность ×1.93; рост спроса ×1.07; исключено разовых крупных заказов: 5; прогноз след. месяц ≈34 шт; остаток 67 + в пути 0,1.0
Systeme Electric,010400447_,City 9 ЩРВ-П 36 Прозрач./дв. Systeme Electric,76.0,0.0,39.0,0.0,1.95,Средняя,база спроса ≈32 шт/мес (история 32 мес.); сезонность ×1.32; снижение спроса ×0.93; исключено разовых крупных заказов: 19; прогноз след. месяц ≈39 шт; остаток 76 + в пути 0,1.0
Systeme Electric,020100160_,"K0700 Выкл 2 кл 10А механизм ""ATLAS"" КАРБОН ATN1051 (5)",417.0,0.0,253.2,0.0,1.65,Средняя,база спроса ≈169 шт/мес (история 30 мес.); сезонность ×1.25; рост спроса ×1.19; прогноз след. месяц ≈253 шт; остаток 417 + в пути 0,10.0
Systeme Electric,030200220_, Распределительная коробка с/у для твердых стен 100х100х50 IP30 IMT35122 Systeme Electric (72),2430.0,0.0,1256.9,0.0,1.93,Средняя,база спроса ≈1389 шт/мес (история 32 мес.); сезонность ×0.85; рост спроса ×1.06; исключено разовых крупных заказов: 2; прогноз след. месяц ≈1257 шт; остаток 2430 + в пути 0,72.0
Systeme Electric,030200227_,Распределительная  коробка о/у  с сальниками  80х40 IP55 IMT35094 Systeme Electric (96),862.0,0.0,567.9,0.0,1.52,Средняя,база спроса ≈384 шт/мес (история 32 мес.); сезонность ×2.14; снижение спроса ×0.69; прогноз след. месяц ≈568 шт; остаток 862 + в пути 0,96.0
Systeme Electric,030201459_, Установочная коробка для полых стен г/к  65х60 IMT35151 System Electric(120),7053.0,12000.0,4129.0,0.0,1.71,Средняя,база спроса ≈4129 шт/мес (история 5 мес.); прогноз след. месяц ≈4129 шт; остаток 7053 + в пути 12000,120.0
Systeme Electric,300200302_,"S386 Выкл 2 кл 10А с/у ""ATLAS"" белый ATN152 (15)",737.0,0.0,486.5,0.0,1.51,Средняя,база спроса ≈384 шт/мес (история 32 мес.); сезонность ×1.32; снижение спроса ×0.96; исключено разовых крупных заказов: 1; прогноз след. месяц ≈486 шт; остаток 737 + в пути 0,15.0
Systeme Electric,300200304_,"S406 Рамка 2-ная ""ATLAS"" белый (30) ATN102",2707.0,0.0,1507.3,0.0,1.8,Средняя,база спроса ≈1212 шт/мес (история 32 мес.); сезонность ×1.33; снижение спроса ×0.93; исключено разовых крупных заказов: 5; прогноз след. месяц ≈1507 шт; остаток 2707 + в пути 0,30.0
Systeme Electric,300200314_,"S415 Выкл 2 кл  с/у 6А 250B ""BLANCA"" белый BLNVS006501 (60)",161.0,0.0,89.6,0.0,1.8,Средняя,база спроса ≈45 шт/мес (история 31 мес.); сезонность ×2.98; снижение спроса ×0.67; прогноз след. месяц ≈90 шт; остаток 161 + в пути 0,10.0
Systeme Electric,300200332_,"S3988 Роз. без з/к без шторок 16А механизм ""ATLAS"" белый ATN141 (20)",1367.0,0.0,891.4,0.0,1.53,Средняя,база спроса ≈601 шт/мес (история 32 мес.); сезонность ×1.65; снижение спроса ×0.90; прогноз след. месяц ≈891 шт; остаток 1367 + в пути 0,20.0
Systeme Electric,300200343_,"K067 Роз. с з/к 16А с/у б/рамки ""ATLAS"" КАРБОН ATN1043 (5)",3776.0,0.0,2107.4,0.0,1.79,Средняя,база спроса ≈1445 шт/мес (история 32 мес.); сезонность ×1.39; рост спроса ×1.05; прогноз след. месяц ≈2107 шт; остаток 3776 + в пути 0,10.0
Systeme Electric,300200431_,"А395 Роз. 2-ная с/у 16А с з/к з/ш ""ATLAS"" алюминий ATN326 (6)",59.0,0.0,36.6,0.0,1.61,Средняя,база спроса ≈14 шт/мес (история 30 мес.); сезонность ×2.14; рост спроса ×1.22; прогноз след. месяц ≈37 шт; остаток 59 + в пути 0,6.0
Systeme Electric,300200439_,"А391 Переключ. 1 кл 10А с/у б/рамки ""ATLAS"" алюминий ATN361 (10)",47.0,0.0,26.0,0.0,1.81,Средняя,база спроса ≈12 шт/мес (история 29 мес.); сезонность ×2.38; снижение спроса ×0.91; прогноз след. месяц ≈26 шт; остаток 47 + в пути 0,10.0
Systeme Electric,300200461_,"K072 Выкл 3 кл 10А с/у б/рамки ""ATLAS"" КАРБОН  ATN1031",46.0,0.0,25.8,0.0,1.78,Средняя,база спроса ≈12 шт/мес (история 31 мес.); сезонность ×2.19; снижение спроса ×0.97; прогноз след. месяц ≈26 шт; остаток 46 + в пути 0,5.0
Systeme Electric,300200462_,"K075 Переключ. 1 кл 10А с/у б/рамки ""ATLAS"" КАРБОН ATN1061 (5)",144.0,0.0,72.3,0.0,1.99,Средняя,база спроса ≈48 шт/мес (история 32 мес.); сезонность ×1.64; снижение спроса ×0.92; исключено разовых крупных заказов: 2; прогноз след. месяц ≈72 шт; остаток 144 + в пути 0,10.0
Systeme Electric,300200463_,"K084 Рамка 1-ая ""ATLAS"" КАРБОН ATN1001 (10)",1469.0,0.0,896.3,0.0,1.64,Средняя,база спроса ≈609 шт/мес (история 32 мес.); сезонность ×1.12; рост спроса ×1.31; исключено разовых крупных заказов: 1; прогноз след. месяц ≈896 шт; остаток 1469 + в пути 0,20.0
Systeme Electric,300200466_,"K087 Рамка 4-ая ""ATLAS"" КАРБОН ATN1004",248.0,0.0,124.7,0.0,1.99,Средняя,база спроса ≈51 шт/мес (история 32 мес.); сезонность ×1.93; рост спроса ×1.25; исключено разовых крупных заказов: 4; прогноз след. месяц ≈125 шт; остаток 248 + в пути 0,5.0
Systeme Electric,300200472_,"K074 Комп. роз. RJ45 5Е механизм б/рамки ""ATLAS"" КАРБОН ATN1083 (5)",142.0,0.0,76.0,0.0,1.87,Средняя,база спроса ≈97 шт/мес (история 32 мес.); сезонность ×1.01; снижение спроса ×0.78; исключено разовых крупных заказов: 1; прогноз след. месяц ≈76 шт; остаток 142 + в пути 0,5.0
Systeme Electric,300200525_,"K006 Выкл 3 кл 10А с/у б/рамки ""ATLAS"" СТАЛЬ ATN931 (5)",41.0,0.0,25.0,0.0,1.64,Средняя,база спроса ≈2 шт/мес (история 17 мес.); сезонность ×7.50; рост спроса ×2.00; прогноз след. месяц ≈25 шт; остаток 41 + в пути 0,5.0
Systeme Electric,300200534_,"K015 ТV роз. оконечная с/у б/рамки ""ATLAS"" СТАЛЬ ATN991(5)",3.0,0.0,1.6,0.0,1.88,Средняя,база спроса ≈2 шт/мес (история 17 мес.); сезонность ×0.50; рост спроса ×1.63; прогноз след. месяц ≈2 шт; остаток 3 + в пути 0,5.0
Systeme Electric,300200537_,"K018 Рамка 2-ная ""ATLAS"" СТАЛЬ ATN902 (5)",90.0,0.0,47.1,0.0,1.91,Средняя,база спроса ≈27 шт/мес (история 30 мес.); сезонность ×1.75; рост спроса ×1.01; прогноз след. месяц ≈47 шт; остаток 90 + в пути 0,5.0
Systeme Electric,300200538_,"K019 Рамка 3-ная ""ATLAS"" СТАЛЬ ATN903 (2)",46.0,0.0,25.8,0.0,1.78,Средняя,база спроса ≈12 шт/мес (история 31 мес.); сезонность ×2.31; снижение спроса ×0.94; прогноз след. месяц ≈26 шт; остаток 46 + в пути 0,5.0
Systeme Electric,300200543_,"K024 Выкл 1 кл 10А с/у ""ATLAS"" ШАМПАНЬ ATN512 (10)",169.0,0.0,89.4,0.0,1.89,Средняя,база спроса ≈49 шт/мес (история 32 мес.); сезонность ×1.88; снижение спроса ×0.97; исключено разовых крупных заказов: 1; прогноз след. месяц ≈89 шт; остаток 169 + в пути 0,10.0
Systeme Electric,300200548_,"K029 Комп. роз. RJ45 5Е механизм б/рамки ""ATLAS"" ШАМПАНЬ ATN583 (10)",81.0,0.0,53.2,0.0,1.52,Средняя,база спроса ≈26 шт/мес (история 32 мес.); сезонность ×1.30; рост спроса ×1.56; исключено разовых крупных заказов: 1; прогноз след. месяц ≈53 шт; остаток 81 + в пути 0,5.0
Systeme Electric,300200553_,"K034 Роз. 2-ная с/у 16А с з/к з/ш ""ATLAS"" ШАМПАНЬ ATN526 (6)",82.0,0.0,53.3,0.0,1.54,Средняя,база спроса ≈32 шт/мес (история 32 мес.); сезонность ×1.49; рост спроса ×1.13; прогноз след. месяц ≈53 шт; остаток 82 + в пути 0,6.0
Systeme Electric,300200554_,"K035 Роз. RJ45+RJ45 5Е кат 5Е механизм б/рамки ""ATLAS"" ШАМПАНЬ ATN585 (10)",7.0,0.0,4.1,0.0,1.71,Средняя,база спроса ≈3 шт/мес (история 19 мес.); сезонность ×1.00; рост спроса ×1.37; прогноз след. месяц ≈4 шт; остаток 7 + в пути 0,5.0
Systeme Electric,300200561_,"K042 Рамка 4-ная ""ATLAS"" ШАМПАНЬ ATN504 (15)",87.0,0.0,51.9,0.0,1.68,Средняя,база спроса ≈16 шт/мес (история 32 мес.); сезонность ×2.07; рост спроса ×1.59; исключено разовых крупных заказов: 3; прогноз след. месяц ≈52 шт; остаток 87 + в пути 0,5.0
Systeme Electric,300200563_,"K044 Переключ. 2 кл 10А с/у б/рамки ""ATLAS"" ШАМПАНЬ ATN565 (10)",71.0,0.0,44.1,0.0,1.61,Средняя,база спроса ≈40 шт/мес (история 32 мес.); сезонность ×0.90; рост спроса ×1.24; исключено разовых крупных заказов: 1; прогноз след. месяц ≈44 шт; остаток 71 + в пути 0,10.0
Systeme Electric,300200718_,К090 Роз. с з/к 16А с/у б/рамки ATLAS ПЕСОЧНЫЙ ATN1243 (5),496.0,0.0,276.7,0.0,1.79,Средняя,база спроса ≈347 шт/мес (история 31 мес.); сезонность ×0.88; снижение спроса ×0.91; прогноз след. месяц ≈277 шт; остаток 496 + в пути 0,5.0
Systeme Electric,300200724_,К096 Выкл 3 кл 10А с/у б/рамки ATLAS ПЕСОЧНЫЙ ATN1231 (5),8.0,0.0,5.0,0.0,1.6,Средняя,база спроса ≈4 шт/мес (история 24 мес.); сезонность ×1.00; рост спроса ×1.11; прогноз след. месяц ≈5 шт; остаток 8 + в пути 0,5.0
Systeme Electric,300200748_,"К117 Роз,Выкл.1-кл з/к з/ш о/у IP54 16А Atlas Profi 54 БЕЛЫЙ ATN540170 (6)",11.0,0.0,6.7,0.0,1.64,Средняя,база спроса ≈2 шт/мес (история 28 мес.); сезонность ×3.60; снижение спроса ×0.75; прогноз след. месяц ≈7 шт; остаток 11 + в пути 0,6.0
Systeme Electric,300200749_,К118 Выкл 1-кл о/у IP54 Atlas Profi 54 АНТРАЦИТ ATN544011 (12),100.0,0.0,51.5,0.0,1.94,Средняя,база спроса ≈39 шт/мес (история 32 мес.); сезонность ×0.99; рост спроса ×1.34; исключено разовых крупных заказов: 5; прогноз след. месяц ≈52 шт; остаток 100 + в пути 0,12.0
Systeme Electric,300200755_,К124 Блок:Роз+выкл 1-кл з/к з/ш о/у IP54 16А Atlas Profi 54 АНТРАЦИТ ATN544070 (6),39.0,0.0,21.9,0.0,1.78,Средняя,база спроса ≈9 шт/мес (история 30 мес.); сезонность ×2.75; снижение спроса ×0.89; исключено разовых крупных заказов: 3; прогноз след. месяц ≈22 шт; остаток 39 + в пути 0,6.0
Systeme Electric,300200812_,"G029 Выкл. 1 кл 10А ""ARTGALLERY"" шампань GAL0511 (10)",117.0,0.0,65.0,0.0,1.8,Средняя,база спроса ≈44 шт/мес (история 25 мес.); сезонность ×0.91; рост спроса ×1.61; исключено разовых крупных заказов: 1; прогноз след. месяц ≈65 шт; остаток 117 + в пути 0,10.0
Systeme Electric,300200823_,"G040 Рамка 3-ная ""ARTGALLERY"" шампань GAL0503 (5)",36.0,0.0,23.3,0.0,1.55,Средняя,база спроса ≈16 шт/мес (история 25 мес.); сезонность ×1.08; рост спроса ×1.32; исключено разовых крупных заказов: 1; прогноз след. месяц ≈23 шт; остаток 36 + в пути 0,5.0
Systeme Electric,300200857_,"G074 Выкл. 1 кл 10А ""ARTGALLERY"" карбон GAL1011 (5)",130.0,0.0,67.5,0.0,1.93,Средняя,база спроса ≈27 шт/мес (история 25 мес.); сезонность ×1.26; рост спроса ×2.00; исключено разовых крупных заказов: 3; прогноз след. месяц ≈68 шт; остаток 130 + в пути 0,5.0
Systeme Electric,300200862_,"G079 Переключ. 1 кл механизм ""ARTGALLERY"" карбон GAL1061 (5)",74.0,0.0,48.4,0.0,1.53,Средняя,база спроса ≈14 шт/мес (история 23 мес.); сезонность ×1.75; рост спроса ×2.00; прогноз след. месяц ≈48 шт; остаток 74 + в пути 0,5.0
Systeme Electric,300200869_,"G086 Рамка 2-ная ""ARTGALLERY"" карбон GAL1002 (5)",132.0,0.0,71.9,0.0,1.84,Средняя,база спроса ≈37 шт/мес (история 24 мес.); сезонность ×0.96; рост спроса ×2.00; прогноз след. месяц ≈72 шт; остаток 132 + в пути 0,5.0
Systeme Electric,300200882_,"G099 Рамка 1-ная ""ARTGALLERY"" золото GAL1601 (5)",43.0,0.0,22.1,0.0,1.95,Средняя,база спроса ≈24 шт/мес (история 14 мес.); сезонность ×0.65; рост спроса ×1.43; прогноз след. месяц ≈22 шт; остаток 43 + в пути 0,10.0
Systeme Electric,300200890_,"G107 Выкл. 2 кл 10А механизм ""ARTGALLERY"" сталь GAL0951 (5)",47.0,0.0,30.3,0.0,1.55,Средняя,база спроса ≈10 шт/мес (история 17 мес.); сезонность ×2.67; рост спроса ×1.15; прогноз след. месяц ≈30 шт; остаток 47 + в пути 0,5.0
Systeme Electric,300200901_,"G118 Рамка 4-ная ""ARTGALLERY"" сталь GAL0904 (5)",29.0,0.0,17.3,0.0,1.68,Средняя,база спроса ≈2 шт/мес (история 14 мес.); сезонность ×4.40; рост спроса ×2.00; прогноз след. месяц ≈17 шт; остаток 29 + в пути 0,5.0
Systeme Electric,300200912_,"G129 Выкл. 1 кл 10А ""ARTGALLERY"" мокко GAL0611 (10)",51.0,0.0,29.4,0.0,1.73,Средняя,база спроса ≈12 шт/мес (история 22 мес.); сезонность ×1.43; рост спроса ×1.80; прогноз след. месяц ≈29 шт; остаток 51 + в пути 0,10.0
Systeme Electric,300200951_,"G168 Диммер поворотно-нажимной механизм 400Вт ""ARTGALLERY"" базальт GAL1423 (1)",3.0,0.0,2.0,0.0,1.5,Средняя,база спроса ≈2 шт/мес (история 4 мес.); прогноз след. месяц ≈2 шт; остаток 3 + в пути 0,1.0
Systeme Electric,300200967_,"B010 Роз. 2-ная о/у с з/к без ш/т 16А 250В ""BLANCA"" антрацит BLNRA010216 (8)",407.0,0.0,220.6,0.0,1.84,Средняя,база спроса ≈203 шт/мес (история 16 мес.); сезонность ×0.94; рост спроса ×1.16; исключено разовых крупных заказов: 2; прогноз след. месяц ≈221 шт; остаток 407 + в пути 0,8.0
Systeme Electric,300200968_,"B009 Роз. о/у с з/к без ш/т 16А 250В ""BLANCA"" антрацит BLNRA010116 (12)",153.0,0.0,80.7,0.0,1.9,Средняя,база спроса ≈93 шт/мес (история 17 мес.); сезонность ×1.00; снижение спроса ×0.87; исключено разовых крупных заказов: 1; прогноз след. месяц ≈81 шт; остаток 153 + в пути 0,12.0
IEK,130300791_, Трубы гибкая двустенная красная (с протяжкой)   Ø40 IEK (50) ,2.0,0.0,6300.8,9450.0,0.0,Высокая,база спроса ≈3515 шт/мес (история 32 мес.); сезонность ×1.56; рост спроса ×1.15; продажи скорректированы вверх из-за дефицита на складе; прогноз след. месяц ≈6301 шт; остаток 2 + в пути 0,50.0
IEK,130300779_, Трубы гибкая двустенная красная (с протяжкой)   Ø63 IEK (50) ,64.0,2000.0,7571.4,9300.0,0.01,Высокая,база спроса ≈3621 шт/мес (история 32 мес.); сезонность ×2.21; снижение спроса ×0.94; исключено разовых крупных заказов: 1; прогноз след. месяц ≈7571 шт; остаток 64 + в пути 2000,50.0
IEK,280100010_,Кабель-канал 40х25 белый ЭЛЕКОР IEK (24),2344.0,0.0,6028.4,6720.0,0.39,Высокая,база спроса ≈1085 шт/мес (история 32 мес.); сезонность ×5.75; снижение спроса ×0.97; прогноз след. месяц ≈6028 шт; остаток 2344 + в пути 0,24.0
IEK,280300260_,Анкер стальной забивной М8,10.0,0.0,3110.0,4655.0,0.0,Высокая,база спроса ≈3110 шт/мес (история 1 мес.); прогноз след. месяц ≈3110 шт; остаток 10 + в пути 0,1.0
IEK,200400104_,"U/UTP, кат.6  4х2х0,23 solid, 305м ITK",1795.0,0.0,2565.5,2054.0,0.7,Высокая,база спроса ≈1415 шт/мес (история 31 мес.); сезонность ×1.87; снижение спроса ×0.97; прогноз след. месяц ≈2566 шт; остаток 1795 + в пути 0,1.0
IEK,250600087_,Бокс КМПн 1/2 для 1-2-х авт.выкл н/у IEK (252) ,28.0,0.0,1137.9,1764.0,0.02,Высокая,база спроса ≈808 шт/мес (история 32 мес.); сезонность ×1.19; рост спроса ×1.18; продажи скорректированы вверх из-за дефицита на складе; прогноз след. месяц ≈1138 шт; остаток 28 + в пути 0,252.0
IEK,130301101_,"ЗОИ 16-95/2,5-35 IEK (18) (72)",401.0,350.0,1224.0,1085.0,0.33,Высокая,база спроса ≈604 шт/мес (история 32 мес.); сезонность ×1.01; рост спроса ×2.00; исключено разовых крупных заказов: 2; прогноз след. месяц ≈1224 шт; остаток 401 + в пути 350,35.0
IEK,CMZ11-VT-06-030,Винт с гладкой головкой и квадратным подголов. M6х30 IEK,1299.0,0.0,1500.0,951.0,0.87,Высокая,база спроса ≈1500 шт/мес (история 1 мес.); прогноз след. месяц ≈1500 шт; остаток 1299 + в пути 0,1.0
IEK,010500005_,ВА47-29 (1ф) 10А IEK (12/144) ,3674.0,1800.0,4205.2,840.0,0.87,Высокая,база спроса ≈2612 шт/мес (история 32 мес.); сезонность ×1.25; рост спроса ×1.29; исключено разовых крупных заказов: 5; прогноз след. месяц ≈4205 шт; остаток 3674 + в пути 1800,12.0
IEK,280100122_,Кабель-канал 100х40 парапетный  ПРАЙМЕР (16),798.0,0.0,985.2,688.0,0.81,Высокая,база спроса ≈270 шт/мес (история 32 мес.); сезонность ×3.42; рост спроса ×1.07; исключено разовых крупных заказов: 1; прогноз след. месяц ≈985 шт; остаток 798 + в пути 0,16.0
IEK,030200518_,"Роз. 2-я с з/к без з/ш 16А в сборе ""BRITE"" белый (1/100)",543.0,0.0,784.5,634.0,0.69,Высокая,база спроса ≈516 шт/мес (история 32 мес.); сезонность ×1.05; рост спроса ×1.45; исключено разовых крупных заказов: 4; прогноз след. месяц ≈784 шт; остаток 543 + в пути 0,1.0
IEK,200400019_,I18 выкл. 1кл. о/у 10А ОКТАВА ВС 20-1-0-ОБ (36/432) ,194.0,0.0,506.8,576.0,0.38,Высокая,база спроса ≈195 шт/мес (история 32 мес.); сезонность ×1.63; рост спроса ×1.59; исключено разовых крупных заказов: 2; прогноз след. месяц ≈507 шт; остаток 194 + в пути 0,36.0
IEK,280300035_, Лоток перфорированный (100х300х3000) (1 мм) IEK (6),78.0,0.0,394.6,516.0,0.2,Высокая,база спроса ≈58 шт/мес (история 26 мес.); сезонность ×6.76; прогноз след. месяц ≈395 шт; остаток 78 + в пути 0,6.0
IEK,081100393_,LED Лампа T8  18w 230v 6500K G13 IEK (20),1.0,0.0,330.9,496.0,0.0,Высокая,база спроса ≈340 шт/мес (история 17 мес.); сезонность ×1.08; снижение спроса ×0.90; прогноз след. месяц ≈331 шт; остаток 1 + в пути 0,1.0
IEK,030200453_,"Роз. комп. RJ45 кат.5E б/рамки ""BRITE"" белый (1/100)",30.0,0.0,272.1,379.0,0.11,Высокая,база спроса ≈124 шт/мес (история 32 мес.); сезонность ×1.25; рост спроса ×1.76; исключено разовых крупных заказов: 4; прогноз след. месяц ≈272 шт; остаток 30 + в пути 0,1.0
IEK,200400026_,I25 роз. 2-я о/у з/к 16А ОКТАВА РС 22-3-0-ОБ (18/216),132.0,720.0,819.4,378.0,0.16,Высокая,база спроса ≈365 шт/мес (история 32 мес.); сезонность ×1.12; рост спроса ×2.00; исключено разовых крупных заказов: 2; прогноз след. месяц ≈819 шт; остаток 132 + в пути 720,18.0
IEK,010300156_, УЗО АД 12  (2ф) 16А GENERICA (5/40) !!!,6.0,0.0,255.0,377.0,0.02,Высокая,база спроса ≈255 шт/мес (история 1 мес.); прогноз след. месяц ≈255 шт; остаток 6 + в пути 0,1.0
IEK,130300526_,ЗОИ 35-150/35-150 IEK  (36),899.0,560.0,1168.5,350.0,0.77,Высокая,база спроса ≈479 шт/мес (история 32 мес.); сезонность ×1.22; рост спроса ×2.00; прогноз след. месяц ≈1168 шт; остаток 899 + в пути 560,70.0
IEK,130300608_,"ЗОИ 16-70/1,5-10 IEK (35) (140)",448.0,0.0,498.1,315.0,0.9,Высокая,база спроса ≈180 шт/мес (история 32 мес.); сезонность ×1.39; рост спроса ×2.00; продажи скорректированы вверх из-за дефицита на складе; прогноз след. месяц ≈498 шт; остаток 448 + в пути 0,35.0
IEK,010500139_,ВА47-29 (1ф)  16А GENERICA (12/144) !!!,12.0,0.0,204.0,294.0,0.06,Высокая,база спроса ≈204 шт/мес (история 4 мес.); прогноз след. месяц ≈204 шт; остаток 12 + в пути 0,1.0
IEK,200400029_,I26 выкл 1кл о/у белый IP54 ГЕРМЕС IEK ВС20-1-0-ГПБ  (10/100) ,91.0,0.0,250.3,290.0,0.36,Высокая,база спроса ≈107 шт/мес (история 32 мес.); сезонность ×1.31; рост спроса ×1.78; исключено разовых крупных заказов: 3; прогноз след. месяц ≈250 шт; остаток 91 + в пути 0,10.0
IEK,280300048_,Пластина соединительная h 100 IEK (2),23.0,0.0,199.0,276.0,0.12,Высокая,база спроса ≈43 шт/мес (история 23 мес.); сезонность ×2.44; рост спроса ×1.90; прогноз след. месяц ≈199 шт; остаток 23 + в пути 0,1.0
IEK,280300237_,I33 Роз 2-я з/к о/у серый IP54 ФОРС IEK РСб22-3-ФСр (5/60),2.0,0.0,184.3,275.0,0.01,Высокая,база спроса ≈80 шт/мес (история 20 мес.); сезонность ×1.95; рост спроса ×1.18; продажи скорректированы вверх из-за дефицита на складе; прогноз след. месяц ≈184 шт; остаток 2 + в пути 0,1.0
IEK,130301232_, Трубы гибкая двустенная красная (с протяжкой)  Ø160  IEK (35) ,5.0,0.0,163.4,245.0,0.03,Высокая,база спроса ≈208 шт/мес (история 28 мес.); сезонность ×0.49; рост спроса ×1.61; продажи скорректированы вверх из-за дефицита на складе; прогноз след. месяц ≈163 шт; остаток 5 + в пути 0,35.0
IEK,270300079_,Кабель-канал перфорированный  25х40 ИМПАКТ IEK (60),252.0,0.0,325.7,240.0,0.77,Высокая,база спроса ≈120 шт/мес (история 29 мес.); сезонность ×1.81; рост спроса ×1.50; исключено разовых крупных заказов: 2; прогноз след. месяц ≈326 шт; остаток 252 + в пути 0,60.0
IEK,280100011_,Кабель-канал 40х40 белый ЭЛЕКОР IEK (24),11.0,72.0,214.4,240.0,0.05,Высокая,база спроса ≈83 шт/мес (история 32 мес.); сезонность ×1.30; рост спроса ×2.00; прогноз след. месяц ≈214 шт; остаток 11 + в пути 72,24.0
IEK,ст-9952711,ВА47-29 (4ф) 10А IEK (36) !!!,2.0,0.0,158.5,236.0,0.01,Высокая,база спроса ≈158 шт/мес (история 2 мес.); прогноз след. месяц ≈158 шт; остаток 2 + в пути 0,1.0
IEK,130200121_,"Шина ""N"" нулевая 8х12мм комб с изол ""Стойка"" ШНИ  8 КС IEK (20)",7.0,0.0,145.2,220.0,0.05,Высокая,база спроса ≈67 шт/мес (история 32 мес.); сезонность ×2.41; снижение спроса ×0.90; исключено разовых крупных заказов: 4; прогноз след. месяц ≈145 шт; остаток 7 + в пути 0,20.0
IEK,010500141_,ВА47-29 (1ф)  25А GENERICA (12/144) !!!,4.0,0.0,140.0,206.0,0.03,Высокая,база спроса ≈140 шт/мес (история 2 мес.); прогноз след. месяц ≈140 шт; остаток 4 + в пути 0,1.0
IEK,130200032_,Розетка на дин-рейку РАр10-3-ОП с заземлением IEK,4.0,0.0,138.7,205.0,0.03,Высокая,база спроса ≈138 шт/мес (история 30 мес.); сезонность ×1.37; снижение спроса ×0.73; исключено разовых крупных заказов: 10; продажи скорректированы вверх из-за дефицита на складе; прогноз след. месяц ≈139 шт; остаток 4 + в пути 0,5.0
IEK,030200525_,"Роз. с з/к без з/ш 16А б/рамки ""BRITE""  шампань (1/100)",38.0,0.0,159.9,202.0,0.24,Высокая,база спроса ≈216 шт/мес (история 25 мес.); сезонность ×1.06; снижение спроса ×0.70; прогноз след. месяц ≈160 шт; остаток 38 + в пути 0,1.0
IEK,030200855_," Рамка 1-мест. ""BRITE"" стекло белый (1/100)",17.0,0.0,143.7,199.0,0.12,Высокая,база спроса ≈17 шт/мес (история 19 мес.); сезонность ×5.00; рост спроса ×1.72; прогноз след. месяц ≈144 шт; остаток 17 + в пути 0,1.0
IEK,130300227_, ЗНИ 10PEN 10мм2 (JXB-земля) IEK E-PRO,15.0,0.0,140.0,195.0,0.11,Высокая,база спроса ≈140 шт/мес (история 2 мес.); прогноз след. месяц ≈140 шт; остаток 15 + в пути 0,1.0
IEK,280200034_,Внешний угол КМН 16х16 Белый ЭЛЕКОР IEK (4),127.0,0.0,208.0,185.0,0.61,Высокая,база спроса ≈35 шт/мес (история 25 мес.); сезонность ×2.97; рост спроса ×2.00; прогноз след. месяц ≈208 шт; остаток 127 + в пути 0,1.0
IEK,200400021_,I19 выкл. 2кл. о/у 10А ОКТАВА ВС 20-2-0-ОБ (36/432) ,57.0,0.0,149.9,180.0,0.38,Высокая,база спроса ≈31 шт/мес (история 32 мес.); сезонность ×2.41; рост спроса ×2.00; исключено разовых крупных заказов: 1; прогноз след. месяц ≈150 шт; остаток 57 + в пути 0,36.0
IEK,200400024_,I23 роз. о/у з/к 16А ОКТАВА РС 20-3-0-ОБ (30/360),41.0,0.0,140.4,180.0,0.29,Высокая,база спроса ≈173 шт/мес (история 32 мес.); сезонность ×0.80; рост спроса ×1.02; исключено разовых крупных заказов: 3; прогноз след. месяц ≈140 шт; остаток 41 + в пути 0,30.0
IEK,010300171_, УЗО АВДТ 32  40А GENERICA (6/60),34.0,0.0,141.0,178.0,0.24,Высокая,база спроса ≈141 шт/мес (история 2 мес.); прогноз след. месяц ≈141 шт; остаток 34 + в пути 0,1.0
IEK,130300231_,ЗНИ  4мм ² (35А) синий  IEK (60),5.0,0.0,120.0,175.0,0.04,Высокая,база спроса ≈120 шт/мес (история 1 мес.); прогноз след. месяц ≈120 шт; остаток 5 + в пути 0,1.0
IEK,280300179_,Распределительная коробка с/у для полых стен г/к  80х40 IP20 КМ41024 IEK (175),77.0,0.0,110.4,175.0,0.7,Высокая,база спроса ≈22 шт/мес (история 24 мес.); сезонность ×2.90; рост спроса ×1.74; прогноз след. месяц ≈110 шт; остаток 77 + в пути 0,175.0
IEK,240100090_,Дюбель-хомут 19-25мм нейлон бел. IEK (100) ,20.0,0.0,129.3,174.0,0.15,Высокая,база спроса ≈151 шт/мес (история 6 мес.); снижение спроса ×0.86; продажи скорректированы вверх из-за дефицита на складе; прогноз след. месяц ≈129 шт; остаток 20 + в пути 0,1.0
IEK,150100997_, ТУТ  4/2 черная IEK (1),5.0,0.0,114.0,166.0,0.04,Высокая,база спроса ≈114 шт/мес (история 3 мес.); прогноз след. месяц ≈114 шт; остаток 5 + в пути 0,1.0
IEK,010500145_,ВА47-29 (1ф)  63А GENERICA (12/144) !!!,2.0,0.0,108.0,160.0,0.02,Высокая,база спроса ≈108 шт/мес (история 3 мес.); прогноз след. месяц ≈108 шт; остаток 2 + в пути 0,1.0
IEK,150101213_,Патрон подвесной GU5.3 со шнуром керамика IEK  E-PRO,1.0,0.0,104.0,155.0,0.01,Высокая,база спроса ≈52 шт/мес (история 7 мес.); рост спроса ×2.00; продажи скорректированы вверх из-за дефицита на складе; прогноз след. месяц ≈104 шт; остаток 1 + в пути 0,1.0
IEK,130300527_,ЗОИ 35-150/6-35 IEK (144),628.0,288.0,685.6,144.0,0.92,Высокая,база спроса ≈249 шт/мес (история 30 мес.); сезонность ×2.27; рост спроса ×1.21; прогноз след. месяц ≈686 шт; остаток 628 + в пути 288,144.0
IEK,280300083_, Лоток проволочный (50х80х3000) IEK (6),90.0,0.0,154.9,144.0,0.58,Высокая,база спроса ≈56 шт/мес (история 28 мес.); сезонность ×2.22; рост спроса ×1.25; прогноз след. месяц ≈155 шт; остаток 90 + в пути 0,18.0
IEK,280300289_,Крышка на лоток осн. 150 мм. IEK (6),3.0,0.0,91.2,138.0,0.03,Высокая,база спроса ≈31 шт/мес (история 29 мес.); сезонность ×2.38; рост спроса ×1.25; исключено разовых крупных заказов: 1; продажи скорректированы вверх из-за дефицита на складе; прогноз след. месяц ≈91 шт; остаток 3 + в пути 0,6.0
IEK,120100034_, Контактор КМИ-11810 18А 400В (1вел) IEK (1/50),40.0,0.0,117.3,136.0,0.34,Высокая,база спроса ≈23 шт/мес (история 30 мес.); сезонность ×2.55; рост спроса ×2.00; прогноз след. месяц ≈117 шт; остаток 40 + в пути 0,1.0
IEK,280300295_,Бокс КМПн 1/4 для 4-х авт.выкл н/у IEK (135),2.0,0.0,69.3,135.0,0.03,Высокая,база спроса ≈100 шт/мес (история 32 мес.); сезонность ×1.17; снижение спроса ×0.59; исключено разовых крупных заказов: 5; продажи скорректированы вверх из-за дефицита на складе; прогноз след. месяц ≈69 шт; остаток 2 + в пути 0,135.0
IEK,020100020_,Стационарная розетка  124 3р+ре 32А 380В IP 44 IEK,80.0,30.0,155.5,130.0,0.51,Высокая,база спроса ≈41 шт/мес (история 31 мес.); сезонность ×1.90; рост спроса ×2.00; прогноз след. месяц ≈156 шт; остаток 80 + в пути 30,10.0
IEK,YZN20-004-K52,Зажим наборный ЗНИ-4PEN 4мм2 (JXB-земля) IEK,20.0,0.0,100.0,130.0,0.2,Высокая,база спроса ≈100 шт/мес (история 1 мес.); прогноз след. месяц ≈100 шт; остаток 20 + в пути 0,1.0
IEK,200400028_,I29 роз 2-я з/к о/у дымчатый IP54 ГЕРМЕС IEK РСб22-3-ГПБд  (5/50) ,271.0,100.0,327.4,125.0,0.83,Высокая,база спроса ≈208 шт/мес (история 32 мес.); сезонность ×1.65; снижение спроса ×0.96; исключено разовых крупных заказов: 1; прогноз след. месяц ≈327 шт; остаток 271 + в пути 100,5.0
IEK,250600173_,ЩРН-П  4 модуля навесн. пластик IP41 GENERICA (20),69.0,0.0,128.0,123.0,0.54,Высокая,база спроса ≈12 шт/мес (история 25 мес.); сезонность ×12.50; снижение спроса ×0.85; прогноз след. месяц ≈128 шт; остаток 69 + в пути 0,1.0
IEK,280100001_,Кабель-канал 100х40 белый ЭЛЕКОР IEK (8),106.0,32.0,171.7,120.0,0.62,Высокая,база спроса ≈22 шт/мес (история 31 мес.); сезонность ×6.32; рост спроса ×1.24; прогноз след. месяц ≈172 шт; остаток 106 + в пути 32,8.0
IEK,280200051_,Поворот 90° КМП 100х60 Белый ЭЛЕКОР IEK (2),8.0,0.0,81.0,116.0,0.1,Высокая,база спроса ≈18 шт/мес (история 28 мес.); сезонность ×2.19; рост спроса ×2.00; продажи скорректированы вверх из-за дефицита на складе; прогноз след. месяц ≈81 шт; остаток 8 + в пути 0,4.0
IEK,200400048_,"U/UTP, кат.5Е 4х2х0,51 solid, серый 305м ITK",211.0,0.0,215.1,112.0,0.98,Высокая,база спроса ≈118 шт/мес (история 29 мес.); сезонность ×0.91; рост спроса ×2.00; прогноз след. месяц ≈215 шт; остаток 211 + в пути 0,1.0
IEK,010300157_, УЗО АД 12  (2ф) 25А GENERICA (5/40) !!!,2.0,0.0,75.0,111.0,0.03,Высокая,база спроса ≈75 шт/мес (история 1 мес.); прогноз след. месяц ≈75 шт; остаток 2 + в пути 0,1.0
IEK,020100012_,Переносная розетка  224 3р+ре 32А 380В IP44 IEK,52.0,40.0,129.7,110.0,0.4,Высокая,база спроса ≈14 шт/мес (история 30 мес.); сезонность ×4.56; рост спроса ×2.00; исключено разовых крупных заказов: 1; прогноз след. месяц ≈130 шт; остаток 52 + в пути 40,10.0
IEK,081100769_,"Светильник аварийный ДПА 5030-3, NI-CD, пост.,3ч,IP20, IEK",14.0,0.0,81.4,109.0,0.17,Высокая,база спроса ≈12 шт/мес (история 26 мес.); сезонность ×3.30; рост спроса ×2.00; продажи скорректированы вверх из-за дефицита на складе; прогноз след. месяц ≈81 шт; остаток 14 + в пути 0,1.0
IEK,280300229_, I7  роз. 2-я с/у  10А КВАРТА РС 12-2-КБ (180),31.0,0.0,91.6,108.0,0.34,Высокая,база спроса ≈15 шт/мес (история 30 мес.); сезонность ×3.63; рост спроса ×1.64; прогноз след. месяц ≈92 шт; остаток 31 + в пути 0,9.0
IEK,010300074_, УЗО АВДТ 32  10А IEK  (6/60),103.0,0.0,138.4,105.0,0.74,Высокая,база спроса ≈57 шт/мес (история 30 мес.); сезонность ×2.13; рост спроса ×1.13; прогноз след. месяц ≈138 шт; остаток 103 + в пути 0,1.0
IEK,EPP14-04-01-K01,"Ппл27-04-К51 Патрон подвесной с шнуром, пластик, Е27, белый (50 шт), стикер на изделии, IEK E-PRO",47.0,0.0,100.0,103.0,0.47,Высокая,база спроса ≈78 шт/мес (история 12 мес.); сезонность ×1.28; продажи скорректированы вверх из-за дефицита на складе; прогноз след. месяц ≈100 шт; остаток 47 + в пути 0,1.0
IEK,030200559_,"Рамка 1-мест. ""BRITE"" маренго (1/100)",1.0,0.0,68.6,102.0,0.01,Высокая,база спроса ≈13 шт/мес (история 29 мес.); сезонность ×3.20; рост спроса ×1.69; исключено разовых крупных заказов: 1; прогноз след. месяц ≈69 шт; остаток 1 + в пути 0,1.0
IEK,280200038_,Внутренний угол КМВ 16х16 Белый ЭЛЕКОР IEK (4),37.0,0.0,91.4,101.0,0.4,Высокая,база спроса ≈41 шт/мес (история 25 мес.); сезонность ×1.71; рост спроса ×1.32; прогноз след. месяц ≈91 шт; остаток 37 + в пути 0,1.0
IEK,130200036_,DIN-рейка (125cм) IEK (20),148.0,500.0,486.4,100.0,0.3,Высокая,база спроса ≈111 шт/мес (история 32 мес.); сезонность ×3.92; рост спроса ×1.12; исключено разовых крупных заказов: 4; прогноз след. месяц ≈486 шт; остаток 148 + в пути 500,20.0
IEK,130301636_,Колодка клеммная CP 4мм2 серая IEK,6.0,0.0,17.0,100.0,0.35,Высокая,база спроса ≈8 шт/мес (история 8 мес.); рост спроса ×2.00; прогноз след. месяц ≈17 шт; остаток 6 + в пути 0,100.0
IEK,130301639_,"Колодка клеммная CP-MC 4 вывода 2,5мм2 серая IEK",4.0,0.0,10.0,100.0,0.4,Высокая,база спроса ≈10 шт/мес (история 4 мес.); прогноз след. месяц ≈10 шт; остаток 4 + в пути 0,100.0
IEK,130600027_,Реле РЭК78/3(MY3)  5А 220В АC IEK (20/500),45.0,0.0,90.7,100.0,0.5,Высокая,база спроса ≈12 шт/мес (история 29 мес.); сезонность ×3.85; рост спроса ×2.00; исключено разовых крупных заказов: 1; прогноз след. месяц ≈91 шт; остаток 45 + в пути 0,20.0
IEK,270300078_,Кабель-канал перфорированный  25х25 ИМПАКТ IEK (100),26.0,0.0,74.9,100.0,0.35,Высокая,база спроса ≈40 шт/мес (история 31 мес.); сезонность ×1.17; рост спроса ×1.60; исключено разовых крупных заказов: 2; прогноз след. месяц ≈75 шт; остаток 26 + в пути 0,100.0
IEK,270300151_,Кабель-канал перфорированный  80х60 ИМПАКТ IEK (16),2.0,0.0,56.9,96.0,0.04,Высокая,база спроса ≈37 шт/мес (история 24 мес.); сезонность ×1.38; рост спроса ×1.12; продажи скорректированы вверх из-за дефицита на складе; прогноз след. месяц ≈57 шт; остаток 2 + в пути 0,16.0
IEK,270300200_,Кабель-канал перфорированный  60х40 ИМПАКТ IEK (24),8.0,0.0,60.7,96.0,0.13,Высокая,база спроса ≈48 шт/мес (история 30 мес.); сезонность ×0.76; рост спроса ×1.69; исключено разовых крупных заказов: 1; прогноз след. месяц ≈61 шт; остаток 8 + в пути 0,24.0
IEK,280100404_,Кабель-канал 20х10 ольха ЭЛЕКОР IEK (96),4.0,0.0,4.5,96.0,0.89,Высокая,база спроса ≈8 шт/мес (история 13 мес.); сезонность ×1.00; снижение спроса ×0.57; прогноз след. месяц ≈4 шт; остаток 4 + в пути 0,96.0
IEK,030201462_, Розетка 1-я о/у з/к c крышкой графит IP55 TORS IEK (1/60),1.0,0.0,64.0,95.0,0.02,Высокая,база спроса ≈64 шт/мес (история 4 мес.); прогноз след. месяц ≈64 шт; остаток 1 + в пути 0,1.0
IEK,010500143_,ВА47-29 (1ф)  40А GENERICA (12/144) !!!,72.0,0.0,108.0,90.0,0.67,Высокая,база спроса ≈108 шт/мес (история 2 мес.); прогноз след. месяц ≈108 шт; остаток 72 + в пути 0,1.0
IEK,250600008_,ЩРН-П 18 IEK (10) MKP12-N-04-18-41,40.0,10.0,88.3,90.0,0.45,Высокая,база спроса ≈16 шт/мес (история 32 мес.); сезонность ×3.47; рост спроса ×1.61; исключено разовых крупных заказов: 2; прогноз след. месяц ≈88 шт; остаток 40 + в пути 10,10.0
IEK,290100009_,У03 (3места 2р+ре.3метра) IEK,1.0,0.0,58.3,87.0,0.02,Высокая,база спроса ≈52 шт/мес (история 7 мес.); рост спроса ×1.12; продажи скорректированы вверх из-за дефицита на складе; прогноз след. месяц ≈58 шт; остаток 1 + в пути 0,1.0
IEK,130300534_,Зажим плашечный ЗП 6-95/6-95 (SL37.27) IEK (21),25.0,0.0,70.9,84.0,0.35,Высокая,база спроса ≈4 шт/мес (история 19 мес.); сезонность ×11.00; рост спроса ×1.61; прогноз след. месяц ≈71 шт; остаток 25 + в пути 0,21.0
IEK,280100336_,Кабель-канал 16х16 черный ЭЛЕКОР IEK (84м),6.0,0.0,21.3,84.0,0.28,Высокая,база спроса ≈19 шт/мес (история 26 мес.); сезонность ×1.33; снижение спроса ×0.86; прогноз след. месяц ≈21 шт; остаток 6 + в пути 0,84.0
IEK,081100749_,Светильник встраиваемый под лампу GX53 белый IEK,91.0,0.0,109.4,80.0,0.83,Высокая,база спроса ≈98 шт/мес (история 30 мес.); сезонность ×1.27; снижение спроса ×0.87; прогноз след. месяц ≈109 шт; остаток 91 + в пути 0,10.0
IEK,130200034_,DIN-рейка  (60см) IEK (20),2.0,0.0,51.0,75.0,0.04,Высокая,база спроса ≈51 шт/мес (история 2 мес.); прогноз след. месяц ≈51 шт; остаток 2 + в пути 0,1.0
IEK,030200497_,"Рамка 4-мест. ""BRITE"" черный (1/100)",67.0,0.0,93.9,74.0,0.71,Высокая,база спроса ≈78 шт/мес (история 32 мес.); сезонность ×1.22; исключено разовых крупных заказов: 2; прогноз след. месяц ≈94 шт; остаток 67 + в пути 0,1.0
IEK,010300017_, УЗО ВД1 63 (2ф) 40А 30мА  IEK  (1/48),5.0,0.0,51.7,73.0,0.1,Высокая,база спроса ≈55 шт/мес (история 32 мес.); сезонность ×0.87; рост спроса ×1.08; исключено разовых крупных заказов: 6; прогноз след. месяц ≈52 шт; остаток 5 + в пути 0,1.0
IEK,010500003_,ВА47-29 (1ф)   2А IEK (12/144) ,198.0,48.0,206.2,72.0,0.96,Высокая,база спроса ≈28 шт/мес (история 32 мес.); сезонность ×4.81; рост спроса ×1.51; исключено разовых крупных заказов: 4; прогноз след. месяц ≈206 шт; остаток 198 + в пути 48,12.0
IEK,010500054_,ВА47-29 (1ф)  5А IEK (12/144) ,21.0,0.0,60.7,72.0,0.35,Высокая,база спроса ≈14 шт/мес (история 25 мес.); сезонность ×4.46; прогноз след. месяц ≈61 шт; остаток 21 + в пути 0,12.0
IEK,130300021_,Кнопка ABLFS-22 (зеленый неон) IEK (10/200),3.0,0.0,46.7,70.0,0.06,Высокая,база спроса ≈20 шт/мес (история 30 мес.); сезонность ×1.18; рост спроса ×1.97; прогноз след. месяц ≈47 шт; остаток 3 + в пути 0,10.0
IEK,240100012_," Хомут 4,8х500 IEK (100)",1.0,0.0,41.9,70.0,0.02,Высокая,база спроса ≈6 шт/мес (история 25 мес.); сезонность ×3.83; рост спроса ×2.00; прогноз след. месяц ≈42 шт; остаток 1 + в пути 0,10.0
IEK,030200863_," Рамка 1-мест. ""BRITE"" стекло серый (1/100)",14.0,0.0,54.6,68.0,0.26,Высокая,база спроса ≈6 шт/мес (история 20 мес.); сезонность ×8.67; прогноз след. месяц ≈55 шт; остаток 14 + в пути 0,1.0
IEK,280200073_,Т-образный угол КМТ 60х40 Белый ЭЛЕКОР IEK (4),17.0,0.0,55.7,67.0,0.31,Высокая,база спроса ≈18 шт/мес (история 31 мес.); сезонность ×1.55; рост спроса ×2.00; прогноз след. месяц ≈56 шт; остаток 17 + в пути 0,1.0
IEK,250200016_,ЩРН  24 (395x210x120) IP31 TITAN 3 IEK      ,2.0,0.0,42.3,62.0,0.05,Высокая,база спроса ≈5 шт/мес (история 30 мес.); сезонность ×5.70; рост спроса ×1.62; исключено разовых крупных заказов: 2; прогноз след. месяц ≈42 шт; остаток 2 + в пути 0,1.0
IEK,081100635_,Лампа LED T75 таблетка 15Вт 230В 6500К GX53 IEK,110.0,0.0,111.0,60.0,0.99,Высокая,база спроса ≈38 шт/мес (история 32 мес.); сезонность ×1.44; рост спроса ×2.00; исключено разовых крупных заказов: 1; прогноз след. месяц ≈111 шт; остаток 110 + в пути 0,10.0
IEK,130200122_,"Шина ""N"" нулевая 8х12мм комб с изол ""Стойка"" ШНИ 10 КС IEK (20)",18.0,120.0,130.2,60.0,0.14,Высокая,база спроса ≈94 шт/мес (история 30 мес.); сезонность ×1.48; снижение спроса ×0.94; исключено разовых крупных заказов: 8; прогноз след. месяц ≈130 шт; остаток 18 + в пути 120,20.0
IEK,240100027_,"Хомут 4,8х300 IEK (100)",41.0,0.0,65.7,60.0,0.62,Высокая,база спроса ≈68 шт/мес (история 27 мес.); сезонность ×0.82; рост спроса ×1.19; прогноз след. месяц ≈66 шт; остаток 41 + в пути 0,10.0
IEK,240100093_,"Хомут 3,6х350 черные IEK (100)",2.0,0.0,33.1,60.0,0.06,Высокая,база спроса ≈33 шт/мес (история 32 мес.); сезонность ×0.72; рост спроса ×1.41; прогноз след. месяц ≈33 шт; остаток 2 + в пути 0,20.0
IEK,250600010_,ЩРН-П  6 IEK (20) MKP12-N-04-06-41,108.0,0.0,110.0,60.0,0.98,Высокая,база спроса ≈16 шт/мес (история 32 мес.); сезонность ×7.71; снижение спроса ×0.91; исключено разовых крупных заказов: 2; прогноз след. месяц ≈110 шт; остаток 108 + в пути 0,20.0
IEK,130500002_,Изолятор SM30 IEK (10),2.0,0.0,40.5,59.0,0.05,Высокая,база спроса ≈12 шт/мес (история 13 мес.); сезонность ×6.86; снижение спроса ×0.50; прогноз след. месяц ≈40 шт; остаток 2 + в пути 0,1.0
IEK,010500031_,Выкл. нагрузки ВН-32 (2ф)  63А IEK (120) !!!,55.0,0.0,74.0,56.0,0.74,Высокая,база спроса ≈74 шт/мес (история 5 мес.); прогноз след. месяц ≈74 шт; остаток 55 + в пути 0,1.0
IEK,280200067_,Т-образный угол КМТ 100х60 Белый ЭЛЕКОР IEK (2),3.0,0.0,38.0,56.0,0.08,Высокая,база спроса ≈8 шт/мес (история 29 мес.); сезонность ×2.38; рост спроса ×2.00; исключено разовых крупных заказов: 1; прогноз след. месяц ≈38 шт; остаток 3 + в пути 0,4.0
IEK,280300741_,"STRUT-профиль перфорированный  41х21х2000-1,5 IEK",1.0,0.0,37.7,56.0,0.03,Высокая,база спроса ≈24 шт/мес (история 11 мес.); рост спроса ×1.57; продажи скорректированы вверх из-за дефицита на складе; прогноз след. месяц ≈38 шт; остаток 1 + в пути 0,2.0
IEK,280300232_,I30 Выкл 1кл о/у серый IP54 ФОРС IEK ВС20-1-0-ФСр (10/100),1.0,0.0,36.2,54.0,0.03,Высокая,база спроса ≈16 шт/мес (история 23 мес.); сезонность ×3.14; снижение спроса ×0.73; продажи скорректированы вверх из-за дефицита на складе; прогноз след. месяц ≈36 шт; остаток 1 + в пути 0,1.0
IEK,010300016_, УЗО ВД1 63 (2ф) 32А 30мА IEK  (1/48),29.0,0.0,53.4,52.0,0.54,Высокая,база спроса ≈33 шт/мес (история 32 мес.); сезонность ×0.81; рост спроса ×2.00; исключено разовых крупных заказов: 3; прогноз след. месяц ≈53 шт; остаток 29 + в пути 0,1.0
IEK,270300101_,"Трансформатор тока ТТИ-А  200/5А  5ВА  класс 0,5  IEK",29.0,10.0,60.6,52.0,0.48,Высокая,база спроса ≈10 шт/мес (история 26 мес.); сезонность ×4.00; рост спроса ×1.55; исключено разовых крупных заказов: 1; прогноз след. месяц ≈61 шт; остаток 29 + в пути 10,1.0
IEK,130300528_,Фасадное крепление КФК12-47.1 IEK (50) (150),32.0,0.0,32.9,50.0,0.97,Высокая,база спроса ≈15 шт/мес (история 19 мес.); сезонность ×1.13; рост спроса ×1.94; прогноз след. месяц ≈33 шт; остаток 32 + в пути 0,50.0
IEK,130301632_,"Колодка клеммная CTS-ML 3 ур. 2,5мм2 серая IEK",10.0,0.0,40.0,50.0,0.25,Высокая,база спроса ≈40 шт/мес (история 3 мес.); прогноз след. месяц ≈40 шт; остаток 10 + в пути 0,50.0
IEK,130301715_,"Заглушка для CP-MC 3 вывода 2,5мм2 серая IEK",2.0,0.0,10.0,50.0,0.2,Высокая,база спроса ≈10 шт/мес (история 4 мес.); прогноз след. месяц ≈10 шт; остаток 2 + в пути 0,50.0
IEK,130301736_,"Перемычка гребенчатая для CP 2,5мм2 3PIN IEK",5.0,0.0,7.0,50.0,0.71,Высокая,база спроса ≈7 шт/мес (история 3 мес.); прогноз след. месяц ≈7 шт; остаток 5 + в пути 0,50.0
IEK,280300181_,Распределительная  коробка о/у  с сальниками 150х110х70 IP44 КМ41241 IEK (30),30.0,0.0,52.4,49.0,0.57,Высокая,база спроса ≈8 шт/мес (история 30 мес.); сезонность ×3.45; рост спроса ×2.00; прогноз след. месяц ≈52 шт; остаток 30 + в пути 0,1.0
IEK,270300153_,Кабель-канал перфорированный 100х60 ИМПАКТ IEK (12),10.0,0.0,35.5,48.0,0.28,Высокая,база спроса ≈16 шт/мес (история 31 мес.); сезонность ×1.50; рост спроса ×1.46; исключено разовых крупных заказов: 2; прогноз след. месяц ≈36 шт; остаток 10 + в пути 0,12.0
IEK,280300072_,Поворот 90º  50х100 IEK,8.0,0.0,36.3,47.0,0.22,Высокая,база спроса ≈7 шт/мес (история 31 мес.); сезонность ×3.54; рост спроса ×1.38; прогноз след. месяц ≈36 шт; остаток 8 + в пути 0,1.0
IEK,EPP14-04-01-K02,"Ппл27-04-К52 Патрон подвесной с шнуром, пластик, Е27, черный (50 шт), стикер на изделии, IEK E-PRO",7.0,0.0,35.5,47.0,0.2,Высокая,база спроса ≈71 шт/мес (история 11 мес.); снижение спроса ×0.50; прогноз след. месяц ≈36 шт; остаток 7 + в пути 0,1.0
IEK,081100391_,LED Лампа T8  10w 230v 6500K G13  IEK (20),10.0,0.0,37.0,46.0,0.27,Высокая,база спроса ≈71 шт/мес (история 16 мес.); сезонность ×0.41; рост спроса ×1.28; прогноз след. месяц ≈37 шт; остаток 10 + в пути 0,1.0
IEK,030200440_,"Выкл 1-кл. прох. 10А б/рамки ""BRITE"" шампань (1/100)",19.0,0.0,42.3,45.0,0.45,Высокая,база спроса ≈22 шт/мес (история 31 мес.); сезонность ×1.25; рост спроса ×1.54; продажи скорректированы вверх из-за дефицита на складе; прогноз след. месяц ≈42 шт; остаток 19 + в пути 0,1.0
IEK,081100774_,"Датчик движения ДД 201 белый, 1200Вт, 360 гр.,6М,IP20,IEK",4.0,0.0,32.5,45.0,0.12,Высокая,база спроса ≈14 шт/мес (история 21 мес.); сезонность ×2.79; снижение спроса ×0.83; прогноз след. месяц ≈32 шт; остаток 4 + в пути 0,1.0
IEK,250600176_,ЩРН-П 12 модулей навесн. пластик IP41 GENERICA (10),2.0,0.0,31.3,45.0,0.06,Высокая,база спроса ≈59 шт/мес (история 16 мес.); сезонность ×0.81; снижение спроса ×0.66; продажи скорректированы вверх из-за дефицита на складе; прогноз след. месяц ≈31 шт; остаток 2 + в пути 0,1.0
IEK,030200865_," Рамка 1-мест. ""BRITE"" стекло дымчатый (1/100)",17.0,0.0,39.6,43.0,0.43,Высокая,база спроса ≈17 шт/мес (история 21 мес.); сезонность ×1.24; рост спроса ×1.86; прогноз след. месяц ≈40 шт; остаток 17 + в пути 0,1.0
IEK,030200568_,"Роз. USB A+C 18Вт б/рамки ""BRITE"" белый (1/80)",11.0,0.0,34.7,42.0,0.32,Высокая,база спроса ≈6 шт/мес (история 21 мес.); сезонность ×3.00; рост спроса ×2.00; прогноз след. месяц ≈35 шт; остаток 11 + в пути 0,1.0
IEK,030200412_,"Выкл 1-кл. прох. 10А б/рамки ""BRITE"" алюминий (1/100)",47.0,0.0,57.6,40.0,0.82,Высокая,база спроса ≈9 шт/мес (история 24 мес.); сезонность ×3.05; рост спроса ×2.00; прогноз след. месяц ≈58 шт; остаток 47 + в пути 0,1.0
IEK,130600061_,Реле РЭК78/4(MY4)  3А 220В АC IEK (20/500),19.0,40.0,63.4,40.0,0.3,Высокая,база спроса ≈42 шт/мес (история 32 мес.); сезонность ×1.08; рост спроса ×1.40; прогноз след. месяц ≈63 шт; остаток 19 + в пути 40,20.0
IEK,200400027_,I28 роз з/к о/у дымчатый IP54 ГЕРМЕС IEK РСб20-3-ГПБд  (10/100) ,377.0,250.0,438.6,40.0,0.86,Высокая,база спроса ≈261 шт/мес (история 32 мес.); сезонность ×0.84; рост спроса ×2.00; исключено разовых крупных заказов: 2; прогноз след. месяц ≈439 шт; остаток 377 + в пути 250,10.0
IEK,130500008_, Сальник PG 11 (7-9мм) IEK (20),1.0,0.0,25.0,37.0,0.04,Высокая,база спроса ≈12 шт/мес (история 9 мес.); рост спроса ×2.00; прогноз след. месяц ≈25 шт; остаток 1 + в пути 0,1.0
IEK,280200042_,Внутренний угол КМВ 60х40 Белый ЭЛЕКОР IEK (4),52.0,20.0,72.3,37.0,0.72,Высокая,база спроса ≈59 шт/мес (история 32 мес.); сезонность ×0.91; рост спроса ×1.35; исключено разовых крупных заказов: 1; продажи скорректированы вверх из-за дефицита на складе; прогноз след. месяц ≈72 шт; остаток 52 + в пути 20,1.0
IEK,010300023_, УЗО ВД1-63 (4ф) 40А 30мА IEK  (1/24),50.0,0.0,57.3,36.0,0.87,Высокая,база спроса ≈14 шт/мес (история 32 мес.); сезонность ×2.39; рост спроса ×1.67; исключено разовых крупных заказов: 3; прогноз след. месяц ≈57 шт; остаток 50 + в пути 0,1.0
IEK,130301100_,ЗОИ 25-95/25-95 IEK (18),34.0,0.0,38.0,36.0,0.89,Высокая,база спроса ≈69 шт/мес (история 28 мес.); сезонность ×0.58; снижение спроса ×0.95; прогноз след. месяц ≈38 шт; остаток 34 + в пути 0,18.0
IEK,200400020_,I20выкл. 1кл. с инд. о/у 10А ОКТАВА ВС 20-1-1-ОБ (36/432) ,15.0,0.0,25.3,36.0,0.59,Высокая,база спроса ≈9 шт/мес (история 27 мес.); сезонность ×2.28; рост спроса ×1.24; исключено разовых крупных заказов: 1; прогноз след. месяц ≈25 шт; остаток 15 + в пути 0,36.0
IEK,CLP1CL-300-1,Кронштейн замковый осн.300мм IEK,1.0,0.0,24.0,35.0,0.04,Высокая,база спроса ≈24 шт/мес (история 1 мес.); прогноз след. месяц ≈24 шт; остаток 1 + в пути 0,1.0
IEK,щт-0000861,Распред. блок на DIN-рейку РБД-125А IEK !!!,1.0,0.0,24.0,35.0,0.04,Высокая,база спроса ≈24 шт/мес (история 1 мес.); прогноз след. месяц ≈24 шт; остаток 1 + в пути 0,1.0
IEK,ярп5852," Переключатель LAY5-BW8465 ""I-O"" сдвоенная с подсветкой IEK !!!",10.0,0.0,30.0,35.0,0.33,Высокая,база спроса ≈30 шт/мес (история 2 мес.); прогноз след. месяц ≈30 шт; остаток 10 + в пути 0,1.0
IEK,280100385_,Угол внутренний КМВ 25х16 сосна ЭЛЕКОР IEK (4шт/компл) ,14.0,0.0,31.5,34.0,0.44,Высокая,база спроса ≈32 шт/мес (история 2 мес.); прогноз след. месяц ≈32 шт; остаток 14 + в пути 0,1.0
IEK,280200053_,Поворот 90° КМП 16х16 Белый ЭЛЕКОР IEK (4),36.0,0.0,46.2,34.0,0.78,Высокая,база спроса ≈28 шт/мес (история 27 мес.); сезонность ×0.83; рост спроса ×2.00; прогноз след. месяц ≈46 шт; остаток 36 + в пути 0,1.0
IEK,030200521_,"Роз. без з/к 10А б/рамки ""BRITE"" жемчуг (1/100)",38.0,0.0,46.2,32.0,0.82,Высокая,база спроса ≈31 шт/мес (история 15 мес.); сезонность ×1.45; рост спроса ×1.03; прогноз след. месяц ≈46 шт; остаток 38 + в пути 0,1.0
IEK,130300102_,Таймер ТЭ15 цифровой 16А 230В на DIN-рейку IEK (100),79.0,20.0,86.8,32.0,0.91,Высокая,база спроса ≈63 шт/мес (история 32 мес.); сезонность ×1.32; рост спроса ×1.05; исключено разовых крупных заказов: 5; прогноз след. месяц ≈87 шт; остаток 79 + в пути 20,1.0
IEK,280100411_,Кабель-канал 25х25 черный ЭЛЕКОР IEK (32),2.0,0.0,15.0,32.0,0.13,Высокая,база спроса ≈11 шт/мес (история 18 мес.); сезонность ×1.38; прогноз след. месяц ≈15 шт; остаток 2 + в пути 0,32.0
IEK,010300021_, УЗО ВД1-63 (4ф) 63А 30мА IEK  (1/24),43.0,0.0,48.8,31.0,0.88,Высокая,база спроса ≈22 шт/мес (история 32 мес.); сезонность ×1.40; рост спроса ×1.60; исключено разовых крупных заказов: 1; прогноз след. месяц ≈49 шт; остаток 43 + в пути 0,1.0
IEK,010400934_,Реле напряжения РН-д однофазное 54мм 63А IEK,7.0,0.0,25.0,31.0,0.28,Высокая,база спроса ≈12 шт/мес (история 11 мес.); рост спроса ×2.00; исключено разовых крупных заказов: 1; продажи скорректированы вверх из-за дефицита на складе; прогноз след. месяц ≈25 шт; остаток 7 + в пути 0,1.0
IEK,020100002_,Переносная вилка 014 3р+ре 16А 380В IEK,39.0,0.0,40.4,30.0,0.97,Высокая,база спроса ≈12 шт/мес (история 27 мес.); сезонность ×2.00; рост спроса ×1.72; прогноз след. месяц ≈40 шт; остаток 39 + в пути 0,10.0
IEK,010500041_,Выкл. нагрузки ВН-32 (3ф)  40А IEK (4/80),47.0,0.0,48.8,28.0,0.96,Высокая,база спроса ≈9 шт/мес (история 29 мес.); сезонность ×5.11; рост спроса ×1.06; исключено разовых крупных заказов: 1; прогноз след. месяц ≈49 шт; остаток 47 + в пути 0,4.0
IEK,150101000_, ТУТ 30/15 зеленая IEK (50),1.0,0.0,19.0,28.0,0.05,Высокая,база спроса ≈10 шт/мес (история 7 мес.); рост спроса ×2.00; прогноз след. месяц ≈19 шт; остаток 1 + в пути 0,1.0
IEK,150101192_,Светильник уличный 5108 настенный 2хGU10 IP65 черный IEK,25.0,0.0,34.9,28.0,0.72,Высокая,база спроса ≈17 шт/мес (история 17 мес.); сезонность ×2.29; снижение спроса ×0.89; прогноз след. месяц ≈35 шт; остаток 25 + в пути 0,1.0
IEK,CLM50D-PPP-050-15,"Профиль перфорированный П-образный  500-1,5 IEK E-PRO",2.0,0.0,20.0,28.0,0.1,Высокая,база спроса ≈20 шт/мес (история 1 мес.); прогноз след. месяц ≈20 шт; остаток 2 + в пути 0,1.0
IEK,030200527_,"Роз. без з/к 10А б/рамки ""BRITE"" алюминий (1/100)",11.0,0.0,24.7,27.0,0.45,Высокая,база спроса ≈30 шт/мес (история 26 мес.); сезонность ×1.65; снижение спроса ×0.50; прогноз след. месяц ≈25 шт; остаток 11 + в пути 0,1.0
IEK,130600128_,Реле времени  ORT многофункц. 2 конт. 12-240V AC/DC IEK (1/200),12.0,6.0,29.6,27.0,0.41,Высокая,база спроса ≈9 шт/мес (история 30 мес.); сезонность ×2.21; рост спроса ×1.51; исключено разовых крупных заказов: 2; прогноз след. месяц ≈30 шт; остаток 12 + в пути 6,1.0
IEK,280300039_,Поворот 90º вертикальный внешний   50х50 IEK,8.0,0.0,23.0,27.0,0.35,Высокая,база спроса ≈23 шт/мес (история 1 мес.); прогноз след. месяц ≈23 шт; остаток 8 + в пути 0,1.0
IEK,010800021_,Привод ручной ПРП-1  160A для ВА88-33 IEK (12) !!!,2.0,0.0,18.5,26.0,0.11,Высокая,база спроса ≈18 шт/мес (история 2 мес.); прогноз след. месяц ≈18 шт; остаток 2 + в пути 0,1.0
IEK,030200920_,"Роз. с з/к с з/ш с кр. 16А IP20 б/рамки ""BRITE"" белый (1/100)",51.0,0.0,51.1,26.0,1.0,Высокая,база спроса ≈12 шт/мес (история 31 мес.); сезонность ×2.36; рост спроса ×1.86; исключено разовых крупных заказов: 1; прогноз след. месяц ≈51 шт; остаток 51 + в пути 0,1.0
IEK,080800023_,Индикатор AL-22TE Ø22мм (желтый неон) IEK (10/300) !!!,1.0,0.0,17.5,26.0,0.06,Высокая,база спроса ≈18 шт/мес (история 2 мес.); прогноз след. месяц ≈18 шт; остаток 1 + в пути 0,1.0
IEK,030200924_,"Роз. с з/к с з/ш с кр. 16А IP20 б/рамки ""BRITE"" сталь (1/100)",3.0,0.0,18.3,25.0,0.16,Высокая,база спроса ≈7 шт/мес (история 25 мес.); сезонность ×1.36; рост спроса ×2.00; прогноз след. месяц ≈18 шт; остаток 3 + в пути 0,1.0
IEK,030201012_,BRITE Розетка 1-местная с заземлением с защитными шторками и крышкой 16А IP44 РСбш10-3-44-БрГ графит,13.0,0.0,25.0,25.0,0.52,Высокая,база спроса ≈12 шт/мес (история 6 мес.); рост спроса ×2.00; продажи скорректированы вверх из-за дефицита на складе; прогноз след. месяц ≈25 шт; остаток 13 + в пути 0,1.0
IEK,010700169_,УЗО АВДТ 1P+NP 16 А 30мА ARMAT IEK (12),27.0,0.0,33.9,24.0,0.8,Высокая,база спроса ≈6 шт/мес (история 20 мес.); сезонность ×4.33; рост спроса ×1.31; прогноз след. месяц ≈34 шт; остаток 27 + в пути 0,12.0
IEK,081100772_,Датчик движения ДД 022 белый 2000Вт 360гр 4мх20м IP20 IEK,1.0,0.0,16.5,24.0,0.06,Высокая,база спроса ≈4 шт/мес (история 20 мес.); сезонность ×3.50; рост спроса ×1.18; прогноз след. месяц ≈16 шт; остаток 1 + в пути 0,1.0
IEK,130300471_,Скрепа СГ-20 IEK (100),6.0,4.0,22.5,24.0,0.27,Высокая,база спроса ≈2 шт/мес (история 19 мес.); сезонность ×10.00; рост спроса ×1.12; прогноз след. месяц ≈22 шт; остаток 6 + в пути 4,4.0
IEK,130600149_,Импульсное реле ORM. 2 конт. 12-240 В AC/DC  IEK ORM-02-ACDC12-240V NEW,2.0,0.0,17.0,24.0,0.12,Высокая,база спроса ≈17 шт/мес (история 1 мес.); прогноз след. месяц ≈17 шт; остаток 2 + в пути 0,1.0
IEK,251400046_,КМПн 4 белый IP41 TEKFOR Mini  IEK,27.0,0.0,28.5,24.0,0.95,Высокая,база спроса ≈6 шт/мес (история 20 мес.); сезонность ×4.15; рост спроса ×1.15; прогноз след. месяц ≈28 шт; остаток 27 + в пути 0,12.0
IEK,280100413_,Кабель-канал 40х40 черный ЭЛЕКОР IEK (24),2.0,0.0,13.7,24.0,0.15,Высокая,база спроса ≈10 шт/мес (история 14 мес.); сезонность ×1.60; снижение спроса ×0.85; прогноз след. месяц ≈14 шт; остаток 2 + в пути 0,24.0
IEK,280300036_," Лоток перфорированный (100х400х3000) (1,2 мм) IEK (6)",45.0,0.0,45.2,24.0,1.0,Высокая,база спроса ≈12 шт/мес (история 22 мес.); сезонность ×2.79; рост спроса ×1.35; прогноз след. месяц ≈45 шт; остаток 45 + в пути 0,6.0
IEK,280300742_,"STRUT-профиль  перфорированный  41х21х400-1,5 IEK",44.0,0.0,45.0,24.0,0.98,Высокая,база спроса ≈45 шт/мес (история 5 мес.); прогноз след. месяц ≈45 шт; остаток 44 + в пути 0,2.0
IEK,ярп5962,Распред. блок на DIN-рейку РБД-400А IEK !!!,1.0,0.0,16.5,24.0,0.06,Высокая,база спроса ≈16 шт/мес (история 2 мес.); прогноз след. месяц ≈16 шт; остаток 1 + в пути 0,1.0
IEK,130600205_,Реле общ. назнач. OGR-1 2C 24В DC с LED и тест. кнопкой ONI OGR-1-2C-DC24V-L-B NEW,1.0,0.0,15.5,23.0,0.06,Высокая,база спроса ≈16 шт/мес (история 4 мес.); прогноз след. месяц ≈16 шт; остаток 1 + в пути 0,1.0
IEK,010500101_,Выкл. нагрузки ВН-32 (3ф)  25А IEK (4/80) !!!,1.0,0.0,15.0,22.0,0.07,Высокая,база спроса ≈8 шт/мес (история 6 мес.); рост спроса ×2.00; прогноз след. месяц ≈15 шт; остаток 1 + в пути 0,1.0
IEK,120100056_,Контактор  КМИ-11260 12А 220В  IP54 (1вел в корпусе) IEK (1/20),33.0,0.0,36.4,22.0,0.91,Высокая,база спроса ≈18 шт/мес (история 23 мес.); сезонность ×3.10; снижение спроса ×0.67; прогноз след. месяц ≈36 шт; остаток 33 + в пути 0,1.0
IEK,151000070_,НПП 1202-100  черн/овал с реш. IP54 IEK(8) !!!,1.0,0.0,15.0,22.0,0.07,Высокая,база спроса ≈15 шт/мес (история 1 мес.); прогноз след. месяц ≈15 шт; остаток 1 + в пути 0,1.0
IEK,200400050_,  Миниконтактор МКИ-10610 6А 230В IEK (1/100),5.0,0.0,17.6,22.0,0.28,Высокая,база спроса ≈3 шт/мес (история 24 мес.); сезонность ×2.67; рост спроса ×2.00; прогноз след. месяц ≈18 шт; остаток 5 + в пути 0,1.0
IEK,290100016_,У05 (5мест 2р+ре.5метра) IEK,1.0,0.0,15.0,22.0,0.07,Высокая,база спроса ≈15 шт/мес (история 5 мес.); продажи скорректированы вверх из-за дефицита на складе; прогноз след. месяц ≈15 шт; остаток 1 + в пути 0,1.0
IEK,250200017_,ЩРН  36 (540x310x120) IP31 TITAN 3 IEK   ,14.0,5.0,26.4,21.0,0.53,Высокая,база спроса ≈6 шт/мес (история 31 мес.); сезонность ×2.36; рост спроса ×2.00; исключено разовых крупных заказов: 1; прогноз след. месяц ≈26 шт; остаток 14 + в пути 5,1.0
IEK,020100006_,Переносная вилка 025 3р+ре+n 32А 380В IEK,115.0,60.0,130.0,20.0,0.88,Высокая,база спроса ≈49 шт/мес (история 32 мес.); сезонность ×1.33; рост спроса ×2.00; исключено разовых крупных заказов: 3; прогноз след. месяц ≈130 шт; остаток 115 + в пути 60,10.0
IEK,081100278_," LED A60 ""ECO"" 11w 230v 4000K E27 IEK(1)",3.0,0.0,13.5,20.0,0.22,Высокая,база спроса ≈8 шт/мес (история 18 мес.); сезонность ×0.85; рост спроса ×2.00; прогноз след. месяц ≈14 шт; остаток 3 + в пути 0,10.0
IEK,081100702_,Лампа филаментная LED A60 шар золото 11Вт 230В 2700К E27 серия 360° IEK,3.0,0.0,11.1,20.0,0.27,Высокая,база спроса ≈8 шт/мес (история 22 мес.); сезонность ×2.48; снижение спроса ×0.56; прогноз след. месяц ≈11 шт; остаток 3 + в пути 0,10.0
IEK,081100750_,Светильник накладной под лампу GX53 белый IEK,9.0,0.0,15.1,20.0,0.6,Высокая,база спроса ≈10 шт/мес (история 28 мес.); сезонность ×1.65; снижение спроса ×0.91; прогноз след. месяц ≈15 шт; остаток 9 + в пути 0,10.0
IEK,130200154_,Шина соединительная PIN (штырь) 3ф  63А (22см) IEK (10),15.0,0.0,20.7,20.0,0.72,Высокая,база спроса ≈16 шт/мес (история 32 мес.); сезонность ×1.44; снижение спроса ×0.90; исключено разовых крупных заказов: 3; прогноз след. месяц ≈21 шт; остаток 15 + в пути 0,10.0
IEK,130300221_,"Фотореле ФР 602 серый, 5500 Вт IP44 (120)",30.0,20.0,33.5,20.0,0.9,Высокая,база спроса ≈21 шт/мес (история 32 мес.); сезонность ×1.56; рост спроса ×1.04; исключено разовых крупных заказов: 2; прогноз след. месяц ≈34 шт; остаток 30 + в пути 20,20.0
IEK,130300518_,Гильза изолир. фазная ГИФ 16 IEK  (10)(200),6.0,10.0,24.0,20.0,0.25,Высокая,база спроса ≈6 шт/мес (история 15 мес.); сезонность ×2.00; рост спроса ×2.00; прогноз след. месяц ≈24 шт; остаток 6 + в пути 10,10.0
IEK,130301623_,Колодка клеммная CTS  70мм2 серая IEK,1.0,0.0,5.0,20.0,0.2,Высокая,база спроса ≈5 шт/мес (история 3 мес.); прогноз след. месяц ≈5 шт; остаток 1 + в пути 0,20.0
IEK,130301625_,Колодка клеммная CTS  70мм2 синяя IEK,1.0,0.0,3.0,20.0,0.33,Высокая,база спроса ≈3 шт/мес (история 5 мес.); прогноз след. месяц ≈3 шт; остаток 1 + в пути 0,20.0
IEK,130600210_,Реле интерфейсное ORM-1 2C 24В DC с LED и тест. кнопкой ONI ORM-1-2C-DC24V-L-B NEW,2.0,0.0,8.0,20.0,0.25,Высокая,база спроса ≈8 шт/мес (история 2 мес.); прогноз след. месяц ≈8 шт; остаток 2 + в пути 0,20.0
IEK,130600211_,Реле интерфейсное ORM-1 2C 220В AC с LED и тест. кнопкой ONI ORM-1-2C-AC220V-L-B NEW,3.0,0.0,4.0,20.0,0.75,Высокая,база спроса ≈4 шт/мес (история 4 мес.); прогноз след. месяц ≈4 шт; остаток 3 + в пути 0,20.0
IEK,130900006_, Переключатель ANCLR 22-3 (зеленый неон на 3 полож.) IEK (10/200),39.0,10.0,42.3,20.0,0.92,Высокая,база спроса ≈10 шт/мес (история 26 мес.); сезонность ×2.05; рост спроса ×2.00; прогноз след. месяц ≈42 шт; остаток 39 + в пути 10,10.0
IEK,130900013_, ВКИ-216 3Р 10А 230\400В IP40 IEK (10/120),3.0,0.0,10.8,20.0,0.28,Высокая,база спроса ≈6 шт/мес (история 27 мес.); сезонность ×3.71; снижение спроса ×0.50; прогноз след. месяц ≈11 шт; остаток 3 + в пути 0,10.0
IEK,130900014_, ВКИ-211 3Р 6А 230\400В IP40 IEK (10/120),12.0,0.0,15.8,20.0,0.76,Высокая,база спроса ≈3 шт/мес (история 26 мес.); сезонность ×3.40; рост спроса ×1.41; прогноз след. месяц ≈16 шт; остаток 12 + в пути 0,10.0
IEK,200400007_, I6 А роз. с/у з/к с/ш 16А КВАРТА РСш 10-3-КБ (200) ,25.0,0.0,28.8,20.0,0.87,Высокая,база спроса ≈26 шт/мес (история 18 мес.); сезонность ×1.00; рост спроса ×1.09; прогноз след. месяц ≈29 шт; остаток 25 + в пути 0,10.0
IEK,240100106_," Хомут 4,8х350 IEK (100)",19.0,0.0,24.3,20.0,0.78,Высокая,база спроса ≈4 шт/мес (история 31 мес.); сезонность ×2.98; рост спроса ×2.00; прогноз след. месяц ≈24 шт; остаток 19 + в пути 0,10.0
IEK,BR-KT20-O-1-K10,Розетка двойная RJ11+RJ45 кат.5E РК/Т12-БрКр бежевый IEK,10.0,0.0,20.0,20.0,0.5,Высокая,база спроса ≈20 шт/мес (история 1 мес.); прогноз след. месяц ≈20 шт; остаток 10 + в пути 0,1.0
IEK,020300088_,Распред. блок на DIN-рейку РБД-160А IEK,2.0,0.0,13.4,19.0,0.15,Высокая,база спроса ≈27 шт/мес (история 8 мес.); снижение спроса ×0.50; продажи скорректированы вверх из-за дефицита на складе; прогноз след. месяц ≈13 шт; остаток 2 + в пути 0,1.0
IEK,081100719_,Лампа филаментная LED CT35 свеча вит. 7Вт 230В 3000К E14 серия 360° IEK,2.0,0.0,14.0,19.0,0.14,Высокая,база спроса ≈14 шт/мес (история 16 мес.); сезонность ×0.86; рост спроса ×1.17; прогноз след. месяц ≈14 шт; остаток 2 + в пути 0,1.0
IEK,270300100_,"Трансформатор тока ТТИ-А  150/5А  5ВА  класс 0,5  IEK",2.0,0.0,13.5,19.0,0.15,Высокая,база спроса ≈6 шт/мес (история 23 мес.); сезонность ×1.83; рост спроса ×1.23; прогноз след. месяц ≈14 шт; остаток 2 + в пути 0,1.0
IEK,280100121_,"Заглушка на 1 модуль  45х22,5 ПРАЙМЕР (100)",8.0,0.0,18.0,19.0,0.44,Высокая,база спроса ≈18 шт/мес (история 5 мес.); прогноз след. месяц ≈18 шт; остаток 8 + в пути 0,1.0
IEK,030200524_,"Роз. без з/к 10А б/рамки ""BRITE"" шампань (1/100)",10.0,0.0,18.5,18.0,0.54,Высокая,база спроса ≈14 шт/мес (история 10 мес.); рост спроса ×1.30; продажи скорректированы вверх из-за дефицита на складе; прогноз след. месяц ≈18 шт; остаток 10 + в пути 0,1.0
IEK,200400034_,Токоизмерительные клещи Expert 266 IEK (20),18.0,0.0,23.4,18.0,0.77,Высокая,база спроса ≈9 шт/мес (история 32 мес.); сезонность ×2.06; рост спроса ×1.27; исключено разовых крупных заказов: 2; прогноз след. месяц ≈23 шт; остаток 18 + в пути 0,1.0
IEK,030200501_,"Выкл 1-кл. с инд. 10А б/рамки ""BRITE"" сталь (1/100)",6.0,0.0,15.0,17.0,0.4,Высокая,база спроса ≈18 шт/мес (история 27 мес.); сезонность ×0.52; рост спроса ×1.58; прогноз след. месяц ≈15 шт; остаток 6 + в пути 0,1.0
IEK,030200553_,"Выкл 2-кл. 10А б/рамки ""BRITE"" маренго (1/100)",1.0,0.0,11.5,17.0,0.09,Высокая,база спроса ≈4 шт/мес (история 27 мес.); сезонность ×2.00; рост спроса ×1.37; продажи скорректированы вверх из-за дефицита на складе; прогноз след. месяц ≈12 шт; остаток 1 + в пути 0,1.0
IEK,290100002_,У03 (3места 2р+ре.5метров) IEK,2.0,0.0,12.2,17.0,0.16,Высокая,база спроса ≈24 шт/мес (история 7 мес.); снижение спроса ×0.50; прогноз след. месяц ≈12 шт; остаток 2 + в пути 0,1.0
IEK,030200541_,"Роз TV оконечная  б/рамки ""BRITE"" сталь (1/100)",11.0,0.0,17.5,16.0,0.63,Высокая,база спроса ≈10 шт/мес (история 24 мес.); сезонность ×1.60; рост спроса ×1.09; прогноз след. месяц ≈18 шт; остаток 11 + в пути 0,1.0
IEK,030200829_,"Выкл 1-кл. с инд. 10А б/рамки ""BRITE"" бежевый (1/100)",9.0,0.0,16.6,16.0,0.54,Высокая,база спроса ≈2 шт/мес (история 12 мес.); сезонность ×3.40; рост спроса ×1.96; прогноз след. месяц ≈17 шт; остаток 9 + в пути 0,1.0
IEK,030201078_," Рамка 2-мест. ""BRITE""  хром/никель  IEK  (1/100)",10.0,0.0,17.0,16.0,0.59,Высокая,база спроса ≈17 шт/мес (история 1 мес.); прогноз след. месяц ≈17 шт; остаток 10 + в пути 0,1.0
IEK,250200014_,ЩРН  12 (265x310x120) IP31 TITAN 3 IEK   ,30.0,0.0,30.2,16.0,0.99,Высокая,база спроса ≈3 шт/мес (история 29 мес.); сезонность ×4.67; рост спроса ×2.00; прогноз след. месяц ≈30 шт; остаток 30 + в пути 0,1.0
IEK,290100017_,У05К-выкл (5места 3метра) IEK,2.0,0.0,12.0,16.0,0.17,Высокая,база спроса ≈6 шт/мес (история 6 мес.); рост спроса ×2.00; прогноз след. месяц ≈12 шт; остаток 2 + в пути 0,1.0
IEK,020300080_,Распред. блок на DIN-рейку РБД-250А IEK,1.0,0.0,10.5,15.0,0.1,Высокая,база спроса ≈6 шт/мес (история 9 мес.); рост спроса ×1.61; прогноз след. месяц ≈10 шт; остаток 1 + в пути 0,1.0
IEK,030200459_,"Роз. комп. 2-ая RJ45 кат.5E б/рамки ""BRITE"" белый (1/100)",10.0,0.0,16.3,15.0,0.61,Высокая,база спроса ≈58 шт/мес (история 32 мес.); сезонность ×0.56; снижение спроса ×0.50; продажи скорректированы вверх из-за дефицита на складе; прогноз след. месяц ≈16 шт; остаток 10 + в пути 0,1.0
IEK,030200782_,"Роз. 2-я RJ11+RJ45 кат.5E б/рамки ""BRITE"" белый (1/100)",17.0,0.0,21.2,15.0,0.8,Высокая,база спроса ≈10 шт/мес (история 29 мес.); сезонность ×4.25; снижение спроса ×0.50; прогноз след. месяц ≈21 шт; остаток 17 + в пути 0,1.0
IEK,130200302_,"Датчик движения ДД 401 белый,до 800 Вт,дальность 8 м IP20 IEK (50)",1.0,0.0,10.3,15.0,0.1,Высокая,база спроса ≈5 шт/мес (история 18 мес.); сезонность ×2.40; снижение спроса ×0.81; прогноз след. месяц ≈10 шт; остаток 1 + в пути 0,1.0
IEK,130600148_,Реле промежут. OIR 3 конт. 8А 230В AC IEK OIR-308-AC230V NEW,1.0,0.0,10.5,15.0,0.1,Высокая,база спроса ≈10 шт/мес (история 2 мес.); прогноз след. месяц ≈10 шт; остаток 1 + в пути 0,1.0
IEK,250600174_,ЩРН-П  6 модулей навесн. пластик IP41 GENERICA (20),3.0,0.0,11.7,15.0,0.26,Высокая,база спроса ≈1 шт/мес (история 25 мес.); сезонность ×7.62; рост спроса ×2.00; исключено разовых крупных заказов: 1; прогноз след. месяц ≈12 шт; остаток 3 + в пути 0,1.0
IEK,290100134_,У03К (3места/3метра) чер. IEK,5.0,0.0,13.2,15.0,0.38,Высокая,база спроса ≈3 шт/мес (история 25 мес.); сезонность ×2.25; рост спроса ×1.95; прогноз след. месяц ≈13 шт; остаток 5 + в пути 0,1.0
IEK,ярп40256,Розетка 2-ая з/к о/у 16А IP54 AQUATIC РСш22-2-А IEK ,5.0,0.0,12.7,15.0,0.39,Высокая,база спроса ≈17 шт/мес (история 27 мес.); сезонность ×1.49; снижение спроса ×0.50; исключено разовых крупных заказов: 1; продажи скорректированы вверх из-за дефицита на складе; прогноз след. месяц ≈13 шт; остаток 5 + в пути 0,5.0
IEK,010400928_,Реле напряжения и тока РНТ-д однофазное 54мм 50А IEK,1.0,0.0,10.0,14.0,0.1,Высокая,база спроса ≈5 шт/мес (история 6 мес.); рост спроса ×2.00; продажи скорректированы вверх из-за дефицита на складе; прогноз след. месяц ≈10 шт; остаток 1 + в пути 0,1.0
IEK,010700118_, BA 47-100 (1ф) 100А IEK (4/40) E-PRO,3.0,0.0,11.2,14.0,0.27,Высокая,база спроса ≈9 шт/мес (история 13 мес.); сезонность ×1.00; рост спроса ×1.24; продажи скорректированы вверх из-за дефицита на складе; прогноз след. месяц ≈11 шт; остаток 3 + в пути 0,1.0
IEK,030200849_," Рамка 2-мест. ""BRITE"" металл черный (1/100)",3.0,0.0,11.0,14.0,0.27,Высокая,база спроса ≈6 шт/мес (история 10 мес.); рост спроса ×2.00; прогноз след. месяц ≈11 шт; остаток 3 + в пути 0,1.0
IEK,030201053_," Рамка 2-мест. ""BRITE""  бел./бел.  IEK  (1/100)",9.0,0.0,15.0,14.0,0.6,Высокая,база спроса ≈15 шт/мес (история 1 мес.); прогноз след. месяц ≈15 шт; остаток 9 + в пути 0,1.0
IEK,130300172_,"Приставка ПВИ-11 задержка на вкл.0,1-30 сек.1з+1р IEK (200)!!!",1.0,0.0,10.0,14.0,0.1,Высокая,база спроса ≈10 шт/мес (история 1 мес.); прогноз след. месяц ≈10 шт; остаток 1 + в пути 0,1.0
IEK,270200142_,Предохранитель ППНИ-33   (80А) габарит 00 IEK (3/90) !!!,7.0,0.0,13.5,14.0,0.52,Высокая,база спроса ≈14 шт/мес (история 2 мес.); прогноз след. месяц ≈14 шт; остаток 7 + в пути 0,1.0
IEK,280100437_,Заглушка КМЗ 25х16 черный ЭЛЕКОР IEK (4шт/компл)  ,1.0,0.0,9.5,14.0,0.11,Высокая,база спроса ≈10 шт/мес (история 2 мес.); прогноз след. месяц ≈10 шт; остаток 1 + в пути 0,1.0
IEK,280300236_,I32 Роз з/к о/у серый IP54 ФОРС IEK РСб20-3-ФСр (10/100),1.0,0.0,9.8,14.0,0.1,Высокая,база спроса ≈2 шт/мес (история 20 мес.); сезонность ×1.95; рост спроса ×2.00; продажи скорректированы вверх из-за дефицита на складе; прогноз след. месяц ≈10 шт; остаток 1 + в пути 0,1.0
IEK,010500188_, BA 47-60M (1ф) 16А 6кА B IEK E-PRO,2.0,0.0,10.0,13.0,0.2,Высокая,база спроса ≈10 шт/мес (история 3 мес.); прогноз след. месяц ≈10 шт; остаток 2 + в пути 0,1.0
IEK,010800033_,ВА 88-33 (3ф)  80А IEK (1/16),31.0,8.0,34.5,13.0,0.9,Высокая,база спроса ≈14 шт/мес (история 30 мес.); сезонность ×2.29; рост спроса ×1.10; прогноз след. месяц ≈34 шт; остаток 31 + в пути 8,1.0
IEK,030200564_,BRITE Розетка 1-местная без заземления без защитных шторок 10А РС10-1-0-БрМ маренго IEK,17.0,0.0,20.0,13.0,0.85,Высокая,база спроса ≈20 шт/мес (история 5 мес.); прогноз след. месяц ≈20 шт; остаток 17 + в пути 0,1.0
IEK,130500009_," Сальник PG 13,5 (7-11мм) IEK (20)",1.0,0.0,9.0,13.0,0.11,Высокая,база спроса ≈9 шт/мес (история 3 мес.); прогноз след. месяц ≈9 шт; остаток 1 + в пути 0,1.0
IEK,130600207_,Розетка ORS-G-2-4 для реле OGR-2 4C ONI ORS-G-2-4-G NEW,1.0,0.0,9.0,13.0,0.11,Высокая,база спроса ≈4 шт/мес (история 7 мес.); рост спроса ×2.00; прогноз след. месяц ≈9 шт; остаток 1 + в пути 0,1.0
IEK,250200044_,ЩРВ  18 (275x450x120) IP30 TITAN 3 IEK      ,2.0,2.0,10.7,13.0,0.19,Высокая,база спроса ≈1 шт/мес (история 18 мес.); сезонность ×4.00; рост спроса ×2.00; прогноз след. месяц ≈11 шт; остаток 2 + в пути 2,1.0
IEK,250600186_,ЩРВ-П 36 модулей встр. пластик IP41 GENERICA (5),4.0,0.0,11.2,13.0,0.36,Высокая,база спроса ≈12 шт/мес (история 16 мес.); сезонность ×1.33; снижение спроса ×0.70; прогноз след. месяц ≈11 шт; остаток 4 + в пути 0,1.0
IEK,270300002_, Ящик  ЯТП(укп) 220/24 IEK  (1),2.0,0.0,9.6,13.0,0.21,Высокая,база спроса ≈5 шт/мес (история 21 мес.); сезонность ×1.00; рост спроса ×1.88; прогноз след. месяц ≈10 шт; остаток 2 + в пути 0,1.0
IEK,280100435_,Заглушка КМЗ 16х16 черный ЭЛЕКОР IEK (4шт/компл)  ,2.0,0.0,10.0,13.0,0.2,Высокая,база спроса ≈10 шт/мес (история 1 мес.); прогноз след. месяц ≈10 шт; остаток 2 + в пути 0,1.0
IEK,010500095_,ВА47-29 (4ф) 63А IEK (3/36),22.0,0.0,22.1,12.0,1.0,Высокая,база спроса ≈16 шт/мес (история 32 мес.); сезонность ×0.72; рост спроса ×1.92; исключено разовых крупных заказов: 4; прогноз след. месяц ≈22 шт; остаток 22 + в пути 0,3.0
IEK,250200061_,ЩУ-3ф/1-1 74 IP66 2двери (445x400x150) IEK,11.0,0.0,14.7,12.0,0.75,Высокая,база спроса ≈4 шт/мес (история 29 мес.); сезонность ×3.00; рост спроса ×1.18; исключено разовых крупных заказов: 2; прогноз след. месяц ≈15 шт; остаток 11 + в пути 0,1.0
IEK,290100014_,У04К-выкл (4места  .5метра ) IEK,1.0,0.0,8.5,12.0,0.12,Высокая,база спроса ≈8 шт/мес (история 4 мес.); прогноз след. месяц ≈8 шт; остаток 1 + в пути 0,1.0
IEK,ст-9951106,Плоский изменяемый угол 100х60  ПРАЙМЕР (96)!!!,3.0,0.0,10.0,12.0,0.3,Высокая,база спроса ≈10 шт/мес (история 1 мес.); прогноз след. месяц ≈10 шт; остаток 3 + в пути 0,1.0
IEK,030200551_,"Выкл 1-кл. 10А б/рамки ""BRITE"" маренго (1/100)",2.0,0.0,8.2,11.0,0.24,Высокая,база спроса ≈10 шт/мес (история 26 мес.); сезонность ×1.60; снижение спроса ×0.52; продажи скорректированы вверх из-за дефицита на складе; прогноз след. месяц ≈8 шт; остаток 2 + в пути 0,1.0
IEK,130600206_,Розетка ORS-M для реле ORM 2C ONI ORS-M-1-2-G NEW,5.0,0.0,10.5,11.0,0.48,Высокая,база спроса ≈10 шт/мес (история 2 мес.); прогноз след. месяц ≈10 шт; остаток 5 + в пути 0,1.0
IEK,130600213_,Реле общ. назнач. OGR-2 4C 220В AC ONI OGR-2-4C-AC220V NEW,1.0,0.0,8.0,11.0,0.12,Высокая,база спроса ≈4 шт/мес (история 8 мес.); рост спроса ×2.00; прогноз след. месяц ≈8 шт; остаток 1 + в пути 0,1.0
IEK,150100957_, ТУТ 30/15 красная IEK (50),1.0,0.0,8.0,11.0,0.12,Высокая,база спроса ≈8 шт/мес (история 3 мес.); прогноз след. месяц ≈8 шт; остаток 1 + в пути 0,1.0
IEK,270200143_,Предохранитель ППНИ-33  (100А) габарит 00 IEK (3/90) !!!,1.0,0.0,7.5,11.0,0.13,Высокая,база спроса ≈8 шт/мес (история 4 мес.); прогноз след. месяц ≈8 шт; остаток 1 + в пути 0,1.0
IEK,280200046_,Заглушка КМЗ 16х16 Белый ЭЛЕКОР IEK (4) ,20.0,0.0,20.1,11.0,1.0,Высокая,база спроса ≈8 шт/мес (история 20 мес.); сезонность ×1.80; рост спроса ×1.49; продажи скорректированы вверх из-за дефицита на складе; прогноз след. месяц ≈20 шт; остаток 20 + в пути 0,1.0
IEK,010800020_,Привод ручной ПРП-1  125A для ВА88-32 IEK (12) !!!,2.0,0.0,8.0,10.0,0.25,Высокая,база спроса ≈8 шт/мес (история 3 мес.); прогноз след. месяц ≈8 шт; остаток 2 + в пути 0,1.0
IEK,030200410_,"Выкл 2-кл. с инд. б/рамки ""BRITE"" алюминий (1/100)",10.0,0.0,12.9,10.0,0.78,Высокая,база спроса ≈6 шт/мес (история 18 мес.); сезонность ×1.00; рост спроса ×2.00; прогноз след. месяц ≈13 шт; остаток 10 + в пути 0,1.0
IEK,030201031_,BRITE Розетка 1-я с/з с/щ и крышкой 16А IP44 РСбш10-3-44-БрА алюминий IEK,1.0,0.0,7.0,10.0,0.14,Высокая,база спроса ≈7 шт/мес (история 2 мес.); прогноз след. месяц ≈7 шт; остаток 1 + в пути 0,1.0
IEK,080800024_,Индикатор AL-22TE Ø22мм (зеленый неон) IEK (10/300),1.0,0.0,4.0,10.0,0.25,Высокая,база спроса ≈2 шт/мес (история 11 мес.); рост спроса ×2.00; прогноз след. месяц ≈4 шт; остаток 1 + в пути 0,10.0
IEK,130300041_, ЗНИ  4мм ² (35А) серый IEK(60),13.0,0.0,15.0,10.0,0.87,Высокая,база спроса ≈8 шт/мес (история 10 мес.); рост спроса ×2.00; прогноз след. месяц ≈15 шт; остаток 13 + в пути 0,1.0
IEK,130300204_,Пост тельф.ПКТ-61 (на 2 кноп.) IP54 IEK (5/60),11.0,0.0,12.8,10.0,0.86,Высокая,база спроса ≈5 шт/мес (история 29 мес.); сезонность ×1.80; рост спроса ×1.42; прогноз след. месяц ≈13 шт; остаток 11 + в пути 0,5.0
IEK,130300520_,Гильза изолир. фазная ГИФ 35 IEK  (10)(200),2.0,0.0,6.2,10.0,0.32,Высокая,база спроса ≈5 шт/мес (история 8 мес.); рост спроса ×1.25; прогноз след. месяц ≈6 шт; остаток 2 + в пути 0,10.0
IEK,130301725_,Дополнительная вводная клемма для CTS 70/120мм2 серая IEK,1.0,0.0,4.5,10.0,0.22,Высокая,база спроса ≈4 шт/мес (история 2 мес.); прогноз след. месяц ≈4 шт; остаток 1 + в пути 0,10.0
IEK,130600154_,Термостат от 0 до 60 °C NO IEK (200) NEW,3.0,0.0,3.2,10.0,0.94,Высокая,база спроса ≈7 шт/мес (история 29 мес.); сезонность ×0.72; снижение спроса ×0.66; исключено разовых крупных заказов: 2; прогноз след. месяц ≈3 шт; остаток 3 + в пути 0,10.0
IEK,200400015_,I10 розетка TV КВАРТА РТВ 10-КБ (200),2.0,0.0,3.0,10.0,0.67,Высокая,база спроса ≈2 шт/мес (история 6 мес.); рост спроса ×1.18; прогноз след. месяц ≈3 шт; остаток 2 + в пути 0,10.0
IEK,250200060_,ЩУ-1ф/1-1 IP54 2двери (310x300x150) IEK,1.0,0.0,6.9,10.0,0.14,Высокая,база спроса ≈1 шт/мес (история 16 мес.); сезонность ×5.50; рост спроса ×1.80; прогноз след. месяц ≈7 шт; остаток 1 + в пути 0,1.0
IEK,250600181_,ЩРВ-П  6 модулей встр. пластик IP41 GENERICA (20),5.0,0.0,9.4,10.0,0.53,Высокая,база спроса ≈8 шт/мес (история 15 мес.); сезонность ×2.00; снижение спроса ×0.59; прогноз след. месяц ≈9 шт; остаток 5 + в пути 0,1.0
IEK,280300073_,Поворот 90º  50х200 IEK,12.0,0.0,14.2,10.0,0.85,Высокая,база спроса ≈13 шт/мес (история 31 мес.); сезонность ×1.00; рост спроса ×1.06; прогноз след. месяц ≈14 шт; остаток 12 + в пути 0,1.0
IEK,290100004_,УК10 Катушка (10м) IEK,20.0,10.0,20.8,10.0,0.96,Высокая,база спроса ≈7 шт/мес (история 26 мес.); сезонность ×1.54; рост спроса ×2.00; исключено разовых крупных заказов: 1; прогноз след. месяц ≈21 шт; остаток 20 + в пути 10,10.0
IEK,290100035_,ВА 88-33 (3ф)  16А IEK (1/16) !!!,4.0,0.0,9.0,10.0,0.44,Высокая,база спроса ≈9 шт/мес (история 2 мес.); прогноз след. месяц ≈9 шт; остаток 4 + в пути 0,1.0
IEK,010400850_,Реле напряжения и тока РНТ-д однофазное 54мм 63А IEK,1.0,4.0,8.8,9.0,0.11,Высокая,база спроса ≈12 шт/мес (история 11 мес.); снижение спроса ×0.73; исключено разовых крупных заказов: 1; прогноз след. месяц ≈9 шт; остаток 1 + в пути 4,1.0
IEK,030200812_,"Выкл 1-кл. с инд. 10А б/рамки ""BRITE"" темная бронза (1/100)",6.0,0.0,10.0,9.0,0.6,Высокая,база спроса ≈10 шт/мес (история 5 мес.); продажи скорректированы вверх из-за дефицита на складе; прогноз след. месяц ≈10 шт; остаток 6 + в пути 0,1.0
IEK,130200422_,Бокорезы 160мм K4 ARMA2L 5 IEK (1),1.0,0.0,6.1,9.0,0.16,Высокая,база спроса ≈6 шт/мес (история 25 мес.); сезонность ×0.70; рост спроса ×1.55; исключено разовых крупных заказов: 1; прогноз след. месяц ≈6 шт; остаток 1 + в пути 0,1.0
IEK,130300742_,"Кнопка APВВ-22N ""I-O"" d22мм неон/240В 1з+1р IEK E-PRO",3.0,0.0,8.0,9.0,0.38,Высокая,база спроса ≈8 шт/мес (история 5 мес.); прогноз след. месяц ≈8 шт; остаток 3 + в пути 0,1.0
IEK,151000175_,Переноска УП-1Р 10м. плоск. вилка IEK,1.0,0.0,6.1,9.0,0.16,Высокая,база спроса ≈9 шт/мес (история 32 мес.); сезонность ×0.55; рост спроса ×1.26; исключено разовых крупных заказов: 2; продажи скорректированы вверх из-за дефицита на складе; прогноз след. месяц ≈6 шт; остаток 1 + в пути 0,1.0
IEK,250600177_,ЩРН-П 18 модулей навесн. пластик IP41 GENERICA (10),1.0,0.0,6.5,9.0,0.15,Высокая,база спроса ≈4 шт/мес (история 31 мес.); сезонность ×1.14; рост спроса ×1.37; исключено разовых крупных заказов: 1; прогноз след. месяц ≈6 шт; остаток 1 + в пути 0,1.0
IEK,250600178_,ЩРН-П 24 модуля навесн. пластик IP41 GENERICA (10),1.0,0.0,6.1,9.0,0.16,Высокая,база спроса ≈3 шт/мес (история 24 мес.); сезонность ×2.14; снижение спроса ×0.98; исключено разовых крупных заказов: 1; продажи скорректированы вверх из-за дефицита на складе; прогноз след. месяц ≈6 шт; остаток 1 + в пути 0,1.0
IEK,280100381_,Угол внешний КМН 25х16 сосна ЭЛЕКОР IEK (4шт/компл) ,2.0,0.0,7.0,9.0,0.29,Высокая,база спроса ≈7 шт/мес (история 2 мес.); прогноз след. месяц ≈7 шт; остаток 2 + в пути 0,1.0
IEK,081100757_,Светильник настол. 1005 с кармашком Е27 черный IEK,1.0,0.0,5.6,8.0,0.18,Высокая,база спроса ≈4 шт/мес (история 9 мес.); рост спроса ×1.40; прогноз след. месяц ≈6 шт; остаток 1 + в пути 0,1.0
IEK,130300033_,Клещи обжимн КО-6Е 6-16мм IEK (40),1.0,0.0,6.0,8.0,0.17,Высокая,база спроса ≈2 шт/мес (история 16 мес.); сезонность ×1.50; рост спроса ×2.00; прогноз след. месяц ≈6 шт; остаток 1 + в пути 0,1.0
IEK,130301665_,Клемма вводная силовая КВС 16-95 кв.мм. синяя IEK,1.0,0.0,3.0,8.0,0.33,Высокая,база спроса ≈3 шт/мес (история 1 мес.); прогноз след. месяц ≈3 шт; остаток 1 + в пути 0,8.0
IEK,130600166_,Логическое реле PLR-S. 8DI/8DO серии ONI,1.0,0.0,6.0,8.0,0.17,Высокая,база спроса ≈6 шт/мес (история 1 мес.); прогноз след. месяц ≈6 шт; остаток 1 + в пути 0,1.0
IEK,130600218_,Реле промежут. OIR 1 конт. 16А 230В AC IEK OIR-116-AC230V NEW,1.0,0.0,5.5,8.0,0.18,Высокая,база спроса ≈6 шт/мес (история 2 мес.); прогноз след. месяц ≈6 шт; остаток 1 + в пути 0,1.0
IEK,150100996_, ТУТ 30/15  черная IEK (50),4.0,0.0,7.5,8.0,0.53,Высокая,база спроса ≈15 шт/мес (история 6 мес.); снижение спроса ×0.50; продажи скорректированы вверх из-за дефицита на складе; прогноз след. месяц ≈8 шт; остаток 4 + в пути 0,1.0
IEK,251400050_,ЩРН-П  8  черн. пр. дв. IP41 UNION Compact IEK,2.0,0.0,2.9,8.0,0.69,Высокая,база спроса ≈2 шт/мес (история 12 мес.); сезонность ×1.20; снижение спроса ×0.97; прогноз след. месяц ≈3 шт; остаток 2 + в пути 0,8.0
IEK,280100439_,Заглушка КМЗ 60х40 черный ЭЛЕКОР IEK (4шт/компл)  ,1.0,0.0,6.0,8.0,0.17,Высокая,база спроса ≈6 шт/мес (история 3 мес.); прогноз след. месяц ≈6 шт; остаток 1 + в пути 0,1.0
IEK,280300685_,Распределительная  коробка о/у  с сальниками 190х140х120 IP55 КМ41246 IEK (12) E-PRO,1.0,0.0,6.0,8.0,0.17,Высокая,база спроса ≈3 шт/мес (история 9 мес.); рост спроса ×2.00; прогноз след. месяц ≈6 шт; остаток 1 + в пути 0,1.0
IEK,290100010_,У03К-выкл (3места/5метров ) IEK,1.0,0.0,5.5,8.0,0.18,Высокая,база спроса ≈10 шт/мес (история 6 мес.); снижение спроса ×0.55; прогноз след. месяц ≈6 шт; остаток 1 + в пути 0,1.0
IEK,ярп40100,"Профиль перфорированный П-образный 2000-1,5 IEK E-PRO",1.0,0.0,6.0,8.0,0.17,Высокая,база спроса ≈6 шт/мес (история 1 мес.); прогноз след. месяц ≈6 шт; остаток 1 + в пути 0,1.0
IEK,010500147_,ВА47-29 (2ф)  10А GENERICA (6/72) !!!,2.0,0.0,5.5,7.0,0.36,Высокая,база спроса ≈6 шт/мес (история 2 мес.); прогноз след. месяц ≈6 шт; остаток 2 + в пути 0,1.0
IEK,010800019_,ВА 88-40 (3ф) 400А IEK (1/4) E-PRO,3.0,0.0,6.5,7.0,0.46,Высокая,база спроса ≈6 шт/мес (история 2 мес.); прогноз след. месяц ≈6 шт; остаток 3 + в пути 0,1.0
IEK,030200552_,"Выкл 1-кл. с инд. 10А б/рамки ""BRITE"" маренго (1/100)",4.0,0.0,7.2,7.0,0.56,Высокая,база спроса ≈4 шт/мес (история 10 мес.); рост спроса ×1.60; прогноз след. месяц ≈7 шт; остаток 4 + в пути 0,1.0
IEK,081100751_,Светильник LED настол. 2013 9Вт ночник белый IEK,1.0,0.0,4.8,7.0,0.21,Высокая,база спроса ≈4 шт/мес (история 11 мес.); рост спроса ×1.07; прогноз след. месяц ≈5 шт; остаток 1 + в пути 0,1.0
IEK,130300291_,Ножницы (секторные)  для резки кабеля НС-240 (до 240мм) IEK,2.0,0.0,5.9,7.0,0.34,Высокая,база спроса ≈2 шт/мес (история 27 мес.); сезонность ×1.50; рост спроса ×1.57; прогноз след. месяц ≈6 шт; остаток 2 + в пути 0,1.0
IEK,150100853_, ТУТ 16/8  черная IEK (100),1.0,0.0,5.0,7.0,0.2,Высокая,база спроса ≈5 шт/мес (история 1 мес.); прогноз след. месяц ≈5 шт; остаток 1 + в пути 0,1.0
IEK,250200012_,ЩРВ  36 (550x320x120) IP30 TITAN 3 IEK   ,2.0,3.0,7.5,7.0,0.27,Высокая,база спроса ≈2 шт/мес (история 17 мес.); сезонность ×3.00; рост спроса ×1.25; продажи скорректированы вверх из-за дефицита на складе; прогноз след. месяц ≈8 шт; остаток 2 + в пути 3,1.0
IEK,250600055_,ЩМП-3 IP65 GARANT (650х500х220) IEK ,1.0,0.0,5.0,7.0,0.2,Высокая,база спроса ≈5 шт/мес (история 3 мес.); прогноз след. месяц ≈5 шт; остаток 1 + в пути 0,1.0
IEK,251400038_,ЩРВ-П 54 бел. дверь IP41 TEKFOR IEK,8.0,0.0,9.4,7.0,0.85,Высокая,база спроса ≈4 шт/мес (история 19 мес.); сезонность ×2.75; снижение спроса ×0.85; исключено разовых крупных заказов: 3; прогноз след. месяц ≈9 шт; остаток 8 + в пути 0,1.0
IEK,270300133_,"Перекл.кулачковый ПКП10-33 /О 10А""1-0-2""3Р/400В  IEK !!!",6.0,0.0,8.5,7.0,0.71,Высокая,база спроса ≈8 шт/мес (история 2 мес.); прогноз след. месяц ≈8 шт; остаток 6 + в пути 0,1.0
IEK,270300278_,Обогреватель на DIN-рейку ОДР (вент.+терм.) 900Вт IP20 IEK (12) NEW,2.0,0.0,6.0,7.0,0.33,Высокая,база спроса ≈6 шт/мес (история 1 мес.); прогноз след. месяц ≈6 шт; остаток 2 + в пути 0,1.0
IEK,280300591_,ЩМП- 2 IP 31 (500х400х220) GENERICA,1.0,0.0,5.0,7.0,0.2,Высокая,база спроса ≈10 шт/мес (история 11 мес.); снижение спроса ×0.50; прогноз след. месяц ≈5 шт; остаток 1 + в пути 0,1.0
IEK,010300169_, УЗО АВДТ 32  25А GENERICA (6/60) !!!,3.0,0.0,6.0,6.0,0.5,Высокая,база спроса ≈6 шт/мес (история 5 мес.); прогноз след. месяц ≈6 шт; остаток 3 + в пути 0,1.0
IEK,010500020_,ВА47-29 (2ф) 20А IEK (6/72) ,48.0,60.0,74.2,6.0,0.65,Высокая,база спроса ≈39 шт/мес (история 29 мес.); сезонность ×0.95; рост спроса ×2.00; прогноз след. месяц ≈74 шт; остаток 48 + в пути 60,6.0
IEK,010800139_,ВА 44-35 (3ф) 250А IEK (1/6) ,7.0,0.0,8.3,6.0,0.84,Высокая,база спроса ≈5 шт/мес (история 25 мес.); сезонность ×1.80; снижение спроса ×0.92; прогноз след. месяц ≈8 шт; остаток 7 + в пути 0,1.0
IEK,030200512_,"Выкл 2-кл. прох. 10А б/рамки ""BRITE"" сталь (1/100)",6.0,0.0,7.9,6.0,0.76,Высокая,база спроса ≈8 шт/мес (история 28 мес.); сезонность ×0.60; рост спроса ×1.65; прогноз след. месяц ≈8 шт; остаток 6 + в пути 0,1.0
IEK,030200769_,"Роз. USB A+C 18Вт б/рамки ""BRITE"" графит (1/80)",2.0,0.0,5.0,6.0,0.4,Высокая,база спроса ≈5 шт/мес (история 2 мес.); прогноз след. месяц ≈5 шт; остаток 2 + в пути 0,1.0
IEK,030200972_,"Выкл. 1-кл. самовозвратн. 10А ""BRITE"" графит (1/100)",1.0,0.0,4.6,6.0,0.22,Высокая,база спроса ≈2 шт/мес (история 9 мес.); рост спроса ×1.83; продажи скорректированы вверх из-за дефицита на складе; прогноз след. месяц ≈5 шт; остаток 1 + в пути 0,1.0
IEK,030201079_," Рамка 4-мест. ""BRITE""  беж./шамп.  IEK  (1/100)",5.0,0.0,7.0,6.0,0.71,Высокая,база спроса ≈7 шт/мес (история 2 мес.); прогноз след. месяц ≈7 шт; остаток 5 + в пути 0,1.0
IEK,114001003_,Мультиметр цифровой  Professional MY64 IEK E-PRO,1.0,0.0,4.5,6.0,0.22,Высокая,база спроса ≈4 шт/мес (история 2 мес.); прогноз след. месяц ≈4 шт; остаток 1 + в пути 0,1.0
IEK,120100080_,Контактор  КМИ-34062 40А 220В  IP54 (3вел в корпусе) IEK (1/6),6.0,0.0,7.7,6.0,0.78,Высокая,база спроса ≈2 шт/мес (история 22 мес.); сезонность ×2.40; рост спроса ×1.28; прогноз след. месяц ≈8 шт; остаток 6 + в пути 0,1.0
IEK,120100086_,Контактор  КТИ 5265  265А 230В IEK (1/2) ,4.0,2.0,7.4,6.0,0.54,Высокая,база спроса ≈3 шт/мес (история 24 мес.); сезонность ×1.75; рост спроса ×1.39; прогноз след. месяц ≈7 шт; остаток 4 + в пути 2,1.0
IEK,130301258_,Автоматический стриппер  PROFI СИ-6м IEK,1.0,0.0,4.4,6.0,0.23,Высокая,база спроса ≈2 шт/мес (история 13 мес.); сезонность ×2.50; снижение спроса ×0.89; прогноз след. месяц ≈4 шт; остаток 1 + в пути 0,1.0
IEK,250200018_,ЩРН  48 (620x310x120) IP31 TITAN 3 IEK   ,14.0,7.0,17.7,6.0,0.79,Высокая,база спроса ≈4 шт/мес (история 26 мес.); сезонность ×3.25; рост спроса ×1.36; исключено разовых крупных заказов: 1; прогноз след. месяц ≈18 шт; остаток 14 + в пути 7,1.0
IEK,250600054_,ЩМП-2 IP65 GARANT (500х400х220) IEK,1.0,0.0,4.5,6.0,0.22,Высокая,база спроса ≈4 шт/мес (история 4 мес.); прогноз след. месяц ≈4 шт; остаток 1 + в пути 0,1.0
IEK,270300266_,Обогреватель на DIN-рейку в корпусе 50Вт IP20 IEK (50) NEW,3.0,0.0,6.0,6.0,0.5,Высокая,база спроса ≈6 шт/мес (история 5 мес.); прогноз след. месяц ≈6 шт; остаток 3 + в пути 0,1.0
IEK,LBAL001,"LBAL001 L-office Balance 30/Д/5,0К/03/SD/IP40 LEDEL IEK",1.0,0.0,4.5,6.0,0.22,Высокая,база спроса ≈4 шт/мес (история 2 мес.); прогноз след. месяц ≈4 шт; остаток 1 + в пути 0,1.0
IEK,ст-9949056,"Трансформатор тока ТТИ-А  120/5А 5ВА кл.т.0,5 IEK !!!",3.0,0.0,6.0,6.0,0.5,Высокая,база спроса ≈6 шт/мес (история 3 мес.); прогноз след. месяц ≈6 шт; остаток 3 + в пути 0,1.0
IEK,щщщ0115439,"Трансформатор тока ТТИ-А   80\5А 5ВА кл.т.0,5 IEK (36) !!!",1.0,0.0,4.5,6.0,0.22,Высокая,база спроса ≈4 шт/мес (история 2 мес.); прогноз след. месяц ≈4 шт; остаток 1 + в пути 0,1.0
IEK,010300127_, УЗО АД 12  (2ф) 50А 300мА IEK (4/32) !!!,1.0,0.0,4.0,5.0,0.25,Высокая,база спроса ≈2 шт/мес (история 6 мес.); рост спроса ×2.00; продажи скорректированы вверх из-за дефицита на складе; прогноз след. месяц ≈4 шт; остаток 1 + в пути 0,1.0
IEK,010500123_,ВА47-29 (2ф)  1А IEK (6/72) E-PRO,4.0,0.0,6.0,5.0,0.67,Высокая,база спроса ≈6 шт/мес (история 5 мес.); прогноз след. месяц ≈6 шт; остаток 4 + в пути 0,1.0
IEK,010700068_,ВА47-29 (3ф) 16А IEK (48) B !!!,1.0,0.0,4.0,5.0,0.25,Высокая,база спроса ≈4 шт/мес (история 5 мес.); прогноз след. месяц ≈4 шт; остаток 1 + в пути 0,1.0
IEK,010800030_,ВА 88-40 (3ф) 500А IEK (1/2),3.0,0.0,4.7,5.0,0.64,Высокая,база спроса ≈8 шт/мес (история 27 мес.); сезонность ×0.70; снижение спроса ×0.88; прогноз след. месяц ≈5 шт; остаток 3 + в пути 0,1.0
IEK,010800060_,Аварийно-доп. контакт ДК/АК32-11 IEK !!! (150),1.0,0.0,4.0,5.0,0.25,Высокая,база спроса ≈4 шт/мес (история 4 мес.); прогноз след. месяц ≈4 шт; остаток 1 + в пути 0,1.0
IEK,030200939_,"Роз. HDMI б/рамки ""BRITE"" сталь (1/100)",2.0,0.0,4.3,5.0,0.47,Высокая,база спроса ≈3 шт/мес (история 10 мес.); рост спроса ×1.44; прогноз след. месяц ≈4 шт; остаток 2 + в пути 0,1.0
IEK,081100761_,Светильник-ночник 018 квадрат датчик осв. 220В IEK,3.0,0.0,4.9,5.0,0.61,Высокая,база спроса ≈6 шт/мес (история 27 мес.); сезонность ×1.65; снижение спроса ×0.50; исключено разовых крупных заказов: 2; прогноз след. месяц ≈5 шт; остаток 3 + в пути 0,1.0
IEK,130200420_,Тонкогубцы 160мм K4 ARMA2L 5 IEK (1),1.0,0.0,3.6,5.0,0.28,Высокая,база спроса ≈2 шт/мес (история 21 мес.); сезонность ×2.00; снижение спроса ×0.90; прогноз след. месяц ≈4 шт; остаток 1 + в пути 0,1.0
IEK,130300883_,Лента бандажная ЛМ-50 IEK (5),4.0,10.0,12.4,5.0,0.32,Высокая,база спроса ≈5 шт/мес (история 32 мес.); сезонность ×1.30; рост спроса ×1.80; исключено разовых крупных заказов: 1; прогноз след. месяц ≈12 шт; остаток 4 + в пути 10,1.0
IEK,130500001_,Изолятор SM25 IEK (10),1.0,0.0,4.0,5.0,0.25,Высокая,база спроса ≈4 шт/мес (история 1 мес.); прогноз след. месяц ≈4 шт; остаток 1 + в пути 0,1.0
IEK,130600219_,Реле твердотельное OSS-2 40А 380В AC 3-32В DC ONI OSS-2-3-40-B NEW,1.0,0.0,4.0,5.0,0.25,Высокая,база спроса ≈4 шт/мес (история 1 мес.); прогноз след. месяц ≈4 шт; остаток 1 + в пути 0,1.0
IEK,130600220_,Реле твердотельное OSS-2 25А 380В AC 3-32В DC ONI OSS-2-3-25-B NEW,1.0,0.0,3.5,5.0,0.29,Высокая,база спроса ≈4 шт/мес (история 2 мес.); прогноз след. месяц ≈4 шт; остаток 1 + в пути 0,1.0
IEK,240100097_,Площадка (самоклеющаяся) черная 30х30 IEK (100),1.0,0.0,1.5,5.0,0.67,Высокая,база спроса ≈2 шт/мес (история 16 мес.); сезонность ×0.50; рост спроса ×1.50; прогноз след. месяц ≈2 шт; остаток 1 + в пути 0,5.0
IEK,250200032_,TITAN Корпус металлический ЩУ-3/1-0 (445х400х150мм) У1 IP66 IEK,1.0,0.0,3.5,5.0,0.29,Высокая,база спроса ≈2 шт/мес (история 11 мес.); рост спроса ×1.75; продажи скорректированы вверх из-за дефицита на складе; прогноз след. месяц ≈4 шт; остаток 1 + в пути 0,1.0
IEK,270300265_,Обогреватель на DIN-рейку в корпусе 100Вт IP20 IEK (40) NEW,1.0,0.0,3.5,5.0,0.29,Высокая,база спроса ≈4 шт/мес (история 4 мес.); прогноз след. месяц ≈4 шт; остаток 1 + в пути 0,1.0
IEK,280100445_,Поворот 90град КМП 40х25 черный ЭЛЕКОР IEK (4шт/компл) ,1.0,0.0,4.0,5.0,0.25,Высокая,база спроса ≈4 шт/мес (история 3 мес.); прогноз след. месяц ≈4 шт; остаток 1 + в пути 0,1.0
IEK,280100450_,Соединитель на стык КМС 20х10 черный ЭЛЕКОР IEK (4шт/компл),6.0,0.0,7.0,5.0,0.86,Высокая,база спроса ≈7 шт/мес (история 2 мес.); прогноз след. месяц ≈7 шт; остаток 6 + в пути 0,1.0
IEK,280200037_,Внутренний угол КМВ 100х60 Белый ЭЛЕКОР IEK (2) ,20.0,30.0,33.5,5.0,0.6,Высокая,база спроса ≈28 шт/мес (история 30 мес.); сезонность ×1.71; снижение спроса ×0.71; исключено разовых крупных заказов: 1; прогноз след. месяц ≈34 шт; остаток 20 + в пути 30,5.0
IEK,280300054_,Разветвитель Т-образный 100х400 IEK,1.0,0.0,4.0,5.0,0.25,Высокая,база спроса ≈4 шт/мес (история 3 мес.); прогноз след. месяц ≈4 шт; остаток 1 + в пути 0,1.0
IEK,290100011_,У04 (4места 2р+ре.5метров) IEK,3.0,0.0,5.0,5.0,0.6,Высокая,база спроса ≈3 шт/мес (история 10 мес.); рост спроса ×1.67; прогноз след. месяц ≈5 шт; остаток 3 + в пути 0,1.0
IEK,ст-9950702,"Трансформатор тока ТТИ-А   30\5А 5ВА кл.т.0,5 IEK (36) !!!",1.0,0.0,4.0,5.0,0.25,Высокая,база спроса ≈4 шт/мес (история 1 мес.); прогноз след. месяц ≈4 шт; остаток 1 + в пути 0,1.0
IEK,ст-9953247,Индикатор AD-16DS (LED) Ø16мм (зеленый) 12В IEK,1.0,0.0,4.0,5.0,0.25,Высокая,база спроса ≈4 шт/мес (история 2 мес.); прогноз след. месяц ≈4 шт; остаток 1 + в пути 0,1.0
IEK,яяяярп5518, Контактор КМИ-10910  9А  110В (1вел) IEK (1/50),4.0,0.0,6.0,5.0,0.67,Высокая,база спроса ≈6 шт/мес (история 1 мес.); прогноз след. месяц ≈6 шт; остаток 4 + в пути 0,1.0
IEK,010300242_,УЗДП c авт. выкл. 1P+N C 32A KARAT IEK,5.0,0.0,6.0,4.0,0.83,Высокая,база спроса ≈6 шт/мес (история 4 мес.); прогноз след. месяц ≈6 шт; остаток 5 + в пути 0,1.0
IEK,010500082_,ВА47-29М (2ф) 63А IEK (72) !!!,1.0,0.0,3.0,4.0,0.33,Высокая,база спроса ≈3 шт/мес (история 3 мес.); прогноз след. месяц ≈3 шт; остаток 1 + в пути 0,1.0
IEK,020300082_,Распред. блок на DIN-рейку РБД- 80А IEK,2.0,0.0,4.0,4.0,0.5,Высокая,база спроса ≈4 шт/мес (история 5 мес.); прогноз след. месяц ≈4 шт; остаток 2 + в пути 0,1.0
IEK,030200529_,"Роз. 2-я TV+RJ45 кат.5E б/рамки ""BRITE"" алюминий (1/100)",4.0,0.0,5.0,4.0,0.8,Высокая,база спроса ≈5 шт/мес (история 4 мес.); прогноз след. месяц ≈5 шт; остаток 4 + в пути 0,1.0
IEK,030200558_,"Роз. 2-я с з/к/ш 16А в сб. ""BRITE"" маренго (1/100)",5.0,0.0,6.0,4.0,0.83,Высокая,база спроса ≈6 шт/мес (история 5 мес.); прогноз след. месяц ≈6 шт; остаток 5 + в пути 0,1.0
IEK,130300040_, ЗНИ 35мм ² (125) серый  IEK (30),2.0,0.0,4.0,4.0,0.5,Высокая,база спроса ≈4 шт/мес (история 3 мес.); прогноз след. месяц ≈4 шт; остаток 2 + в пути 0,1.0
IEK,130500003_,Изолятор SM40 IEK (10),3.0,0.0,4.2,4.0,0.71,Высокая,база спроса ≈3 шт/мес (история 9 мес.); рост спроса ×1.40; прогноз след. месяц ≈4 шт; остаток 3 + в пути 0,1.0
IEK,240200007_,Круглая скоба  8мм IEK (100),2.0,0.0,3.8,4.0,0.53,Высокая,база спроса ≈8 шт/мес (история 9 мес.); снижение спроса ×0.50; прогноз след. месяц ≈4 шт; остаток 2 + в пути 0,1.0
IEK,250200006_, ЩМП- 3 IP 31 (650х500х220) IEK,10.0,10.0,16.0,4.0,0.62,Высокая,база спроса ≈5 шт/мес (история 32 мес.); сезонность ×2.25; рост спроса ×1.42; исключено разовых крупных заказов: 1; прогноз след. месяц ≈16 шт; остаток 10 + в пути 10,1.0
IEK,250600150_,ЩУРн-П 1/8 IP66 PC IEK NEW (1/10),2.0,0.0,4.0,4.0,0.5,Высокая,база спроса ≈4 шт/мес (история 2 мес.); прогноз след. месяц ≈4 шт; остаток 2 + в пути 0,1.0
IEK,270300286_,Вентилятор с фильтром ВФИ 24 м3/час IP55 IEK (30) NEW,3.0,0.0,4.5,4.0,0.67,Высокая,база спроса ≈5 шт/мес (история 19 мес.); сезонность ×0.90; прогноз след. месяц ≈4 шт; остаток 3 + в пути 0,1.0
IEK,270300289_,Вентилятор с фильтром ВФИ 200 м3/час IP55 IEK (10) NEW,2.0,0.0,3.9,4.0,0.51,Высокая,база спроса ≈3 шт/мес (история 16 мес.); сезонность ×1.33; снижение спроса ×0.97; прогноз след. месяц ≈4 шт; остаток 2 + в пути 0,1.0
IEK,270300293_,Вентилятор с фильтром ВФИ 700 м3/час IP55 IEK (4) NEW,2.0,0.0,4.0,4.0,0.5,Высокая,база спроса ≈4 шт/мес (история 2 мес.); прогноз след. месяц ≈4 шт; остаток 2 + в пути 0,1.0
IEK,280100302_,Угол внутренний КМВ 20х10 дуб ЭЛЕКОР IEK (4шт/компл) ,1.0,0.0,3.0,4.0,0.33,Высокая,база спроса ≈3 шт/мес (история 1 мес.); прогноз след. месяц ≈3 шт; остаток 1 + в пути 0,1.0
IEK,280100356_,Заглушка КМЗ 40х25 дуб ЭЛЕКОР IEK (4шт/компл)  ,2.0,0.0,4.0,4.0,0.5,Высокая,база спроса ≈4 шт/мес (история 3 мес.); прогноз след. месяц ≈4 шт; остаток 2 + в пути 0,1.0
IEK,280100394_,Поворот 90град КМП 25х16 сосна ЭЛЕКОР IEK (4шт/компл) ,4.0,0.0,5.0,4.0,0.8,Высокая,база спроса ≈5 шт/мес (история 1 мес.); прогноз след. месяц ≈5 шт; остаток 4 + в пути 0,1.0
IEK,280100442_,Поворот 90град КМП 16х16 черный ЭЛЕКОР IEK (4шт/компл) ,4.0,0.0,5.0,4.0,0.8,Высокая,база спроса ≈5 шт/мес (история 3 мес.); прогноз след. месяц ≈5 шт; остаток 4 + в пути 0,1.0
IEK,280300071_,Поворот 90º   50х50 IEK,2.0,0.0,4.0,4.0,0.5,Высокая,база спроса ≈4 шт/мес (история 27 мес.); сезонность ×2.00; снижение спроса ×0.50; прогноз след. месяц ≈4 шт; остаток 2 + в пути 0,1.0
IEK,290100140_,У05 (5мест/3метра) чер. IEK,5.0,0.0,5.6,4.0,0.89,Высокая,база спроса ≈3 шт/мес (история 18 мес.); сезонность ×1.67; рост спроса ×1.12; прогноз след. месяц ≈6 шт; остаток 5 + в пути 0,1.0
IEK,290100142_,У05К (5мест/3метра) чер. IEK,5.0,0.0,6.0,4.0,0.83,Высокая,база спроса ≈2 шт/мес (история 20 мес.); сезонность ×2.00; рост спроса ×2.00; прогноз след. месяц ≈6 шт; остаток 5 + в пути 0,1.0
IEK,MVA20-3-013-C,"ВА47-29 (3ф) 13А 4,5кА С IEK !!!",1.0,0.0,3.0,4.0,0.33,Высокая,база спроса ≈3 шт/мес (история 1 мес.); прогноз след. месяц ≈3 шт; остаток 1 + в пути 0,1.0
IEK,ярп40271,LED ДБА ВЫХОД 220В 301х101х20 (батарея на 10 часов) IP52 IEK !,2.0,0.0,3.5,4.0,0.57,Высокая,база спроса ≈4 шт/мес (история 4 мес.); прогноз след. месяц ≈4 шт; остаток 2 + в пути 0,1.0
IEK,ярп5549,Изолятор ступенчатый ИС4-50 (М10) силовой IEK !!!,2.0,0.0,4.0,4.0,0.5,Высокая,база спроса ≈4 шт/мес (история 3 мес.); прогноз след. месяц ≈4 шт; остаток 2 + в пути 0,1.0
IEK,010400932_,Реле напряжения РН-д однофазное 54мм 40А IEK,2.0,0.0,3.0,3.0,0.67,Высокая,база спроса ≈2 шт/мес (история 8 мес.); рост спроса ×2.00; прогноз след. месяц ≈3 шт; остаток 2 + в пути 0,1.0
IEK,010500017_,Выкл. нагрузки ВН-32 (1ф)  63А IEK (240) !!!,1.0,0.0,2.5,3.0,0.4,Высокая,база спроса ≈2 шт/мес (история 4 мес.); прогноз след. месяц ≈2 шт; остаток 1 + в пути 0,1.0
IEK,010700021_, BA 47-100 (3ф) 80А D IEK !!!,3.0,0.0,4.0,3.0,0.75,Высокая,база спроса ≈4 шт/мес (история 3 мес.); прогноз след. месяц ≈4 шт; остаток 3 + в пути 0,1.0
IEK,010800054_,Контакт состояния КС47 на DIN-рейку  НОВЫЕ IEK (320) !!!,3.0,0.0,4.0,3.0,0.75,Высокая,база спроса ≈4 шт/мес (история 2 мес.); прогноз след. месяц ≈4 шт; остаток 3 + в пути 0,1.0
IEK,030200938_,"Роз. HDMI б/рамки ""BRITE"" алюминий (1/100)",3.0,0.0,4.0,3.0,0.75,Высокая,база спроса ≈4 шт/мес (история 5 мес.); прогноз след. месяц ≈4 шт; остаток 3 + в пути 0,1.0
IEK,030200953_,"Подсветка LED встр. ""BRITE"" графит (1/100)",2.0,0.0,3.0,3.0,0.67,Высокая,база спроса ≈3 шт/мес (история 4 мес.); прогноз след. месяц ≈3 шт; остаток 2 + в пути 0,1.0
IEK,030200955_,"Подсветка LED встр. ""BRITE"" алюминий (1/100)",3.0,0.0,4.0,3.0,0.75,Высокая,база спроса ≈4 шт/мес (история 1 мес.); прогноз след. месяц ≈4 шт; остаток 3 + в пути 0,1.0
IEK,030200966_,"Роз. с з/к с з/ш 16А USB A+A 2,1А б/рамки ""BRITE"" белый (1/80)",2.0,0.0,3.2,3.0,0.62,Высокая,база спроса ≈4 шт/мес (история 14 мес.); сезонность ×1.00; снижение спроса ×0.79; прогноз след. месяц ≈3 шт; остаток 2 + в пути 0,1.0
IEK,030201121_," Рамка 3-мест. ""BRITE""  стекло графит RE  IEK  (1/50)",3.0,0.0,3.5,3.0,0.86,Высокая,база спроса ≈4 шт/мес (история 2 мес.); прогноз след. месяц ≈4 шт; остаток 3 + в пути 0,1.0
IEK,080800134_,"Светодиодная лента ""Сделай сам"" LED 5м LSR-5050RGB60-14,4-IP20-12В+драйвер+контр IEK",1.0,0.0,2.5,3.0,0.4,Высокая,база спроса ≈2 шт/мес (история 2 мес.); прогноз след. месяц ≈2 шт; остаток 1 + в пути 0,1.0
IEK,081100715_,Лампа филаментная LED CT35 свеча вит. 5Вт 230В 3000К E14 серия 360° IEK,3.0,0.0,4.0,3.0,0.75,Высокая,база спроса ≈4 шт/мес (история 5 мес.); прогноз след. месяц ≈4 шт; остаток 3 + в пути 0,1.0
IEK,081100748_,"Патрон подвесной E27 со шнуром 1,5м RETRO золото IEK",1.0,0.0,2.5,3.0,0.4,Высокая,база спроса ≈2 шт/мес (история 2 мес.); прогноз след. месяц ≈2 шт; остаток 1 + в пути 0,1.0
IEK,081100752_,Светильник LED настол. 2013 9Вт ночник черный IEK,3.0,0.0,4.0,3.0,0.75,Высокая,база спроса ≈2 шт/мес (история 7 мес.); рост спроса ×2.00; прогноз след. месяц ≈4 шт; остаток 3 + в пути 0,1.0
IEK,130200298_,"Датчик движения ДД 013 белый,до 1200 Вт,дальность 12 м IP65 IEK (50)",4.0,0.0,4.5,3.0,0.89,Высокая,база спроса ≈4 шт/мес (история 27 мес.); сезонность ×1.10; снижение спроса ×0.97; прогноз след. месяц ≈4 шт; остаток 4 + в пути 0,1.0
IEK,130200431_,Мультиметр  цифровой DM1A ARMA2L IEK (40) NEW,1.0,0.0,2.4,3.0,0.42,Высокая,база спроса ≈2 шт/мес (история 20 мес.); сезонность ×1.00; рост спроса ×1.22; прогноз след. месяц ≈2 шт; остаток 1 + в пути 0,1.0
IEK,130200438_,Токоизмерительные клещи CM2C IEK ARMA2L 5 IEK (60) NEW,4.0,0.0,4.6,3.0,0.87,Высокая,база спроса ≈2 шт/мес (история 21 мес.); сезонность ×2.25; рост спроса ×1.02; исключено разовых крупных заказов: 1; прогноз след. месяц ≈5 шт; остаток 4 + в пути 0,1.0
IEK,130300861_,Амперметр Э47 1000/5A 96х96 IEK !!!,2.0,0.0,3.0,3.0,0.67,Высокая,база спроса ≈3 шт/мес (история 3 мес.); прогноз след. месяц ≈3 шт; остаток 2 + в пути 0,1.0
IEK,130600007_,Реле РЭК77/4(LY4) 10A 24B DC IEK (200),2.0,0.0,3.0,3.0,0.67,Высокая,база спроса ≈3 шт/мес (история 2 мес.); прогноз след. месяц ≈3 шт; остаток 2 + в пути 0,1.0
IEK,130600208_,Розетка ORS-G-2-2 для реле OGR-2 2C ONI ORS-G-2-2-G NEW,2.0,0.0,3.0,3.0,0.67,Высокая,база спроса ≈3 шт/мес (история 5 мес.); продажи скорректированы вверх из-за дефицита на складе; прогноз след. месяц ≈3 шт; остаток 2 + в пути 0,1.0
IEK,250200010_,ЩРВ  12 (275x320x120) IP30 TITAN 3 IEK      ,5.0,4.0,7.8,3.0,0.64,Высокая,база спроса ≈2 шт/мес (история 13 мес.); сезонность ×5.00; снижение спроса ×0.78; прогноз след. месяц ≈8 шт; остаток 5 + в пути 4,1.0
IEK,270300134_," Переключатель кулачковый ПКП25-33 /О 25А""1-0-2""3Р/400В  IEK",3.0,0.0,4.0,3.0,0.75,Высокая,база спроса ≈3 шт/мес (история 16 мес.); сезонность ×1.00; рост спроса ×1.35; прогноз след. месяц ≈4 шт; остаток 3 + в пути 0,1.0
IEK,270300259_,Обогреватель на DIN-рейку (встр. вентилятор) 400Вт IP20 IEK (10) NEW,1.0,0.0,2.5,3.0,0.4,Высокая,база спроса ≈2 шт/мес (история 2 мес.); прогноз след. месяц ≈2 шт; остаток 1 + в пути 0,1.0
IEK,270300261_,Обогреватель на DIN-рейку 15Вт IP20 IEK (50) NEW,3.0,0.0,3.4,3.0,0.88,Высокая,база спроса ≈3 шт/мес (история 15 мес.); сезонность ×1.00; рост спроса ×1.15; прогноз след. месяц ≈3 шт; остаток 3 + в пути 0,1.0
IEK,280100438_,Заглушка КМЗ 40х25 черный ЭЛЕКОР IEK (4шт/компл)  ,1.0,0.0,2.5,3.0,0.4,Высокая,база спроса ≈2 шт/мес (история 4 мес.); прогноз след. месяц ≈2 шт; остаток 1 + в пути 0,1.0
IEK,280100440_,Заглушка КМЗ 100х60 черный ЭЛЕКОР IEK (2шт/компл)  ,3.0,0.0,3.5,3.0,0.86,Высокая,база спроса ≈4 шт/мес (история 2 мес.); прогноз след. месяц ≈4 шт; остаток 3 + в пути 0,1.0
IEK,290100145_,У3 (3места/5метров) чер. IEK,3.0,0.0,3.6,3.0,0.83,Высокая,база спроса ≈2 шт/мес (история 8 мес.); рост спроса ×1.80; прогноз след. месяц ≈4 шт; остаток 3 + в пути 0,1.0
IEK,290200005_,УК20 Катушка (20м) IEK,1.0,0.0,2.5,3.0,0.4,Высокая,база спроса ≈2 шт/мес (история 20 мес.); сезонность ×2.00; снижение спроса ×0.50; прогноз след. месяц ≈2 шт; остаток 1 + в пути 0,1.0
IEK,290200127_,"Катушка УК25 1мест. 2P+PE/25м+2м 3х1,5мм2 автосм. TWIST IEK",3.0,0.0,3.7,3.0,0.81,Высокая,база спроса ≈2 шт/мес (история 8 мес.); рост спроса ×1.83; прогноз след. месяц ≈4 шт; остаток 3 + в пути 0,1.0
IEK,ст-9953168, УЗО ВД1 63 (2ф) 40А 300мА  IEK  (48) !!!,3.0,0.0,4.0,3.0,0.75,Высокая,база спроса ≈4 шт/мес (история 1 мес.); прогноз след. месяц ≈4 шт; остаток 3 + в пути 0,1.0
IEK,ярп6058, BA 47-60M (1ф) 16А 6кА С IEK !!!,3.0,0.0,4.0,3.0,0.75,Высокая,база спроса ≈4 шт/мес (история 3 мес.); прогноз след. месяц ≈4 шт; остаток 3 + в пути 0,1.0
IEK,ярп6182,ЩЭ 5-1 36 УХЛ3 IP31 !!!,1.0,0.0,2.5,3.0,0.4,Высокая,база спроса ≈2 шт/мес (история 4 мес.); прогноз след. месяц ≈2 шт; остаток 1 + в пути 0,1.0
IEK,010700047_, BA 47-100 (3ф)  16А IEK (4) !!!,1.0,0.0,2.0,2.0,0.5,Высокая,база спроса ≈2 шт/мес (история 1 мес.); прогноз след. месяц ≈2 шт; остаток 1 + в пути 0,1.0
IEK,010700055_,ВА 44-33 (3ф)  80А IEK (1/20) ,2.0,0.0,2.6,2.0,0.77,Высокая,база спроса ≈2 шт/мес (история 11 мес.); рост спроса ×1.75; прогноз след. месяц ≈3 шт; остаток 2 + в пути 0,1.0
IEK,010800042_,ВА 88-33 (3ф)  63А IEK (16) !!!,1.0,0.0,1.5,2.0,0.67,Высокая,база спроса ≈2 шт/мес (история 2 мес.); прогноз след. месяц ≈2 шт; остаток 1 + в пути 0,1.0
IEK,010800052_,Расцепитель независимый РН-250/400  ( РН-35/37 ) IEK !!!,2.0,0.0,2.5,2.0,0.8,Высокая,база спроса ≈1 шт/мес (история 15 мес.); сезонность ×1.50; рост спроса ×1.42; прогноз след. месяц ≈2 шт; остаток 2 + в пути 0,1.0
IEK,010800106_,ВА 88-35 (3ф)  80 А  35кА  IEK ,1.0,0.0,2.0,2.0,0.5,Высокая,база спроса ≈2 шт/мес (история 2 мес.); прогноз след. месяц ≈2 шт; остаток 1 + в пути 0,1.0
IEK,011100062_,Стабилизатор СНИ  3 кВА (1ф) IEK (1),1.0,0.0,2.0,2.0,0.5,Высокая,база спроса ≈2 шт/мес (история 2 мес.); прогноз след. месяц ≈2 шт; остаток 1 + в пути 0,1.0
IEK,030200862_," Рамка 4-мест. ""BRITE"" стекло черный (1/50)",1.0,0.0,1.7,2.0,0.59,Высокая,база спроса ≈2 шт/мес (история 9 мес.); снижение спроса ×0.83; продажи скорректированы вверх из-за дефицита на складе; прогноз след. месяц ≈2 шт; остаток 1 + в пути 0,1.0
IEK,030200949_,"Роз. с з/к с з/ш 16А с USB A+C 18Вт б/рамки ""BRITE"" сталь (1/80)",1.0,0.0,2.0,2.0,0.5,Высокая,база спроса ≈2 шт/мес (история 6 мес.); прогноз след. месяц ≈2 шт; остаток 1 + в пути 0,1.0
IEK,030200954_,"Подсветка LED встр. ""BRITE"" сталь (1/100)",1.0,0.0,2.0,2.0,0.5,Высокая,база спроса ≈2 шт/мес (история 3 мес.); прогноз след. месяц ≈2 шт; остаток 1 + в пути 0,1.0
IEK,030200973_,"Выкл. 1-кл. самовозвратн. 10А ""BRITE"" сталь (1/100)",1.0,0.0,1.5,2.0,0.67,Высокая,база спроса ≈2 шт/мес (история 4 мес.); прогноз след. месяц ≈2 шт; остаток 1 + в пути 0,1.0
IEK,030200974_,"Выкл. 1-кл. самовозвратн. 10А ""BRITE"" алюминий (1/100)",2.0,0.0,2.5,2.0,0.8,Высокая,база спроса ≈2 шт/мес (история 2 мес.); прогноз след. месяц ≈2 шт; остаток 2 + в пути 0,1.0
IEK,030200976_,"Роз. аудио 4-мест. ""BRITE"" черный (1/100)",2.0,0.0,2.5,2.0,0.8,Высокая,база спроса ≈2 шт/мес (история 2 мес.); прогноз след. месяц ≈2 шт; остаток 2 + в пути 0,1.0
IEK,030200987_,"Светорег. пов-наж. 600Вт ""BRITE"" алюминий (1/80)",2.0,0.0,2.4,2.0,0.83,Высокая,база спроса ≈1 шт/мес (история 12 мес.); сезонность ×4.00; снижение спроса ×0.59; прогноз след. месяц ≈2 шт; остаток 2 + в пути 0,1.0
IEK,030201140_," Рамка 4-мест. ""BRITE""  металл черн. RE AL  IEK  (1/50)",2.0,0.0,2.5,2.0,0.8,Высокая,база спроса ≈2 шт/мес (история 2 мес.); прогноз след. месяц ≈2 шт; остаток 2 + в пути 0,1.0
IEK,080800133_,"Светодиодная лента ""Сделай сам"" LED 5м LSR-2835W60-4,8-IP65-12В-6500K+драйвер+выкл IEK",1.0,0.0,1.5,2.0,0.67,Высокая,база спроса ≈2 шт/мес (история 2 мес.); прогноз след. месяц ≈2 шт; остаток 1 + в пути 0,1.0
IEK,081100392_,LED Лампа T8  18w 230v 4000K G13  IEK (20),1.0,0.0,1.9,2.0,0.53,Высокая,база спроса ≈35 шт/мес (история 12 мес.); сезонность ×0.06; снижение спроса ×0.93; прогноз след. месяц ≈2 шт; остаток 1 + в пути 0,1.0
IEK,081100716_,Лампа филаментная LED CT35 свеча вит. 5Вт 230В 3000К E27 серия 360° IEK,1.0,0.0,1.5,2.0,0.67,Высокая,база спроса ≈3 шт/мес (история 8 мес.); снижение спроса ×0.50; прогноз след. месяц ≈2 шт; остаток 1 + в пути 0,1.0
IEK,081100760_,Светильник-ночник 001 круг USB датчик осв. 220В IEK,1.0,0.0,2.0,2.0,0.5,Высокая,база спроса ≈2 шт/мес (история 5 мес.); прогноз след. месяц ≈2 шт; остаток 1 + в пути 0,1.0
IEK,120100066_,"  Пускатель ПРК32 0,63-1А 380В IEK (1) !!!",1.0,0.0,2.0,2.0,0.5,Высокая,база спроса ≈2 шт/мес (история 3 мес.); прогноз след. месяц ≈2 шт; остаток 1 + в пути 0,1.0
IEK,120100308_,Контактор КМ 40-40М AC/DC IEK,1.0,0.0,2.0,2.0,0.5,Высокая,база спроса ≈6 шт/мес (история 21 мес.); сезонность ×0.36; снижение спроса ×0.97; исключено разовых крупных заказов: 1; прогноз след. месяц ≈2 шт; остаток 1 + в пути 0,1.0
IEK,130200299_,"Датчик движения ДД 016 угловой белый,до 800 Вт,дальность 12 м IP44  IEK (50)",1.0,0.0,2.0,2.0,0.5,Высокая,база спроса ≈2 шт/мес (история 2 мес.); прогноз след. месяц ≈2 шт; остаток 1 + в пути 0,1.0
IEK,130200300_,"Датчик движения ДД 026 белый,до 2000 Вт,дальность 6 м IP20 IEK  (50)",2.0,0.0,2.6,2.0,0.77,Высокая,база спроса ≈5 шт/мес (история 23 мес.); сезонность ×1.00; снижение спроса ×0.50; прогноз след. месяц ≈3 шт; остаток 2 + в пути 0,1.0
IEK,130200418_,Рюкзак монтажника с резиновым дном BP-07 ARMA2L 5 IEK (1),1.0,0.0,1.5,2.0,0.67,Высокая,база спроса ≈2 шт/мес (история 12 мес.); сезонность ×1.00; снижение спроса ×0.73; прогноз след. месяц ≈2 шт; остаток 1 + в пути 0,1.0
IEK,130200433_,Мультиметр цифровой  цифровой DM3B IEK ARMA2L 5 IEK (30) NEW,1.0,0.0,2.0,2.0,0.5,Высокая,база спроса ≈2 шт/мес (история 13 мес.); сезонность ×1.00; прогноз след. месяц ≈2 шт; остаток 1 + в пути 0,1.0
IEK,130200443_,Пирометр инфракрасный IT2B ARMA2L 5 IEK (40) NEW,1.0,0.0,1.9,2.0,0.53,Высокая,база спроса ≈2 шт/мес (история 19 мес.); сезонность ×1.00; снижение спроса ×0.96; продажи скорректированы вверх из-за дефицита на складе; прогноз след. месяц ≈2 шт; остаток 1 + в пути 0,1.0
IEK,130200444_,Тестер розеток  розеток ST02D ARMA2L 5 IEK (100) NEW,2.0,1.0,2.8,2.0,0.71,Высокая,база спроса ≈1 шт/мес (история 21 мес.); сезонность ×1.50; рост спроса ×1.86; прогноз след. месяц ≈3 шт; остаток 2 + в пути 1,1.0
IEK,130200491_,Набор динамометрической отвертки со сменными жалами SLIM Т2 14шт ARMA2L 5 IEK,1.0,0.0,1.5,2.0,0.67,Высокая,база спроса ≈2 шт/мес (история 5 мес.); прогноз след. месяц ≈2 шт; остаток 1 + в пути 0,1.0
IEK,130300089_,"Сизы-1 (2,0-4,0) оранжевый P7-3 IEK (100)",1.0,0.0,1.5,2.0,0.67,Высокая,база спроса ≈3 шт/мес (история 8 мес.); снижение спроса ×0.50; продажи скорректированы вверх из-за дефицита на складе; прогноз след. месяц ≈2 шт; остаток 1 + в пути 0,1.0
IEK,130300831_,"Клещи обжимные КО-03Е 6,0-16 мм2 (квадрат) IEK",1.0,0.0,2.0,2.0,0.5,Высокая,база спроса ≈2 шт/мес (история 2 мес.); прогноз след. месяц ≈2 шт; остаток 1 + в пути 0,1.0
IEK,130301681_,"Блок зажимов БЗН TK-010 1,5 мм2 10А на DIN-рейку 10 пар IEK",1.0,0.0,2.0,2.0,0.5,Высокая,база спроса ≈2 шт/мес (история 1 мес.); прогноз след. месяц ≈2 шт; остаток 1 + в пути 0,1.0
IEK,130600201_,Реле фаз ORF-04 3ф. 220-460В AC IEK ORF-04-220-460VAC NEW,1.0,0.0,2.0,2.0,0.5,Высокая,база спроса ≈2 шт/мес (история 1 мес.); прогноз след. месяц ≈2 шт; остаток 1 + в пути 0,1.0
IEK,130600222_,Реле фаз ORF-10 3ф. 2 конт. 127-265В AC с контр. нейтр. ONI ORF-10-127-265VAC NEW,1.0,0.0,2.0,2.0,0.5,Высокая,база спроса ≈2 шт/мес (история 1 мес.); прогноз след. месяц ≈2 шт; остаток 1 + в пути 0,1.0
IEK,130600236_,"Преобр. давл. PPT10 0,5% 0-16Бар 0-10В G1/2 DIN43650 ONI PPT-G-ST-016-0-10-2-2 NEW",1.0,0.0,1.5,2.0,0.67,Высокая,база спроса ≈2 шт/мес (история 2 мес.); прогноз след. месяц ≈2 шт; остаток 1 + в пути 0,1.0
IEK,130600259_,Преобраз. частоты A150 380В 3Ф 11кВт 25А встр. торм ONI A150-33-11T NEW (4) NEW,1.0,0.0,2.0,2.0,0.5,Высокая,база спроса ≈2 шт/мес (история 1 мес.); прогноз след. месяц ≈2 шт; остаток 1 + в пути 0,1.0
IEK,130600265_,Панель оператора ETG 7” базовая пластиковый корпус ONI ETG-A8TS-HSSN-S-070 NEW,1.0,0.0,2.0,2.0,0.5,Высокая,база спроса ≈2 шт/мес (история 2 мес.); прогноз след. месяц ≈2 шт; остаток 1 + в пути 0,1.0
IEK,130600270_,Логическое реле PLR-S. CPU1206 серии ONI PLR-S-CPU-1206 NEW,1.0,0.0,2.0,2.0,0.5,Высокая,база спроса ≈2 шт/мес (история 2 мес.); прогноз след. месяц ≈2 шт; остаток 1 + в пути 0,1.0
IEK,151000734_,Отвертка Master 3х75мм IEK (12) ,1.0,0.0,1.5,2.0,0.67,Высокая,база спроса ≈2 шт/мес (история 4 мес.); прогноз след. месяц ≈2 шт; остаток 1 + в пути 0,1.0
IEK,201000015_,Преобраз. частоты CONTROL-A310 380В 3Ф  18-22кВт 37-45A IEK (1) NEW,1.0,0.0,2.0,2.0,0.5,Высокая,база спроса ≈2 шт/мес (история 1 мес.); прогноз след. месяц ≈2 шт; остаток 1 + в пути 0,1.0
IEK,240100025_,Площадка (самоклеющаяся) 40х40 IEK (100),1.0,0.0,1.5,2.0,0.67,Высокая,база спроса ≈2 шт/мес (история 2 мес.); прогноз след. месяц ≈2 шт; остаток 1 + в пути 0,1.0
IEK,240200017_,Круглая скоба 16мм IEK (100),1.0,0.0,1.7,2.0,0.59,Высокая,база спроса ≈2 шт/мес (история 7 мес.); снижение спроса ×0.86; прогноз след. месяц ≈2 шт; остаток 1 + в пути 0,1.0
IEK,250200001_, ЩМП- 1 IP 31 (395х310х220) IEK,2.0,0.0,2.5,2.0,0.8,Высокая,база спроса ≈2 шт/мес (история 24 мес.); сезонность ×1.00; рост спроса ×1.66; прогноз след. месяц ≈2 шт; остаток 2 + в пути 0,1.0
IEK,250600053_,ЩМП-1 IP65 GARANT (395х310х220) IEK,1.0,0.0,1.5,2.0,0.67,Высокая,база спроса ≈2 шт/мес (история 2 мес.); прогноз след. месяц ≈2 шт; остаток 1 + в пути 0,1.0
IEK,250600179_,ЩРН-П 36 модулей навесн. пластик IP41 GENERICA (5),1.0,0.0,1.9,2.0,0.53,Высокая,база спроса ≈1 шт/мес (история 20 мес.); сезонность ×3.00; снижение спроса ×0.62; прогноз след. месяц ≈2 шт; остаток 1 + в пути 0,1.0
IEK,251400023_,КМПн-12  черн. прозр. дверь IP65 TEKFOR IEK,1.0,0.0,1.8,2.0,0.56,Высокая,база спроса ≈2 шт/мес (история 16 мес.); сезонность ×1.00; снижение спроса ×0.91; прогноз след. месяц ≈2 шт; остаток 1 + в пути 0,1.0
IEK,251400031_,ЩРН-П  8  бел. дверь IP41 TEKFOR IEK,1.0,0.0,1.5,2.0,0.67,Высокая,база спроса ≈2 шт/мес (история 2 мес.); прогноз след. месяц ≈2 шт; остаток 1 + в пути 0,1.0
IEK,251400082_,ЩРВ  72 (2х36мод) 630х625х130 IP31 TITAN 5 IEK,1.0,0.0,1.5,2.0,0.67,Высокая,база спроса ≈2 шт/мес (история 2 мес.); прогноз след. месяц ≈2 шт; остаток 1 + в пути 0,1.0
IEK,251400091_,ЩРВ 252 (3х84мод) 1130х885х130 IP31 TITAN 5 IEK,1.0,0.0,1.5,2.0,0.67,Высокая,база спроса ≈2 шт/мес (история 4 мес.); прогноз след. месяц ≈2 шт; остаток 1 + в пути 0,1.0
IEK,251400111_,ЩМП  600х400х200 IP66  TITAN 5 IEK,1.0,0.0,2.0,2.0,0.5,Высокая,база спроса ≈2 шт/мес (история 9 мес.); прогноз след. месяц ≈2 шт; остаток 1 + в пути 0,1.0
IEK,270100217_,Разъединитель РЕ19-37-31140 400А IEK (4) NEW,1.0,0.0,2.0,2.0,0.5,Высокая,база спроса ≈2 шт/мес (история 1 мес.); прогноз след. месяц ≈2 шт; остаток 1 + в пути 0,1.0
IEK,270300099_,"  Трансформатор тока ТТИ-А  100/5А  5ВА  класс 0,5  IEK",1.0,0.0,1.4,2.0,0.71,Высокая,база спроса ≈5 шт/мес (история 24 мес.); сезонность ×0.35; снижение спроса ×0.87; исключено разовых крупных заказов: 1; продажи скорректированы вверх из-за дефицита на складе; прогноз след. месяц ≈1 шт; остаток 1 + в пути 0,1.0
IEK,270300268_,Обогреватель на DIN-рейку в корп.(встр.вент.) 250Вт IP20 IEK (38) NEW,1.0,0.0,1.5,2.0,0.67,Высокая,база спроса ≈2 шт/мес (история 2 мес.); прогноз след. месяц ≈2 шт; остаток 1 + в пути 0,1.0
IEK,270300272_,Обогреватель (встр. вентилятор) 300 Вт IP20 IEK (20) NEW,1.0,0.0,2.0,2.0,0.5,Высокая,база спроса ≈2 шт/мес (история 3 мес.); прогноз след. месяц ≈2 шт; остаток 1 + в пути 0,1.0
IEK,270300276_,Мини-обогреватель шкафной 13Вт IP54 IEK (100) NEW,1.0,0.0,1.5,2.0,0.67,Высокая,база спроса ≈2 шт/мес (история 4 мес.); прогноз след. месяц ≈2 шт; остаток 1 + в пути 0,1.0
IEK,280100393_,Поворот 90град КМП 16х16 сосна ЭЛЕКОР IEK (4шт/компл) ,1.0,0.0,2.0,2.0,0.5,Высокая,база спроса ≈2 шт/мес (история 1 мес.); прогноз след. месяц ≈2 шт; остаток 1 + в пути 0,1.0
IEK,280100424_,Угол внешний КМН 40х25 черный ЭЛЕКОР IEK (4шт/компл) ,1.0,0.0,2.0,2.0,0.5,Высокая,база спроса ≈2 шт/мес (история 3 мес.); прогноз след. месяц ≈2 шт; остаток 1 + в пути 0,1.0
IEK,280100433_,Угол внутренний КМВ 100х60 черный ЭЛЕКОР IEK (2шт/компл) ,1.0,0.0,2.0,2.0,0.5,Высокая,база спроса ≈2 шт/мес (история 5 мес.); прогноз след. месяц ≈2 шт; остаток 1 + в пути 0,1.0
IEK,280100447_,Поворот 90град КМП 100х60 черный ЭЛЕКОР IEK (2шт/компл) ,1.0,0.0,1.5,2.0,0.67,Высокая,база спроса ≈2 шт/мес (история 4 мес.); прогноз след. месяц ≈2 шт; остаток 1 + в пути 0,1.0
IEK,290100137_,У04 (4места/5метров) чер. IEK,1.0,0.0,1.5,2.0,0.67,Высокая,база спроса ≈1 шт/мес (история 10 мес.); рост спроса ×1.50; прогноз след. месяц ≈2 шт; остаток 1 + в пути 0,1.0
IEK,290100141_,У05 (5мест/5метров) чер. IEK,1.0,0.0,1.8,2.0,0.56,Высокая,база спроса ≈3 шт/мес (история 11 мес.); снижение спроса ×0.58; прогноз след. месяц ≈2 шт; остаток 1 + в пути 0,1.0
IEK,311101232_,Батарейка щелочная Alkaline LR06/AA (2шт/блистер) IEK,2.0,0.0,2.2,2.0,0.91,Высокая,база спроса ≈2 шт/мес (история 7 мес.); рост спроса ×1.50; прогноз след. месяц ≈2 шт; остаток 2 + в пути 0,1.0
IEK,BR-U21-D31-K35,"BRITE Розетка USB A+A 5В 3,1А РЮ10-1-БрМ маренго IEK",1.0,0.0,2.0,2.0,0.5,Высокая,база спроса ≈2 шт/мес (история 2 мес.); прогноз след. месяц ≈2 шт; остаток 1 + в пути 0,1.0
IEK,MVA31-3-063-B, BA 47-60M (3ф) 63А 6кА B IEK !!!,2.0,0.0,2.5,2.0,0.8,Высокая,база спроса ≈2 шт/мес (история 2 мес.); прогноз след. месяц ≈2 шт; остаток 2 + в пути 0,1.0
IEK,OPS-DC24-060B,"Блок питания OPS 220В AC/24В DC 2,5А 60Вт ONI OPS-DC24-060B IEK",1.0,0.0,1.5,2.0,0.67,Высокая,база спроса ≈2 шт/мес (история 2 мес.); прогноз след. месяц ≈2 шт; остаток 1 + в пути 0,1.0
IEK,PLR-S-CPU-1410R-AC-B,Логическое реле PLR-S. CPU1410(R) 220В AC с экраном ONI,1.0,0.0,1.5,2.0,0.67,Высокая,база спроса ≈2 шт/мес (история 2 мес.); прогноз след. месяц ≈2 шт; остаток 1 + в пути 0,1.0
IEK,ст-9951729,"Трансформатор тока ТТИ-А  125\5А 5ВА кл.т.0,5 IEK (36) !!!",1.0,0.0,2.0,2.0,0.5,Высокая,база спроса ≈2 шт/мес (история 1 мес.); прогноз след. месяц ≈2 шт; остаток 1 + в пути 0,1.0
IEK,ст-9953236,Индикатор AD-22DS (LED) Ø22мм (зеленый) 12В IEK !!!,1.0,0.0,2.0,2.0,0.5,Высокая,база спроса ≈2 шт/мес (история 5 мес.); прогноз след. месяц ≈2 шт; остаток 1 + в пути 0,1.0
IEK,щт-0001014, BA 47-100 (2ф)  80A IEK !!!,1.0,0.0,2.0,2.0,0.5,Высокая,база спроса ≈2 шт/мес (история 5 мес.); прогноз след. месяц ≈2 шт; остаток 1 + в пути 0,1.0
IEK,щщ11503042,"ВА47-29 (3ф) 50А 4,5кА х-ка D IEK !!!",1.0,0.0,2.0,2.0,0.5,Высокая,база спроса ≈2 шт/мес (история 3 мес.); прогноз след. месяц ≈2 шт; остаток 1 + в пути 0,1.0
IEK,ярп40134,LED ДПО 4012 12Вт IP54 4000K овал белый IEK!!!,2.0,0.0,2.5,2.0,0.8,Высокая,база спроса ≈2 шт/мес (история 4 мес.); прогноз след. месяц ≈2 шт; остаток 2 + в пути 0,1.0
IEK,010300068_, УЗО АД12М  (2ф) 25А IEK (5/40),1.0,0.0,1.3,1.0,0.77,Высокая,база спроса ≈1 шт/мес (история 9 мес.); рост спроса ×1.33; прогноз след. месяц ≈1 шт; остаток 1 + в пути 0,1.0
IEK,011100067_,Стабилизатор СНИ  3 кВА (3ф) IEK (1),1.0,0.0,1.3,1.0,0.77,Высокая,база спроса ≈1 шт/мес (история 6 мес.); рост спроса ×1.33; прогноз след. месяц ≈1 шт; остаток 1 + в пути 0,1.0
IEK,080800136_,"Светодиодная лента ""Неон"" LED 5м LSR5-2835WW120-8-IP65-220В-3000K+драйвер IEK",1.0,0.0,1.1,1.0,0.91,Высокая,база спроса ≈1 шт/мес (история 9 мес.); рост спроса ×1.14; прогноз след. месяц ≈1 шт; остаток 1 + в пути 0,1.0
IEK,080800139_,"Светодиодная лента ""Неон"" LED 10м LSR5-2835W120-8-IP65-220В-6500K+драйвер IEK",1.0,0.0,1.3,1.0,0.77,Высокая,база спроса ≈1 шт/мес (история 7 мес.); рост спроса ×1.33; прогноз след. месяц ≈1 шт; остаток 1 + в пути 0,1.0
IEK,130200340_,Пассатижи Expert 180мм IEK,1.0,0.0,1.3,1.0,0.77,Высокая,база спроса ≈2 шт/мес (история 7 мес.); снижение спроса ×0.67; прогноз след. месяц ≈1 шт; остаток 1 + в пути 0,1.0
IEK,130200442_,Пирометр инфракрасный IT1A ARMA2L 5 IEK (50) NEW,2.0,1.0,2.2,1.0,0.91,Высокая,база спроса ≈2 шт/мес (история 19 мес.); сезонность ×1.00; рост спроса ×1.23; прогноз след. месяц ≈2 шт; остаток 2 + в пути 1,1.0
IEK,130300293_,"Автоматический стриппер АС 0,018-2,5 IEK",1.0,0.0,1.3,1.0,0.77,Высокая,база спроса ≈1 шт/мес (история 10 мес.); рост спроса ×1.33; прогноз след. месяц ≈1 шт; остаток 1 + в пути 0,1.0
IEK,130600124_,Реле времени ORT 2 конт. 2 уст. 12-240В AC/DC IEK  ORT-2T-ACDC12-240V NEW,1.0,0.0,1.3,1.0,0.77,Высокая,база спроса ≈2 шт/мес (история 8 мес.); снижение спроса ×0.63; продажи скорректированы вверх из-за дефицита на складе; прогноз след. месяц ≈1 шт; остаток 1 + в пути 0,1.0
IEK,150100723_, ТУТ  8/4 черная IEK (100),1.0,0.0,1.3,1.0,0.77,Высокая,база спроса ≈2 шт/мес (история 13 мес.); сезонность ×1.00; снижение спроса ×0.73; прогноз след. месяц ≈1 шт; остаток 1 + в пути 0,1.0
IEK,240300016_,"Маркер МК1-2,5мм символ ""3"" 1000шт\ролл IEK",1.0,0.0,1.2,1.0,0.83,Высокая,база спроса ≈1 шт/мес (история 18 мес.); сезонность ×1.00; рост спроса ×1.20; прогноз след. месяц ≈1 шт; остаток 1 + в пути 0,1.0
IEK,240300017_,"Маркер МК1-2,5мм символ ""4"" 1000шт\ролл IEK",1.0,0.0,1.1,1.0,0.91,Высокая,база спроса ≈1 шт/мес (история 13 мес.); сезонность ×1.00; рост спроса ×1.11; прогноз след. месяц ≈1 шт; остаток 1 + в пути 0,1.0
IEK,251400116_,ЩМП  600х600х250 IP66  TITAN 5 IEK,1.0,1.0,2.0,1.0,0.5,Высокая,база спроса ≈2 шт/мес (история 5 мес.); прогноз след. месяц ≈2 шт; остаток 1 + в пути 1,1.0
IEK,010400925_,Реле напряжения и тока РНТ-д однофазное 36мм 25А IEK,1.0,11.0,3.0,0.0,0.33,Высокая,база спроса ≈6 шт/мес (история 12 мес.); сезонность ×0.55; прогноз след. месяц ≈3 шт; остаток 1 + в пути 11,1.0
IEK,010400933_,Реле напряжения РН-д однофазное 54мм 50А IEK,5.0,8.0,5.4,0.0,0.93,Высокая,база спроса ≈4 шт/мес (история 11 мес.); рост спроса ×1.20; прогноз след. месяц ≈5 шт; остаток 5 + в пути 8,1.0
IEK,010500103_,ВА47-29 (2ф)  6А IEK (6/72) ,61.0,480.0,66.1,0.0,0.92,Высокая,база спроса ≈59 шт/мес (история 31 мес.); сезонность ×0.81; рост спроса ×1.38; исключено разовых крупных заказов: 3; продажи скорректированы вверх из-за дефицита на складе; прогноз след. месяц ≈66 шт; остаток 61 + в пути 480,6.0
IEK,081100710_,Лампа филаментная LED C35 свеча прозр. 5Вт 230В 4000К E14 серия 360° IEK,60.0,80.0,65.1,0.0,0.92,Высокая,база спроса ≈47 шт/мес (история 28 мес.); сезонность ×1.37; рост спроса ×1.02; исключено разовых крупных заказов: 2; прогноз след. месяц ≈65 шт; остаток 60 + в пути 80,10.0
IEK,120100072_, Пускатель ПРК32-18 In=18A Ir=13-18A Ue 660В IEK (1/50),5.0,4.0,5.3,0.0,0.94,Высокая,база спроса ≈4 шт/мес (история 25 мес.); сезонность ×1.00; рост спроса ×1.32; прогноз след. месяц ≈5 шт; остаток 5 + в пути 4,1.0
IEK,130200015_,Шина соединительная PIN (штырь) 3ф  63А (1м) IEK (10),43.2,80.0,55.0,0.0,0.79,Высокая,база спроса ≈65 шт/мес (история 32 мес.); сезонность ×0.85; исключено разовых крупных заказов: 18; прогноз след. месяц ≈55 шт; остаток 43 + в пути 80,10.0
IEK,130200120_,"Шина ""N"" нулевая 8х12мм комб с изол ""Стойка"" ШНИ  6 КС IEK (20)",127.0,80.0,133.0,0.0,0.95,Высокая,база спроса ≈34 шт/мес (история 32 мес.); сезонность ×2.30; рост спроса ×1.72; исключено разовых крупных заказов: 6; прогноз след. месяц ≈133 шт; остаток 127 + в пути 80,20.0
IEK,130200125_,"Шина ""N"" нулевая 6х9мм комб с изол ""Стойка"" ШНИ 12С IEK (20)",6.0,20.0,13.7,0.0,0.44,Высокая,база спроса ≈25 шт/мес (история 31 мес.); сезонность ×0.64; снижение спроса ×0.85; исключено разовых крупных заказов: 1; прогноз след. месяц ≈14 шт; остаток 6 + в пути 20,10.0
IEK,130200439_,Токоизмерительные клещи CM1D IEK ARMA2L 5 IEK (30) NEW,2.0,3.0,2.3,0.0,0.87,Высокая,база спроса ≈2 шт/мес (история 28 мес.); сезонность ×1.00; рост спроса ×1.14; прогноз след. месяц ≈2 шт; остаток 2 + в пути 3,1.0
IEK,130200441_,Комплект щупов щупов и крокодилов TL30 IEK ARMA2L 5 IEK (200) NEW,4.0,8.0,6.0,0.0,0.67,Высокая,база спроса ≈4 шт/мес (история 19 мес.); сезонность ×0.75; рост спроса ×2.00; прогноз след. месяц ≈6 шт; остаток 4 + в пути 8,1.0
IEK,130300519_,Гильза изолир. фазная ГИФ 25 IEK  (10)(200) ,5.0,10.0,6.0,0.0,0.83,Высокая,база спроса ≈6 шт/мес (история 4 мес.); прогноз след. месяц ≈6 шт; остаток 5 + в пути 10,10.0
IEK,130300524_,Зажим анкерный ЗАБу 4х10-35 IEK (30),14.0,40.0,16.0,0.0,0.88,Высокая,база спроса ≈12 шт/мес (история 31 мес.); сезонность ×0.96; рост спроса ×1.39; прогноз след. месяц ≈16 шт; остаток 14 + в пути 40,1.0
IEK,130300532_,Зажим анкерный ЗАС 4х16-50/14400 (HEL-5506) IEK (15),13.0,30.0,21.2,0.0,0.61,Высокая,база спроса ≈26 шт/мес (история 24 мес.); сезонность ×1.10; снижение спроса ×0.76; прогноз след. месяц ≈21 шт; остаток 13 + в пути 30,1.0
IEK,130300537_,Зажим промеж. ЗПС 2х25/120/1200/30 (SO140.02) IEK (40),3.0,80.0,26.5,0.0,0.11,Высокая,база спроса ≈23 шт/мес (история 27 мес.); сезонность ×1.15; рост спроса ×1.02; прогноз след. месяц ≈26 шт; остаток 3 + в пути 80,40.0
IEK,240300057_,"Маркер МК0-1,5мм символ ""A"" 1000шт\ролл IEK",1.0,1.0,1.1,0.0,0.91,Высокая,база спроса ≈1 шт/мес (история 13 мес.); сезонность ×1.00; рост спроса ×1.12; продажи скорректированы вверх из-за дефицита на складе; прогноз след. месяц ≈1 шт; остаток 1 + в пути 1,1.0
IEK,250200019_,ЩРН  54 (540x440x120)  IP31 TITAN 3 IEK   ,4.0,5.0,4.6,0.0,0.87,Высокая,база спроса ≈2 шт/мес (история 22 мес.); сезонность ×1.75; рост спроса ×1.32; прогноз след. месяц ≈5 шт; остаток 4 + в пути 5,1.0
IEK,251400148_,ЩРН 72 (540х660х120) IP54 TITAN 3 IEK,3.0,6.0,3.3,0.0,0.91,Высокая,база спроса ≈4 шт/мес (история 10 мес.); снижение спроса ×0.73; прогноз след. месяц ≈3 шт; остаток 3 + в пути 6,1.0
IEK,260100154_, Наконечник медно-луженный JG - 240  IEK (20),452.0,600.0,452.1,0.0,1.0,Высокая,база спроса ≈351 шт/мес (история 31 мес.); сезонность ×0.95; рост спроса ×1.35; исключено разовых крупных заказов: 1; прогноз след. месяц ≈452 шт; остаток 452 + в пути 600,20.0
IEK,260100165_, Наконечник медно-луженный JG -  16  IEK (200),3646.0,6600.0,5488.0,0.0,0.66,Высокая,база спроса ≈2962 шт/мес (история 32 мес.); сезонность ×1.68; рост спроса ×1.10; исключено разовых крупных заказов: 12; прогноз след. месяц ≈5488 шт; остаток 3646 + в пути 6600,200.0
IEK,280100002_,Кабель-канал 100х60 белый ЭЛЕКОР IEK (8),366.0,360.0,383.6,0.0,0.95,Высокая,база спроса ≈90 шт/мес (история 32 мес.); сезонность ×2.49; рост спроса ×1.71; прогноз след. месяц ≈384 шт; остаток 366 + в пути 360,8.0
IEK,280200065_,Соединитель на стык КМС 60х40 Белый ЭЛЕКОР IEK (4),10.0,30.0,22.7,0.0,0.44,Высокая,база спроса ≈43 шт/мес (история 25 мес.); сезонность ×0.55; снижение спроса ×0.96; прогноз след. месяц ≈23 шт; остаток 10 + в пути 30,1.0
IEK,щт-0000350,Шайба плоская M8 IEK,0.0,0.0,4500.0,6750.0,0.0,Критично,база спроса ≈4500 шт/мес (история 1 мес.); прогноз след. месяц ≈4500 шт; остаток 0 + в пути 0,1.0
IEK,щт-0001406,Гайка со стопорным буртом М8,0.0,0.0,3000.0,4500.0,0.0,Критично,база спроса ≈3000 шт/мес (история 1 мес.); прогноз след. месяц ≈3000 шт; остаток 0 + в пути 0,1.0
IEK,CLP1M-SHU-6,Шайба плоская усиленная М6 IEK,0.0,0.0,2800.0,4200.0,0.0,Критично,база спроса ≈2800 шт/мес (история 1 мес.); прогноз след. месяц ≈2800 шт; остаток 0 + в пути 0,1.0
IEK,CTA10D-CF16-K41-100,ELASTA Держатель с защелкой CF16 IEK,0.0,0.0,2000.0,3000.0,0.0,Критично,база спроса ≈2000 шт/мес (история 1 мес.); прогноз след. месяц ≈2000 шт; остаток 0 + в пути 0,1.0
IEK,CLW10-TM-08-2-R,Шпилька резьбовая М8х2000 DIN 975 IEK,0.0,0.0,1200.0,1800.0,0.0,Критично,база спроса ≈1200 шт/мес (история 1 мес.); прогноз след. месяц ≈1200 шт; остаток 0 + в пути 0,1.0
IEK,CLM50D-RP-080-30,Перегородка разделительная h=80мм L3000 IEK,0.0,0.0,1179.0,1769.0,0.0,Критично,база спроса ≈1179 шт/мес (история 1 мес.); прогноз след. месяц ≈1179 шт; остаток 0 + в пути 0,1.0
IEK,CTA10D-CF20-K41-100,ELASTA Держатель с защелкой CF20 IEK,0.0,0.0,980.0,1470.0,0.0,Критично,база спроса ≈980 шт/мес (история 1 мес.); прогноз след. месяц ≈980 шт; остаток 0 + в пути 0,1.0
IEK,ярп5867,Сальник MG 32 диаметр проводника 16-24мм IP68 IEK,0.0,0.0,810.0,1215.0,0.0,Критично,база спроса ≈810 шт/мес (история 1 мес.); прогноз след. месяц ≈810 шт; остаток 0 + в пути 0,1.0
IEK,ст-9952475,Лоток перфорированный 80х100х3000 (3м)IEK,0.0,0.0,456.0,684.0,0.0,Критично,база спроса ≈456 шт/мес (история 1 мес.); прогноз след. месяц ≈456 шт; остаток 0 + в пути 0,1.0
IEK,010300168_, УЗО АВДТ 32  20А GENERICA (6/60) !!!,0.0,0.0,420.0,630.0,0.0,Критично,база спроса ≈420 шт/мес (история 2 мес.); прогноз след. месяц ≈420 шт; остаток 0 + в пути 0,1.0
IEK,CLM50D-PPP-030-15,"Профиль перфорированный П-образный 300-1,5 IEK",0.0,0.0,348.0,522.0,0.0,Критично,база спроса ≈348 шт/мес (история 1 мес.); прогноз след. месяц ≈348 шт; остаток 0 + в пути 0,1.0
IEK,CLW10-TM-08-1-R,Шпилька резьбовая М8х1000 DIN 975 IEK,0.0,0.0,325.0,488.0,0.0,Критично,база спроса ≈325 шт/мес (история 1 мес.); прогноз след. месяц ≈325 шт; остаток 0 + в пути 0,1.0
IEK,щт-0000417,Полка кабельная К1161,0.0,0.0,324.0,486.0,0.0,Критично,база спроса ≈324 шт/мес (история 1 мес.); прогноз след. месяц ≈324 шт; остаток 0 + в пути 0,1.0
IEK,200400009_,РСш 12-3-КБ Розетка 2местн. c з/к  с защ.штор. 16А КВАРТА (160) *,0.0,0.0,304.0,456.0,0.0,Критично,база спроса ≈304 шт/мес (история 1 мес.); прогноз след. месяц ≈304 шт; остаток 0 + в пути 0,1.0
IEK,CLW10-VR-100,Консоль потолочная VR 100 IEK,0.0,0.0,300.0,450.0,0.0,Критично,база спроса ≈300 шт/мес (история 1 мес.); прогноз след. месяц ≈300 шт; остаток 0 + в пути 0,1.0
IEK,CLW10-TM-06-1-R,Шпилька резьбовая М6х1000 DIN 975 IEK,0.0,0.0,250.0,375.0,0.0,Критично,база спроса ≈250 шт/мес (история 1 мес.); прогноз след. месяц ≈250 шт; остаток 0 + в пути 0,1.0
IEK,CLP10-080-150-3,ESCA Лоток перфорированный 80х150х3000 IEK,0.0,0.0,138.0,207.0,0.0,Критично,база спроса ≈138 шт/мес (история 1 мес.); прогноз след. месяц ≈138 шт; остаток 0 + в пути 0,1.0
IEK,130300143_,Заглушка для ЗНИ-10мм ² серый IEK * (1000),0.0,0.0,120.0,180.0,0.0,Критично,база спроса ≈120 шт/мес (история 1 мес.); прогноз след. месяц ≈120 шт; остаток 0 + в пути 0,1.0
IEK,LLE-A60-12-24-48-40-,Лампа светодиодная A60 груша 12Вт 24-48В 4000К E27 IEK,0.0,0.0,100.0,150.0,0.0,Критично,база спроса ≈100 шт/мес (история 1 мес.); прогноз след. месяц ≈100 шт; остаток 0 + в пути 0,1.0
IEK,CLM50D-PPP-300-25,"Профиль перфорированный П-образный 3000-2,5 IEK",0.0,0.0,92.0,138.0,0.0,Критично,база спроса ≈92 шт/мес (история 1 мес.); прогноз след. месяц ≈92 шт; остаток 0 + в пути 0,1.0
IEK,010500151_,ВА47-29 (2ф)  32А GENERICA (6/72) !!!,0.0,0.0,90.0,135.0,0.0,Критично,база спроса ≈90 шт/мес (история 1 мес.); прогноз след. месяц ≈90 шт; остаток 0 + в пути 0,1.0
IEK,FP-R14-16-1-K03,FORTE&PIANO Розетка 1-местная с заземлением с защитными шторками безвинтовое крепление 16А FP313 сер,0.0,0.0,77.0,116.0,0.0,Критично,база спроса ≈77 шт/мес (история 1 мес.); прогноз след. месяц ≈77 шт; остаток 0 + в пути 0,1.0
IEK,010300163_, УЗО АД 12  (2ф) 50А GENERICA (5/40) !!!,0.0,0.0,75.0,113.0,0.0,Критично,база спроса ≈75 шт/мес (история 1 мес.); прогноз след. месяц ≈75 шт; остаток 0 + в пути 0,1.0
IEK,ст-9951101,Кабель-канал 100х60 парапетный  ПРАЙМЕР (12) ,0.0,0.0,60.0,90.0,0.0,Критично,база спроса ≈60 шт/мес (история 1 мес.); прогноз след. месяц ≈60 шт; остаток 0 + в пути 0,1.0
IEK,UZA-25-D16,Наконечники герметичные изолированные НИМ 16  IEK,0.0,0.0,50.0,75.0,0.0,Критично,база спроса ≈50 шт/мес (история 1 мес.); прогноз след. месяц ≈50 шт; остаток 0 + в пути 0,1.0
IEK,ярп4522,Контактор КМИ-22510 25А 24В/АС3 1НО IEK,0.0,0.0,50.0,75.0,0.0,Критично,база спроса ≈50 шт/мес (история 1 мес.); прогноз след. месяц ≈50 шт; остаток 0 + в пути 0,1.0
IEK,220400107_,ТТК  12/3 черная с клеем IEK (1),0.0,0.0,40.0,60.0,0.0,Критично,база спроса ≈40 шт/мес (история 1 мес.); прогноз след. месяц ≈40 шт; остаток 0 + в пути 0,1.0
IEK,130300037_," ЗВИ   5 ПВХ (1,5-4мм ² 5А) 12 пар IEK (10)",0.0,0.0,30.0,45.0,0.0,Критично,база спроса ≈30 шт/мес (история 1 мес.); прогноз след. месяц ≈30 шт; остаток 0 + в пути 0,1.0
IEK,290100003_,У03К-выкл (3места/3метра ) IEK,0.0,0.0,28.0,42.0,0.0,Критично,база спроса ≈28 шт/мес (история 5 мес.); прогноз след. месяц ≈28 шт; остаток 0 + в пути 0,1.0
IEK,081100598_, LED Прожектор 100W 6500K IP65  (СДО07-100) IEK (1),0.0,0.0,25.0,38.0,0.0,Критично,база спроса ≈25 шт/мес (история 2 мес.); прогноз след. месяц ≈25 шт; остаток 0 + в пути 0,1.0
IEK,FP-V12-0-10-1-K03,FORTE&PIANO Выключатель 1-клавишный проходной 10А FP303 серый IEK,0.0,0.0,25.0,38.0,0.0,Критично,база спроса ≈25 шт/мес (история 1 мес.); прогноз след. месяц ≈25 шт; остаток 0 + в пути 0,1.0
IEK,ORI-01-5,"Реле контроля тока ORI 0,5-5А 24-240В AC/24В DC IEK",0.0,0.0,25.0,38.0,0.0,Критично,база спроса ≈25 шт/мес (история 1 мес.); прогноз след. месяц ≈25 шт; остаток 0 + в пути 0,1.0
IEK,081100309_, LED Прожектор  50w 6500K IP65 (СДО07-50)) IEK (1)*,0.0,0.0,20.0,30.0,0.0,Критично,база спроса ≈20 шт/мес (история 1 мес.); прогноз след. месяц ≈20 шт; остаток 0 + в пути 0,1.0
IEK,RRP10-4-10-220A-LED,Реле РЭК77/4(LY4) с индикацией 10А 230В AC IEK,0.0,0.0,20.0,30.0,0.0,Критично,база спроса ≈20 шт/мес (история 1 мес.); прогноз след. месяц ≈20 шт; остаток 0 + в пути 0,1.0
IEK,ст-9950070,Шина соединительная PIN (штырь) 2ф 63А (1м) IEK ,0.0,0.0,20.0,30.0,0.0,Критично,база спроса ≈20 шт/мес (история 1 мес.); прогноз след. месяц ≈20 шт; остаток 0 + в пути 0,1.0
IEK,FP-V10-0-10-1-K03,FORTE&PIANO Выключатель 1-клавишный 10А FP301 серый IEK,0.0,0.0,18.0,27.0,0.0,Критично,база спроса ≈18 шт/мес (история 1 мес.); прогноз след. месяц ≈18 шт; остаток 0 + в пути 0,1.0
IEK,290100015_,У05 (5мест 2р+ре.3метра) IEK,0.0,0.0,16.0,24.0,0.0,Критично,база спроса ≈16 шт/мес (история 2 мес.); прогноз след. месяц ≈16 шт; остаток 0 + в пути 0,1.0
IEK,ярп4795,Приставка ПКИ-40 доп.контакты 4з   IEK KPK10-40,0.0,0.0,14.0,21.0,0.0,Критично,база спроса ≈14 шт/мес (история 1 мес.); прогноз след. месяц ≈14 шт; остаток 0 + в пути 0,1.0
IEK,280300678_,"Лоток лестничный LESTA 55х300х3000-1,2 IEK",0.0,0.0,12.0,18.0,0.0,Критично,база спроса ≈12 шт/мес (история 1 мес.); прогноз след. месяц ≈12 шт; остаток 0 + в пути 0,1.0
IEK,MNV10-1-040,KARAT Выключатель нагрузки (мини-рубильник) ВН-32 1P 40А IEK,0.0,0.0,12.0,18.0,0.0,Критично,база спроса ≈12 шт/мес (история 1 мес.); прогноз след. месяц ≈12 шт; остаток 0 + в пути 0,1.0
IEK,MVA20-1-D05-C,"KARAT Авт. выкл. ВА47-29 1P C 0,5А 4,5кА IEK",0.0,0.0,12.0,18.0,0.0,Критично,база спроса ≈12 шт/мес (история 1 мес.); прогноз след. месяц ≈12 шт; остаток 0 + в пути 0,1.0
IEK,яярп6001,Шина АД 31Т 8х60 L4000 IEK,0.0,0.0,12.0,18.0,0.0,Критично,база спроса ≈12 шт/мес (история 1 мес.); прогноз след. месяц ≈12 шт; остаток 0 + в пути 0,1.0
IEK,BR-M12-G-31-K96,BRITE Рамка 1-местная РУ-1-2-БрП стекло персиковый матовый IEK,0.0,0.0,11.0,17.0,0.0,Критично,база спроса ≈11 шт/мес (история 1 мес.); прогноз след. месяц ≈11 шт; остаток 0 + в пути 0,1.0
IEK,FP-V13-0-10-1-K03,FORTE&PIANO Выключатель 1-клавишный перекрестный 10А FP312 серый IEK,0.0,0.0,7.0,11.0,0.0,Критично,база спроса ≈7 шт/мес (история 1 мес.); прогноз след. месяц ≈7 шт; остаток 0 + в пути 0,1.0
IEK,FP-V20-0-10-1-K03,FORTE&PIANO Выключатель 2-клавишный 10А FP305 серый IEK,0.0,0.0,7.0,11.0,0.0,Критично,база спроса ≈7 шт/мес (история 1 мес.); прогноз след. месяц ≈7 шт; остаток 0 + в пути 0,1.0
IEK,яяярп5300,Светильник светодиодный консольный ДКУ 1013-150Д 5000К IP65 IEK,0.0,0.0,7.0,11.0,0.0,Критично,база спроса ≈7 шт/мес (история 3 мес.); прогноз след. месяц ≈7 шт; остаток 0 + в пути 0,1.0
IEK,CLM50D-PPP-060-25,"Профиль перфорированный П-образный 600-2,5 IEK",0.0,0.0,6.0,9.0,0.0,Критично,база спроса ≈6 шт/мес (история 1 мес.); прогноз след. месяц ≈6 шт; остаток 0 + в пути 0,1.0
IEK,щщщ0115997,Зажим анкерный ЗАС 4х95-150/43200 (PA4120) IEK,0.0,0.0,6.0,9.0,0.0,Критично,база спроса ≈6 шт/мес (история 2 мес.); прогноз след. месяц ≈6 шт; остаток 0 + в пути 0,1.0
IEK,250600252_,Корпус пластиковый ЩРВ-П-8 IP41 черный KREPTA 3 ИЭК,0.0,0.0,5.0,8.0,0.0,Критично,база спроса ≈5 шт/мес (история 1 мес.); прогноз след. месяц ≈5 шт; остаток 0 + в пути 0,1.0
IEK,IPA10-6-0030-E,"Амперметр Э47 30/5А класс точности 1,5 72х72мм IEK",0.0,0.0,5.0,8.0,0.0,Критично,база спроса ≈5 шт/мес (история 1 мес.); прогноз след. месяц ≈5 шт; остаток 0 + в пути 0,1.0
IEK,030200761_,BRITE Роз. USB A+C 18Вт РЮ11-1-БрЖ жемч. IEK,0.0,0.0,4.0,6.0,0.0,Критично,база спроса ≈4 шт/мес (история 1 мес.); прогноз след. месяц ≈4 шт; остаток 0 + в пути 0,1.0
IEK,CO05-07542-R,ITK Органайзер кабельный вертикальный 75х12мм 42U черный,0.0,0.0,4.0,6.0,0.0,Критично,база спроса ≈4 шт/мес (история 1 мес.); прогноз след. месяц ≈4 шт; остаток 0 + в пути 0,1.0
IEK,IPA10-6-0075-E,"Амперметр Э47 75/5А кл. точн. 1,5 72х72мм IEK",0.0,0.0,4.0,6.0,0.0,Критично,база спроса ≈4 шт/мес (история 1 мес.); прогноз след. месяц ≈4 шт; остаток 0 + в пути 0,1.0
IEK,130200341_,Пассатижи Profi 180мм IEK,0.0,0.0,3.0,5.0,0.0,Критично,база спроса ≈3 шт/мес (история 1 мес.); прогноз след. месяц ≈3 шт; остаток 0 + в пути 0,1.0
IEK,130300247_,Таймер ТО47 освещения 16 230В на DIN-рейку IEK !!! (200),0.0,0.0,3.0,5.0,0.0,Критично,база спроса ≈3 шт/мес (история 1 мес.); прогноз след. месяц ≈3 шт; остаток 0 + в пути 0,1.0
IEK,130600140_,Реле промежут. OIR 3 конт. 16А 12В AC/DC IEK OIR-316-ACDC12V NEW,0.0,0.0,3.0,5.0,0.0,Критично,база спроса ≈3 шт/мес (история 1 мес.); прогноз след. месяц ≈3 шт; остаток 0 + в пути 0,1.0
IEK,AR-KMR10-040-20-230,ARMAT Контактор модульный KMR 40А 230В AC 2НО IEK,0.0,0.0,3.0,5.0,0.0,Критично,база спроса ≈3 шт/мес (история 1 мес.); прогноз след. месяц ≈3 шт; остаток 0 + в пути 0,1.0
IEK,BR-M12-G-41-K06,BRITE Рамка 1-местная РУ-1-2-Бр стекло эко грин RE IEK,0.0,0.0,3.0,5.0,0.0,Критично,база спроса ≈3 шт/мес (история 1 мес.); прогноз след. месяц ≈3 шт; остаток 0 + в пути 0,1.0
IEK,130600135_,"Реле тока ORI 1,6-16А 24-240В AC/24В DC IEK  ORI-01-16 NEW",0.0,0.0,2.5,4.0,0.0,Критично,база спроса ≈2 шт/мес (история 2 мес.); прогноз след. месяц ≈2 шт; остаток 0 + в пути 0,1.0
IEK,030201040_,"Термостат с инд. ""BRITE"" шампань (1/80)",0.0,0.0,2.0,3.0,0.0,Критично,база спроса ≈2 шт/мес (история 1 мес.); прогноз след. месяц ≈2 шт; остаток 0 + в пути 0,1.0
IEK,130600129_,Реле циклическое ORT 1 конт. 230В AC ИЭК ORT-S1-AC230V NEW,0.0,0.0,2.0,3.0,0.0,Критично,база спроса ≈2 шт/мес (история 1 мес.); прогноз след. месяц ≈2 шт; остаток 0 + в пути 0,1.0
IEK,130600225_,Реле пуска звезда-треугольник ORT 400В AC IEK ORT-ST-AC400V NEW,0.0,0.0,2.0,3.0,0.0,Критично,база спроса ≈2 шт/мес (история 2 мес.); прогноз след. месяц ≈2 шт; остаток 0 + в пути 0,1.0
IEK,250600059_,ЩМП-7 IP65 GARANT (1400х650х275) IEK,0.0,0.0,2.0,3.0,0.0,Критично,база спроса ≈2 шт/мес (история 1 мес.); прогноз след. месяц ≈2 шт; остаток 0 + в пути 0,1.0
IEK,280300058_,Поворот 90º вертикальный внутренний  50х300 IEK,0.0,0.0,2.0,3.0,0.0,Критично,база спроса ≈2 шт/мес (история 1 мес.); прогноз след. месяц ≈2 шт; остаток 0 + в пути 0,1.0
IEK,BR-D20-0600-K37,BRITE Светорегулятор поворотно-нажимной 600Вт СС10-1-0-БрШ шампань IEK,0.0,0.0,2.0,3.0,0.0,Критично,база спроса ≈2 шт/мес (история 1 мес.); прогноз след. месяц ≈2 шт; остаток 0 + в пути 0,1.0
IEK,BR-H10-K37,BRITE Розетка HDMI РHDMI-0-БрШ шампань IEK,0.0,0.0,2.0,3.0,0.0,Критично,база спроса ≈2 шт/мес (история 1 мес.); прогноз след. месяц ≈2 шт; остаток 0 + в пути 0,1.0
IEK,CLP1V-100-200,ESCA Поворот верт. внутр. 90град 100х200мм IEK,0.0,0.0,2.0,3.0,0.0,Критично,база спроса ≈2 шт/мес (история 1 мес.); прогноз след. месяц ≈2 шт; остаток 0 + в пути 0,1.0
IEK,FP-K10-2-K03,FORTE&PIANO Розетка компьютерная RJ45 кат.6 FP331 серый IEK,0.0,0.0,2.0,3.0,0.0,Критично,база спроса ≈2 шт/мес (история 1 мес.); прогноз след. месяц ≈2 шт; остаток 0 + в пути 0,1.0
IEK,ORI-01-05,"Реле контроля тока ORI 0,05-0,5А 24-240В AC/24В DC IEK",0.0,0.0,2.0,3.0,0.0,Критично,база спроса ≈2 шт/мес (история 1 мес.); прогноз след. месяц ≈2 шт; остаток 0 + в пути 0,1.0
IEK,ORT-ST-ACDC12-240V,Реле пуска звезда-треугольник ORT 12-230В AC/DC IEK,0.0,0.0,2.0,3.0,0.0,Критично,база спроса ≈2 шт/мес (история 1 мес.); прогноз след. месяц ≈2 шт; остаток 0 + в пути 0,1.0
IEK,SFB-33-75-A-00,УПП SFB 3Ф 380В 75кВт 150А Uупр 110-220В ONI,0.0,0.0,2.0,3.0,0.0,Критично,база спроса ≈2 шт/мес (история 1 мес.); прогноз след. месяц ≈2 шт; остаток 0 + в пути 0,1.0
IEK,ст-9950706,"Амперметр Э47 300/5А кл. точн. 1,5 72х72мм IEK",0.0,0.0,2.0,3.0,0.0,Критично,база спроса ≈2 шт/мес (история 1 мес.); прогноз след. месяц ≈2 шт; остаток 0 + в пути 0,1.0
IEK,ярп40223,ВА 88-32 (3ф)  80А 690В MASTER IEK!!!,0.0,0.0,2.0,3.0,0.0,Критично,база спроса ≈2 шт/мес (история 1 мес.); прогноз след. месяц ≈2 шт; остаток 0 + в пути 0,1.0
IEK,010700058_,ВА 44-33 (3ф) 160А IEK (1/20)*,0.0,0.0,1.0,2.0,0.0,Критично,база спроса ≈1 шт/мес (история 1 мес.); прогноз след. месяц ≈1 шт; остаток 0 + в пути 0,1.0
IEK,010800040_,ВА 88-33 (3ф)  40А IEK (16),0.0,0.0,1.0,2.0,0.0,Критично,база спроса ≈1 шт/мес (история 1 мес.); прогноз след. месяц ≈1 шт; остаток 0 + в пути 0,1.0
IEK,130200387_,Кусачки боковые Master 160мм IEK,0.0,0.0,1.0,2.0,0.0,Критично,база спроса ≈1 шт/мес (история 1 мес.); прогноз след. месяц ≈1 шт; остаток 0 + в пути 0,1.0
IEK,130300042_, ЗНИ  6мм ²  серый IEK (20),0.0,0.0,1.0,2.0,0.0,Критично,база спроса ≈1 шт/мес (история 1 мес.); прогноз след. месяц ≈1 шт; остаток 0 + в пути 0,1.0
IEK,130600130_,Реле циклическое ORT 1 конт. 12-240В AC/DC IEK ORT-S1-ACDC12-240V NEW,0.0,0.0,1.0,2.0,0.0,Критично,база спроса ≈1 шт/мес (история 3 мес.); прогноз след. месяц ≈1 шт; остаток 0 + в пути 0,1.0
IEK,130600131_,Реле циклическое ORT 2 конт. 230В AC IEK ORT-S2-AC230V NEW,0.0,0.0,1.0,2.0,0.0,Критично,база спроса ≈1 шт/мес (история 1 мес.); прогноз след. месяц ≈1 шт; остаток 0 + в пути 0,1.0
IEK,130600132_,Реле циклическое ORT 2 конт. 12-240В AC/DC IEK ORT-S2-ACDC12-240V NEW,0.0,0.0,1.0,2.0,0.0,Критично,база спроса ≈1 шт/мес (история 2 мес.); прогноз след. месяц ≈1 шт; остаток 0 + в пути 0,1.0
IEK,130600147_,Импульсное реле ORM. 2 конт. 230 В AC IEK ORM-02-AC230 NEW,0.0,0.0,1.0,2.0,0.0,Критично,база спроса ≈1 шт/мес (история 1 мес.); прогноз след. месяц ≈1 шт; остаток 0 + в пути 0,1.0
IEK,130600165_,Логическое реле PLR-S. CPU1206(R) 220В AC с экраном ONI PLR-S-CPU-1206R-AC-BE NEW,0.0,0.0,1.0,2.0,0.0,Критично,база спроса ≈1 шт/мес (история 3 мес.); прогноз след. месяц ≈1 шт; остаток 0 + в пути 0,1.0
IEK,130600227_,Реле задержки выключения ORT 2 конт. 12-240В AC/DC IEK ORT-B2-ACDC12-240V NEW,0.0,0.0,1.0,2.0,0.0,Критично,база спроса ≈1 шт/мес (история 1 мес.); прогноз след. месяц ≈1 шт; остаток 0 + в пути 0,1.0
IEK,130600228_,Реле задержки выключения ORT 2 конт. 230В AC IEK ORT-B2-AC230V NEW,0.0,0.0,1.0,2.0,0.0,Критично,база спроса ≈1 шт/мес (история 1 мес.); прогноз след. месяц ≈1 шт; остаток 0 + в пути 0,1.0
IEK,130600234_,Реле задержки включения ORT 1 конт. 230В AC IEK ORT-A1-AC230V NEW,0.0,0.0,1.0,2.0,0.0,Критично,база спроса ≈1 шт/мес (история 1 мес.); прогноз след. месяц ≈1 шт; остаток 0 + в пути 0,1.0
IEK,130600247_,УПП SFB 3Ф 380В 11кВт 22A Uупр 110-220В Modbus ONI SFB-33-11-A-10 NEW,0.0,0.0,1.0,2.0,0.0,Критично,база спроса ≈1 шт/мес (история 1 мес.); прогноз след. месяц ≈1 шт; остаток 0 + в пути 0,1.0
IEK,130600262_,Блок питания OPSE 220В AC/24В DC 120Вт ONI OPSE-DC24-120B NEW,0.0,0.0,1.0,2.0,0.0,Критично,база спроса ≈1 шт/мес (история 2 мес.); прогноз след. месяц ≈1 шт; остаток 0 + в пути 0,1.0
IEK,A650-33E055TM,"Преобразователь частоты A650 380В 3Ф 5,5кВт 13А M ONI",0.0,0.0,1.0,2.0,0.0,Критично,база спроса ≈1 шт/мес (история 1 мес.); прогноз след. месяц ≈1 шт; остаток 0 + в пути 0,1.0
IEK,AR-M06N-4-C025,ARMAT (4ф) 25А С  IEK (1),0.0,0.0,1.0,2.0,0.0,Критично,база спроса ≈1 шт/мес (история 1 мес.); прогноз след. месяц ≈1 шт; остаток 0 + в пути 0,1.0
IEK,BR-M22-G-31-K96,BRITE Рамка 2-местная РУ-2-2-БрП стекло персиковый матовый IEK,0.0,0.0,1.0,2.0,0.0,Критично,база спроса ≈1 шт/мес (история 1 мес.); прогноз след. месяц ≈1 шт; остаток 0 + в пути 0,1.0
IEK,PLR-S-CPU-1410,Логическое реле PLR-S. CPU1410 серии ONI,0.0,0.0,1.0,2.0,0.0,Критично,база спроса ≈1 шт/мес (история 1 мес.); прогноз след. месяц ≈1 шт; остаток 0 + в пути 0,1.0
IEK,WYP53-16-05-03-ZK,"Удлинитель У05В 5 мест 2P+PE/3м 3х1,5мм2 16А/250В UNO IEK E-PRO",0.0,0.0,1.0,2.0,0.0,Критично,база спроса ≈1 шт/мес (история 1 мес.); прогноз след. месяц ≈1 шт; остаток 0 + в пути 0,1.0
IEK,щт-0001654,Панель монтажная 500x730 TITAN (комп. 2шт.) IEK,0.0,0.0,1.0,2.0,0.0,Критично,база спроса ≈1 шт/мес (история 2 мес.); прогноз след. месяц ≈1 шт; остаток 0 + в пути 0,1.0
IEK,щт-0001952,Ящик управления ЯУ 7,0.0,0.0,1.0,2.0,0.0,Критично,база спроса ≈1 шт/мес (история 1 мес.); прогноз след. месяц ≈1 шт; остаток 0 + в пути 0,1.0
IEK,ярп40167,"Блок аварийного питания БАП200-1,0 универс. для LED IP65 IEK",0.0,0.0,1.0,2.0,0.0,Критично,база спроса ≈1 шт/мес (история 1 мес.); прогноз след. месяц ≈1 шт; остаток 0 + в пути 0,1.0
IEK,ярп40241,ЩРН-П 24 IEK черный IP41,0.0,0.0,1.0,2.0,0.0,Критично,база спроса ≈1 шт/мес (история 1 мес.); прогноз след. месяц ≈1 шт; остаток 0 + в пути 0,1.0
IEK,010300001_, УЗО АД 12  (2ф) 10А IEK (5/40),57.0,10.0,23.2,0.0,2.46,Низкая,база спроса ≈16 шт/мес (история 26 мес.); сезонность ×0.75; рост спроса ×1.90; прогноз след. месяц ≈23 шт; остаток 57 + в пути 10,1.0
IEK,010300002_, УЗО АД 12  (2ф) 16А IEK (5/40),709.0,0.0,140.8,0.0,5.04,Низкая,база спроса ≈98 шт/мес (история 32 мес.); сезонность ×1.29; рост спроса ×1.12; прогноз след. месяц ≈141 шт; остаток 709 + в пути 0,1.0
IEK,010300003_, УЗО АД 12  (2ф) 25А IEK (5/40),531.0,0.0,53.1,0.0,10.0,Низкая,база спроса ≈69 шт/мес (история 32 мес.); сезонность ×0.87; снижение спроса ×0.88; прогноз след. месяц ≈53 шт; остаток 531 + в пути 0,1.0
IEK,010300004_, УЗО АД 12  (2ф) 32А IEK (5/40),89.0,0.0,4.4,0.0,20.23,Низкая,база спроса ≈12 шт/мес (история 32 мес.); сезонность ×0.75; снижение спроса ×0.50; прогноз след. месяц ≈4 шт; остаток 89 + в пути 0,1.0
IEK,010300005_, УЗО АД 12  (2ф) 40А IEK (4/32),153.0,0.0,11.2,0.0,13.66,Низкая,база спроса ≈19 шт/мес (история 32 мес.); сезонность ×1.16; снижение спроса ×0.50; исключено разовых крупных заказов: 1; прогноз след. месяц ≈11 шт; остаток 153 + в пути 0,1.0
IEK,010300006_, УЗО АД 12  (2ф) 50А IEK (4/32),430.0,0.0,74.6,0.0,5.76,Низкая,база спроса ≈86 шт/мес (история 32 мес.); сезонность ×1.21; снижение спроса ×0.71; исключено разовых крупных заказов: 1; прогноз след. месяц ≈75 шт; остаток 430 + в пути 0,1.0
IEK,010300007_, УЗО АД 12  (2ф) 63А IEK (4/32),47.0,32.0,17.3,0.0,2.72,Низкая,база спроса ≈25 шт/мес (история 32 мес.); сезонность ×1.14; снижение спроса ×0.60; исключено разовых крупных заказов: 1; прогноз след. месяц ≈17 шт; остаток 47 + в пути 32,1.0
IEK,010300008_, УЗО АД 14  (4ф) 16А IEK (3/24),38.0,0.0,11.8,0.0,3.22,Низкая,база спроса ≈13 шт/мес (история 31 мес.); сезонность ×1.81; снижение спроса ×0.50; исключено разовых крупных заказов: 1; прогноз след. месяц ≈12 шт; остаток 38 + в пути 0,1.0
IEK,010300009_, УЗО АД 14  (4ф) 25А IEK (3/24),31.0,24.0,15.2,0.0,2.04,Низкая,база спроса ≈16 шт/мес (история 32 мес.); сезонность ×0.48; рост спроса ×2.00; исключено разовых крупных заказов: 1; прогноз след. месяц ≈15 шт; остаток 31 + в пути 24,1.0
IEK,010300010_, УЗО АД 14  (4ф) 32А IEK (3/24),75.0,0.0,7.1,0.0,10.56,Низкая,база спроса ≈18 шт/мес (история 32 мес.); сезонность ×0.62; снижение спроса ×0.63; исключено разовых крупных заказов: 2; прогноз след. месяц ≈7 шт; остаток 75 + в пути 0,1.0
IEK,010300011_, УЗО АД 14  (4ф) 40А IEK (3/24),82.0,24.0,29.3,0.0,2.8,Низкая,база спроса ≈14 шт/мес (история 31 мес.); сезонность ×1.45; рост спроса ×1.44; исключено разовых крупных заказов: 4; прогноз след. месяц ≈29 шт; остаток 82 + в пути 24,1.0
IEK,010300012_, УЗО АД 14  (4ф) 50А IEK (3/24),36.0,0.0,9.3,0.0,3.87,Низкая,база спроса ≈6 шт/мес (история 28 мес.); сезонность ×1.00; рост спроса ×1.48; исключено разовых крупных заказов: 1; прогноз след. месяц ≈9 шт; остаток 36 + в пути 0,3.0
IEK,010300013_, УЗО АД 14  (4ф) 63А IEK (3/24),38.0,0.0,8.2,0.0,4.63,Низкая,база спроса ≈10 шт/мес (история 32 мес.); сезонность ×0.42; рост спроса ×2.00; исключено разовых крупных заказов: 2; прогноз след. месяц ≈8 шт; остаток 38 + в пути 0,1.0
IEK,010300018_, УЗО ВД1 63 (2ф) 50А 30мА IEK  (1/48),61.0,0.0,14.2,0.0,4.3,Низкая,база спроса ≈17 шт/мес (история 32 мес.); сезонность ×1.00; снижение спроса ×0.83; продажи скорректированы вверх из-за дефицита на складе; прогноз след. месяц ≈14 шт; остаток 61 + в пути 0,1.0
IEK,010300019_, УЗО ВД1-63 (4ф) 25А 30мА IEK  (1/24),26.0,0.0,3.9,0.0,6.67,Низкая,база спроса ≈10 шт/мес (история 31 мес.); сезонность ×0.78; снижение спроса ×0.50; прогноз след. месяц ≈4 шт; остаток 26 + в пути 0,1.0
IEK,010300020_, УЗО ВД1-63 (4ф) 32А 30мА IEK  (1/24),29.0,0.0,6.8,0.0,4.26,Низкая,база спроса ≈9 шт/мес (история 31 мес.); сезонность ×0.39; рост спроса ×1.95; исключено разовых крупных заказов: 1; прогноз след. месяц ≈7 шт; остаток 29 + в пути 0,1.0
IEK,010300024_, УЗО ВД1-63 (4ф) 50А 30мА IEK  (1/24),3.0,0.0,0.7,0.0,4.29,Низкая,база спроса ≈1 шт/мес (история 21 мес.); сезонность ×1.00; снижение спроса ×0.65; прогноз след. месяц ≈1 шт; остаток 3 + в пути 0,1.0
IEK,010300057_, УЗО ВД1 63 (2ф) 63А 30мА IEK  (1/48),209.0,144.0,90.7,0.0,2.3,Низкая,база спроса ≈97 шт/мес (история 32 мес.); сезонность ×1.17; снижение спроса ×0.80; исключено разовых крупных заказов: 4; прогноз след. месяц ≈91 шт; остаток 209 + в пути 144,1.0
IEK,010300069_, УЗО АД12М  (2ф) 32А IEK (5/40),2.0,0.0,0.8,0.0,2.5,Низкая,база спроса ≈1 шт/мес (история 6 мес.); снижение спроса ×0.83; прогноз след. месяц ≈1 шт; остаток 2 + в пути 0,1.0
IEK,010300075_, УЗО АВДТ 32  16А IEK  (6/60),2690.0,600.0,1083.8,0.0,2.48,Низкая,база спроса ≈632 шт/мес (история 32 мес.); сезонность ×1.23; рост спроса ×1.39; исключено разовых крупных заказов: 13; прогноз след. месяц ≈1084 шт; остаток 2690 + в пути 600,1.0
IEK,010300094_, УЗО АВДТ 32   6А IEK  (6/60),54.0,0.0,7.2,0.0,7.5,Низкая,база спроса ≈16 шт/мес (история 29 мес.); сезонность ×0.56; снижение спроса ×0.80; прогноз след. месяц ≈7 шт; остаток 54 + в пути 0,1.0
IEK,010300095_, УЗО АВДТ 32  20А IEK  (6/60),477.0,360.0,68.1,0.0,7.0,Низкая,база спроса ≈105 шт/мес (история 30 мес.); сезонность ×1.30; снижение спроса ×0.50; исключено разовых крупных заказов: 2; прогноз след. месяц ≈68 шт; остаток 477 + в пути 360,1.0
IEK,010300096_, УЗО АВДТ 32  40А IEK  (6/60),755.0,0.0,204.8,0.0,3.69,Низкая,база спроса ≈174 шт/мес (история 32 мес.); сезонность ×1.17; рост спроса ×1.01; исключено разовых крупных заказов: 7; прогноз след. месяц ≈205 шт; остаток 755 + в пути 0,1.0
IEK,010300103_, УЗО ВД1-63 (4ф) 40А  300мА  IEK  (24) !!!,4.0,0.0,1.0,0.0,4.0,Низкая,база спроса ≈1 шт/мес (история 4 мес.); прогноз след. месяц ≈1 шт; остаток 4 + в пути 0,1.0
IEK,010300108_, УЗО АД 14  (4ф) 50А (300мА) IEK (24) !!!,3.0,0.0,1.0,0.0,3.0,Низкая,база спроса ≈1 шт/мес (история 1 мес.); прогноз след. месяц ≈1 шт; остаток 3 + в пути 0,1.0
IEK,010300121_, УЗО АВДТ 32  32А IEK  (6/60),461.0,0.0,149.4,0.0,3.09,Низкая,база спроса ≈143 шт/мес (история 32 мес.); сезонность ×0.90; рост спроса ×1.16; исключено разовых крупных заказов: 5; прогноз след. месяц ≈149 шт; остаток 461 + в пути 0,1.0
IEK,010300122_, УЗО АД 14  (4ф) 32А (300мА) IEK (24) !!!,6.0,0.0,2.0,0.0,3.0,Низкая,база спроса ≈2 шт/мес (история 4 мес.); прогноз след. месяц ≈2 шт; остаток 6 + в пути 0,1.0
IEK,010300123_, УЗО АД 12  (2ф) 20А IEK (5/40),47.0,10.0,10.8,0.0,4.35,Низкая,база спроса ≈18 шт/мес (история 25 мес.); сезонность ×0.48; рост спроса ×1.23; прогноз след. месяц ≈11 шт; остаток 47 + в пути 10,1.0
IEK,010300124_, УЗО АД 14  (4ф) 10А IEK (3/24),6.0,3.0,1.8,0.0,3.33,Низкая,база спроса ≈3 шт/мес (история 16 мес.); сезонность ×1.00; снижение спроса ×0.60; прогноз след. месяц ≈2 шт; остаток 6 + в пути 3,3.0
IEK,010300131_, УЗО ВД1-63 (4ф) 50А 300мА IEK  (1/24) !!!,9.0,0.0,1.0,0.0,9.0,Низкая,база спроса ≈1 шт/мес (история 3 мес.); прогноз след. месяц ≈1 шт; остаток 9 + в пути 0,1.0
IEK,010300150_, УЗО АД 12  (2ф) 40А 300мА IEK (4/32) !!!,1.0,0.0,0.5,0.0,2.0,Низкая,база спроса ≈2 шт/мес (история 12 мес.); сезонность ×0.67; снижение спроса ×0.50; прогноз след. месяц ≈0 шт; остаток 1 + в пути 0,1.0
IEK,010300167_, УЗО АВДТ 32  16А GENERICA (6/60) !!!,6.0,0.0,2.5,0.0,2.4,Низкая,база спроса ≈2 шт/мес (история 2 мес.); прогноз след. месяц ≈2 шт; остаток 6 + в пути 0,1.0
IEK,010300188_, УЗО АД 12  (2ф) 25А 100мА IEK !!!,5.0,0.0,1.0,0.0,5.0,Низкая,база спроса ≈1 шт/мес (история 4 мес.); прогноз след. месяц ≈1 шт; остаток 5 + в пути 0,1.0
IEK,010300251_,УЗДП 1P+N 32A KARAT IEK,3.0,0.0,1.0,0.0,3.0,Низкая,база спроса ≈1 шт/мес (история 3 мес.); прогноз след. месяц ≈1 шт; остаток 3 + в пути 0,1.0
IEK,010300252_,УЗДП 1P+N 63A KARAT IEK,4.0,0.0,1.8,0.0,2.22,Низкая,база спроса ≈2 шт/мес (история 4 мес.); продажи скорректированы вверх из-за дефицита на складе; прогноз след. месяц ≈2 шт; остаток 4 + в пути 0,1.0
IEK,010400867_,Реле напряжения РН-д однофазное 36мм 40А IEK,17.0,0.0,1.0,0.0,17.0,Низкая,база спроса ≈8 шт/мес (история 12 мес.); сезонность ×0.13; исключено разовых крупных заказов: 3; прогноз след. месяц ≈1 шт; остаток 17 + в пути 0,1.0
IEK,010400931_,Реле напряжения РН-д однофазное 54мм 32А IEK,9.0,3.0,2.5,0.0,3.6,Низкая,база спроса ≈3 шт/мес (история 10 мес.); снижение спроса ×0.85; прогноз след. месяц ≈2 шт; остаток 9 + в пути 3,1.0
IEK,010400947_,Микр. конц. МП-7310 толк. рез. IP40 IEK,6.0,6.0,1.5,0.0,4.0,Низкая,база спроса ≈2 шт/мес (история 2 мес.); прогноз след. месяц ≈2 шт; остаток 6 + в пути 6,1.0
IEK,010400949_,Выкл. конц. C6N-108 рег. рычаг с рол. IP67 IEK,8.0,0.0,1.0,0.0,8.0,Низкая,база спроса ≈1 шт/мес (история 1 мес.); прогноз след. месяц ≈1 шт; остаток 8 + в пути 0,1.0
IEK,010400950_,Микр. конц. МП-7121 рычаг с рол. IP40 IEK,7.0,0.0,2.0,0.0,3.5,Низкая,база спроса ≈2 шт/мес (история 1 мес.); прогноз след. месяц ≈2 шт; остаток 7 + в пути 0,1.0
IEK,010400955_,Микр. конц. МП-7311 гор. толк. с наж. рол. рез. IP40 IEK,7.0,0.0,1.0,0.0,7.0,Низкая,база спроса ≈1 шт/мес (история 2 мес.); прогноз след. месяц ≈1 шт; остаток 7 + в пути 0,1.0
IEK,010400958_,Микр. конц. МП-7100 толкатель IP40 IEK,8.0,0.0,1.0,0.0,8.0,Низкая,база спроса ≈1 шт/мес (история 1 мес.); прогноз след. месяц ≈1 шт; остаток 8 + в пути 0,1.0
IEK,010500001_,ВА47-29 (1ф)   1А IEK (12/144),109.0,0.0,42.3,0.0,2.58,Низкая,база спроса ≈18 шт/мес (история 31 мес.); сезонность ×1.62; рост спроса ×1.43; исключено разовых крупных заказов: 1; прогноз след. месяц ≈42 шт; остаток 109 + в пути 0,12.0
IEK,010500006_,ВА47-29 (1ф) 16А IEK (12/144) ,61536.0,30000.0,21993.9,0.0,2.8,Низкая,база спроса ≈18067 шт/мес (история 32 мес.); сезонность ×1.34; снижение спроса ×0.91; исключено разовых крупных заказов: 18; прогноз след. месяц ≈21994 шт; остаток 61536 + в пути 30000,12.0
IEK,010500007_,ВА47-29 (1ф) 20А IEK (12/144) ,2065.0,600.0,941.7,0.0,2.19,Низкая,база спроса ≈593 шт/мес (история 32 мес.); сезонность ×1.44; рост спроса ×1.10; исключено разовых крупных заказов: 5; прогноз след. месяц ≈942 шт; остаток 2065 + в пути 600,12.0
IEK,010500008_,ВА47-29 (1ф) 25А IEK (12/144),39733.0,12000.0,16138.0,0.0,2.46,Низкая,база спроса ≈13158 шт/мес (история 32 мес.); сезонность ×1.38; снижение спроса ×0.89; исключено разовых крупных заказов: 10; прогноз след. месяц ≈16138 шт; остаток 39733 + в пути 12000,12.0
IEK,010500009_,ВА47-29 (1ф) 32А IEK (12/144) ,8507.0,2400.0,3104.7,0.0,2.74,Низкая,база спроса ≈2726 шт/мес (история 32 мес.); сезонность ×1.23; снижение спроса ×0.93; прогноз след. месяц ≈3105 шт; остаток 8507 + в пути 2400,12.0
IEK,010500011_,ВА47-29 (1ф) 50А IEK (12/144) ,825.0,288.0,167.8,0.0,4.92,Низкая,база спроса ≈235 шт/мес (история 32 мес.); сезонность ×0.51; рост спроса ×1.39; прогноз след. месяц ≈168 шт; остаток 825 + в пути 288,12.0
IEK,010500012_,ВА47-29 (1ф) 63А IEK (12/144) ,1172.0,600.0,304.9,0.0,3.84,Низкая,база спроса ≈386 шт/мес (история 32 мес.); сезонность ×0.66; рост спроса ×1.19; прогноз след. месяц ≈305 шт; остаток 1172 + в пути 600,12.0
IEK,010500018_,ВА47-29 (2ф) 10А IEK (6/72) ,823.0,0.0,164.6,0.0,5.0,Низкая,база спроса ≈248 шт/мес (история 32 мес.); сезонность ×1.33; снижение спроса ×0.50; прогноз след. месяц ≈165 шт; остаток 823 + в пути 0,6.0
IEK,010500019_,ВА47-29 (2ф) 16А IEK (6/72),8395.0,1440.0,2495.7,0.0,3.36,Низкая,база спроса ≈2116 шт/мес (история 32 мес.); сезонность ×1.17; рост спроса ×1.01; исключено разовых крупных заказов: 1; прогноз след. месяц ≈2496 шт; остаток 8395 + в пути 1440,6.0
IEK,010500021_,ВА47-29 (2ф) 25А IEK (6/72),9384.0,2400.0,3084.6,0.0,3.04,Низкая,база спроса ≈3736 шт/мес (история 32 мес.); сезонность ×0.99; снижение спроса ×0.83; исключено разовых крупных заказов: 4; прогноз след. месяц ≈3085 шт; остаток 9384 + в пути 2400,6.0
IEK,010500022_,ВА47-29 (2ф) 32А IEK (6/72) ,2871.0,720.0,1207.8,0.0,2.38,Низкая,база спроса ≈1112 шт/мес (история 32 мес.); сезонность ×1.12; снижение спроса ×0.97; прогноз след. месяц ≈1208 шт; остаток 2871 + в пути 720,6.0
IEK,010500023_,ВА47-29 (2ф) 40А IEK (6/72) ,2183.0,0.0,571.8,0.0,3.82,Низкая,база спроса ≈551 шт/мес (история 32 мес.); сезонность ×0.89; рост спроса ×1.17; исключено разовых крупных заказов: 2; прогноз след. месяц ≈572 шт; остаток 2183 + в пути 0,6.0
IEK,010500025_,ВА47-29 (2ф) 63А IEK (6/72),1546.0,480.0,152.5,0.0,10.14,Низкая,база спроса ≈274 шт/мес (история 32 мес.); сезонность ×0.86; снижение спроса ×0.64; исключено разовых крупных заказов: 3; прогноз след. месяц ≈152 шт; остаток 1546 + в пути 480,6.0
IEK,010500032_,ВА47-29 (3ф) 10А IEK (4/48),583.0,96.0,107.1,0.0,5.44,Низкая,база спроса ≈108 шт/мес (история 32 мес.); сезонность ×1.52; снижение спроса ×0.65; исключено разовых крупных заказов: 4; прогноз след. месяц ≈107 шт; остаток 583 + в пути 96,4.0
IEK,010500033_,ВА47-29 (3ф) 16А IEK (4/48),2522.0,960.0,907.0,0.0,2.78,Низкая,база спроса ≈664 шт/мес (история 32 мес.); сезонность ×1.42; снижение спроса ×0.96; исключено разовых крупных заказов: 16; прогноз след. месяц ≈907 шт; остаток 2522 + в пути 960,4.0
IEK,010500035_,ВА47-29 (3ф) 25А IEK (4/48),5228.0,0.0,1960.9,0.0,2.67,Низкая,база спроса ≈1536 шт/мес (история 32 мес.); сезонность ×1.30; снижение спроса ×0.98; исключено разовых крупных заказов: 16; прогноз след. месяц ≈1961 шт; остаток 5228 + в пути 0,4.0
IEK,010500036_,ВА47-29 (3ф) 32А IEK (4/48),3931.0,960.0,1455.0,0.0,2.7,Низкая,база спроса ≈1229 шт/мес (история 32 мес.); сезонность ×1.11; рост спроса ×1.07; исключено разовых крупных заказов: 40; прогноз след. месяц ≈1455 шт; остаток 3931 + в пути 960,4.0
IEK,010500037_,ВА47-29 (3ф) 40А IEK (4/48),2564.0,960.0,695.0,0.0,3.69,Низкая,база спроса ≈658 шт/мес (история 32 мес.); сезонность ×0.97; рост спроса ×1.09; исключено разовых крупных заказов: 20; прогноз след. месяц ≈695 шт; остаток 2564 + в пути 960,4.0
IEK,010500038_,ВА47-29 (3ф) 50А IEK (4/48),1726.0,240.0,357.2,0.0,4.83,Низкая,база спроса ≈361 шт/мес (история 32 мес.); сезонность ×1.20; снижение спроса ×0.82; исключено разовых крупных заказов: 10; прогноз след. месяц ≈357 шт; остаток 1726 + в пути 240,4.0
IEK,010500039_,ВА47-29 (3ф) 63А IEK (4/48),4292.0,960.0,1405.1,0.0,3.05,Низкая,база спроса ≈1187 шт/мес (история 32 мес.); сезонность ×1.19; исключено разовых крупных заказов: 20; прогноз след. месяц ≈1405 шт; остаток 4292 + в пути 960,4.0
IEK,010500040_,Выкл. нагрузки ВН-32 (3ф) 100А IEK (4/80),44.0,0.0,2.0,0.0,22.0,Низкая,база спроса ≈7 шт/мес (история 32 мес.); сезонность ×0.36; снижение спроса ×0.74; исключено разовых крупных заказов: 3; прогноз след. месяц ≈2 шт; остаток 44 + в пути 0,4.0
IEK,010500044_,ВА47-29 (1ф)  4А IEK (12/144) ,79.0,0.0,21.0,0.0,3.76,Низкая,база спроса ≈15 шт/мес (история 31 мес.); сезонность ×0.72; рост спроса ×2.00; исключено разовых крупных заказов: 1; прогноз след. месяц ≈21 шт; остаток 79 + в пути 0,12.0
IEK,010500046_,ВА47-29 (3ф)  2А IEK (4/48),27.0,0.0,7.6,0.0,3.55,Низкая,база спроса ≈5 шт/мес (история 28 мес.); сезонность ×1.00; рост спроса ×1.52; прогноз след. месяц ≈8 шт; остаток 27 + в пути 0,4.0
IEK,010500047_,ВА47-29 (3ф)  4А IEK (4/48),20.0,0.0,5.6,0.0,3.57,Низкая,база спроса ≈4 шт/мес (история 24 мес.); сезонность ×0.70; рост спроса ×2.00; исключено разовых крупных заказов: 2; прогноз след. месяц ≈6 шт; остаток 20 + в пути 0,4.0
IEK,010500050_,ВА47-29 (3ф)  5А IEK (4/48) !!!,4.0,0.0,1.0,0.0,4.0,Низкая,база спроса ≈1 шт/мес (история 5 мес.); прогноз след. месяц ≈1 шт; остаток 4 + в пути 0,1.0
IEK,010500053_,ВА47-29 (3ф)  3А IEK (4/48),20.0,0.0,3.5,0.0,5.71,Низкая,база спроса ≈4 шт/мес (история 15 мес.); сезонность ×1.00; снижение спроса ×0.87; прогноз след. месяц ≈4 шт; остаток 20 + в пути 0,4.0
IEK,010500068_,ВА47-29 (1ф)  3А IEK (12/144) ,36.0,12.0,2.1,0.0,17.14,Низкая,база спроса ≈7 шт/мес (история 32 мес.); сезонность ×0.53; снижение спроса ×0.52; исключено разовых крупных заказов: 1; продажи скорректированы вверх из-за дефицита на складе; прогноз след. месяц ≈2 шт; остаток 36 + в пути 12,12.0
IEK,010500090_,ВА47-29 (4ф) 16А IEK (3/36),43.0,12.0,4.0,0.0,10.75,Низкая,база спроса ≈6 шт/мес (история 28 мес.); сезонность ×0.67; рост спроса ×1.08; исключено разовых крупных заказов: 1; прогноз след. месяц ≈4 шт; остаток 43 + в пути 12,3.0
IEK,010500093_,ВА47-29 (4ф) 32А IEK (3/36),69.0,0.0,8.7,0.0,7.93,Низкая,база спроса ≈14 шт/мес (история 31 мес.); сезонность ×0.63; снижение спроса ×0.95; исключено разовых крупных заказов: 2; прогноз след. месяц ≈9 шт; остаток 69 + в пути 0,3.0
IEK,010500094_,ВА47-29 (4ф) 40А IEK (3/36),53.0,15.0,20.1,0.0,2.64,Низкая,база спроса ≈11 шт/мес (история 32 мес.); сезонность ×0.93; рост спроса ×2.00; исключено разовых крупных заказов: 3; прогноз след. месяц ≈20 шт; остаток 53 + в пути 15,3.0
IEK,010500102_,Выкл. нагрузки ВН-32 (3ф)  32А IEK (4/80),80.0,0.0,33.5,0.0,2.39,Низкая,база спроса ≈20 шт/мес (история 32 мес.); сезонность ×1.05; рост спроса ×1.56; прогноз след. месяц ≈34 шт; остаток 80 + в пути 0,4.0
IEK,010500122_," Переключатель LAY5-BD33 3 положения ""I-0-II"" стандарт ручка ИЕК (1/20)",328.0,40.0,58.1,0.0,5.65,Низкая,база спроса ≈63 шт/мес (история 32 мес.); сезонность ×1.17; снижение спроса ×0.79; исключено разовых крупных заказов: 2; прогноз след. месяц ≈58 шт; остаток 328 + в пути 40,20.0
IEK,010500124_,"Переключатель LAY5-BD25 2 полож.""1-0"" стандарт ручка IEK (1/20)",228.0,0.0,55.4,0.0,4.12,Низкая,база спроса ≈32 шт/мес (история 32 мес.); сезонность ×1.08; рост спроса ×1.61; прогноз след. месяц ≈55 шт; остаток 228 + в пути 0,20.0
IEK,010500129_,ВА47-29 (2ф)  4А IEK (72) *!!!,15.0,0.0,4.5,0.0,3.33,Низкая,база спроса ≈4 шт/мес (история 2 мес.); прогноз след. месяц ≈4 шт; остаток 15 + в пути 0,1.0
IEK,010500136_,ВА47-29 (3ф)  8А IEK (4/48) !!!,7.0,0.0,1.5,0.0,4.67,Низкая,база спроса ≈2 шт/мес (история 2 мес.); прогноз след. месяц ≈2 шт; остаток 7 + в пути 0,1.0
IEK,010500152_,ВА47-29 (2ф)  40А GENERICA (6/72) !!!,66.0,0.0,6.0,0.0,11.0,Низкая,база спроса ≈6 шт/мес (история 1 мес.); прогноз след. месяц ≈6 шт; остаток 66 + в пути 0,1.0
IEK,010500153_,ВА47-29 (2ф)  50А GENERICA (6/72) !!!,50.0,0.0,3.0,0.0,16.67,Низкая,база спроса ≈3 шт/мес (история 1 мес.); прогноз след. месяц ≈3 шт; остаток 50 + в пути 0,1.0
IEK,010500160_,ВА47-29 (3ф)  32А GENERICA (4/48) !!!,2.0,0.0,1.0,0.0,2.0,Низкая,база спроса ≈1 шт/мес (история 1 мес.); прогноз след. месяц ≈1 шт; остаток 2 + в пути 0,1.0
IEK,010500187_,ВА47-29 (2ф)  3А  IEK (6/72) E-PRO,11.0,0.0,5.0,0.0,2.2,Низкая,база спроса ≈5 шт/мес (история 4 мес.); прогноз след. месяц ≈5 шт; остаток 11 + в пути 0,1.0
IEK,010700001_, BA 47-100 (3ф)  63А IEK (4/40),136.0,40.0,55.3,0.0,2.46,Низкая,база спроса ≈31 шт/мес (история 32 мес.); сезонность ×1.09; рост спроса ×1.63; исключено разовых крупных заказов: 6; прогноз след. месяц ≈55 шт; остаток 136 + в пути 40,4.0
IEK,010700003_, BA 47-100 (3ф)  80А IEK (4/40),383.0,120.0,147.3,0.0,2.6,Низкая,база спроса ≈93 шт/мес (история 32 мес.); сезонность ×1.39; рост спроса ×1.14; исключено разовых крупных заказов: 20; прогноз след. месяц ≈147 шт; остаток 383 + в пути 120,4.0
IEK,010700029_, BA 47-100 (3ф)  25А IEK (4/40),56.0,0.0,22.0,0.0,2.55,Низкая,база спроса ≈15 шт/мес (история 32 мес.); сезонность ×1.55; снижение спроса ×0.95; прогноз след. месяц ≈22 шт; остаток 56 + в пути 0,4.0
IEK,010700030_, BA 47-100 (3ф)  32А IEK (4/40),67.0,0.0,29.4,0.0,2.28,Низкая,база спроса ≈20 шт/мес (история 32 мес.); сезонность ×1.37; рост спроса ×1.05; исключено разовых крупных заказов: 1; прогноз след. месяц ≈29 шт; остаток 67 + в пути 0,4.0
IEK,010700031_, BA 47-100 (3ф)  40А IEK (4/40),59.0,0.0,10.7,0.0,5.51,Низкая,база спроса ≈11 шт/мес (история 32 мес.); сезонность ×1.40; снижение спроса ×0.70; исключено разовых крупных заказов: 2; прогноз след. месяц ≈11 шт; остаток 59 + в пути 0,4.0
IEK,010700037_,ВА47-29 (1ф) 10А IEK (12/144) D !!!,19.0,0.0,5.0,0.0,3.8,Низкая,база спроса ≈5 шт/мес (история 1 мес.); прогноз след. месяц ≈5 шт; остаток 19 + в пути 0,1.0
IEK,010700043_,ВА47-29 (3ф) 25А D IEK !!!,10.0,0.0,4.0,0.0,2.5,Низкая,база спроса ≈4 шт/мес (история 5 мес.); прогноз след. месяц ≈4 шт; остаток 10 + в пути 0,1.0
IEK,010700045_,ВА47-29 (3ф) 40А D IEK !!!,2.0,0.0,1.0,0.0,2.0,Низкая,база спроса ≈1 шт/мес (история 3 мес.); прогноз след. месяц ≈1 шт; остаток 2 + в пути 0,1.0
IEK,010700048_, BA 47-100 (1ф)  16А IEK (12/120) !!!,12.0,0.0,1.0,0.0,12.0,Низкая,база спроса ≈1 шт/мес (история 1 мес.); прогноз след. месяц ≈1 шт; остаток 12 + в пути 0,1.0
IEK,010700049_, BA 47-100 (3ф)  10А IEK (4/40) !!!,3.0,0.0,1.0,0.0,3.0,Низкая,база спроса ≈1 шт/мес (история 1 мес.); прогноз след. месяц ≈1 шт; остаток 3 + в пути 0,1.0
IEK,010700102_, BA 47-150 (3ф) 125А IEK (4/40),74.0,0.0,32.0,0.0,2.31,Низкая,база спроса ≈34 шт/мес (история 32 мес.); сезонность ×0.88; рост спроса ×1.05; исключено разовых крупных заказов: 6; прогноз след. месяц ≈32 шт; остаток 74 + в пути 0,1.0
IEK,010700103_, BA 47-150 (3ф) 100А IEK (4/40) ,14.0,4.0,6.5,0.0,2.15,Низкая,база спроса ≈4 шт/мес (история 31 мес.); сезонность ×1.25; рост спроса ×1.29; прогноз след. месяц ≈6 шт; остаток 14 + в пути 4,1.0
IEK,010700134_,ARMAT (1ф) 10А C IEK (1),124.0,20.0,60.4,0.0,2.05,Низкая,база спроса ≈45 шт/мес (история 32 мес.); сезонность ×1.45; снижение спроса ×0.93; исключено разовых крупных заказов: 1; прогноз след. месяц ≈60 шт; остаток 124 + в пути 20,1.0
IEK,010700135_,ARMAT (1ф) 16А C IEK (1),288.0,40.0,106.2,0.0,2.71,Низкая,база спроса ≈74 шт/мес (история 32 мес.); сезонность ×1.40; рост спроса ×1.03; прогноз след. месяц ≈106 шт; остаток 288 + в пути 40,1.0
IEK,010700136_,ARMAT (1ф) 20А C IEK (1),26.0,0.0,3.8,0.0,6.84,Низкая,база спроса ≈3 шт/мес (история 24 мес.); сезонность ×2.50; снижение спроса ×0.50; прогноз след. месяц ≈4 шт; остаток 26 + в пути 0,1.0
IEK,010700137_,ARMAT (1ф) 25А C IEK (1),99.0,0.0,11.7,0.0,8.46,Низкая,база спроса ≈26 шт/мес (история 32 мес.); сезонность ×0.69; снижение спроса ×0.67; исключено разовых крупных заказов: 2; прогноз след. месяц ≈12 шт; остаток 99 + в пути 0,1.0
IEK,010700138_,ARMAT (1ф) 32А C IEK (1),11.0,0.0,2.8,0.0,3.93,Низкая,база спроса ≈3 шт/мес (история 22 мес.); сезонность ×0.50; рост спроса ×2.00; прогноз след. месяц ≈3 шт; остаток 11 + в пути 0,1.0
IEK,010700140_,ARMAT (1ф) 50А C IEK (1),12.0,0.0,1.0,0.0,12.0,Низкая,база спроса ≈1 шт/мес (история 2 мес.); прогноз след. месяц ≈1 шт; остаток 12 + в пути 0,1.0
IEK,010700141_,ARMAT (1ф) 63А C IEK (1),5.0,0.0,1.0,0.0,5.0,Низкая,база спроса ≈1 шт/мес (история 4 мес.); прогноз след. месяц ≈1 шт; остаток 5 + в пути 0,1.0
IEK,010700142_,ARMAT (2ф) 6А C IEK (1),2.0,0.0,1.0,0.0,2.0,Низкая,база спроса ≈1 шт/мес (история 1 мес.); прогноз след. месяц ≈1 шт; остаток 2 + в пути 0,1.0
IEK,010700143_,ARMAT (2ф) 10А C IEK (1),2.0,0.0,1.0,0.0,2.0,Низкая,база спроса ≈1 шт/мес (история 3 мес.); прогноз след. месяц ≈1 шт; остаток 2 + в пути 0,1.0
IEK,010700144_,ARMAT (2ф) 16А C IEK (1),7.0,0.0,0.5,0.0,14.0,Низкая,база спроса ≈3 шт/мес (история 20 мес.); сезонность ×0.29; снижение спроса ×0.57; прогноз след. месяц ≈0 шт; остаток 7 + в пути 0,1.0
IEK,010700145_,ARMAT (2ф) 20А C IEK (1),7.0,0.0,1.0,0.0,7.0,Низкая,база спроса ≈1 шт/мес (история 1 мес.); прогноз след. месяц ≈1 шт; остаток 7 + в пути 0,1.0
IEK,010700146_,ARMAT (2ф) 25А C IEK (1),19.0,0.0,1.1,0.0,17.27,Низкая,база спроса ≈2 шт/мес (история 28 мес.); сезонность ×0.60; снижение спроса ×0.72; исключено разовых крупных заказов: 1; прогноз след. месяц ≈1 шт; остаток 19 + в пути 0,1.0
IEK,010700147_,ARMAT (2ф) 32А C IEK (1),13.0,0.0,1.8,0.0,7.22,Низкая,база спроса ≈2 шт/мес (история 25 мес.); сезонность ×1.50; снижение спроса ×0.50; исключено разовых крупных заказов: 1; прогноз след. месяц ≈2 шт; остаток 13 + в пути 0,1.0
IEK,010700149_,ARMAT (2ф) 50А C IEK (1),6.0,0.0,0.5,0.0,12.0,Низкая,база спроса ≈1 шт/мес (история 11 мес.); снижение спроса ×0.50; прогноз след. месяц ≈0 шт; остаток 6 + в пути 0,1.0
IEK,010700150_,ARMAT (2ф) 63А C IEK (1),4.0,0.0,1.0,0.0,4.0,Низкая,база спроса ≈1 шт/мес (история 5 мес.); прогноз след. месяц ≈1 шт; остаток 4 + в пути 0,1.0
IEK,010700151_,ARMAT (3ф) 6А C IEK (1),7.0,0.0,2.0,0.0,3.5,Низкая,база спроса ≈2 шт/мес (история 2 мес.); прогноз след. месяц ≈2 шт; остаток 7 + в пути 0,1.0
IEK,010700152_,ARMAT (3ф) 10А C IEK (1),21.0,0.0,4.0,0.0,5.25,Низкая,база спроса ≈2 шт/мес (история 6 мес.); рост спроса ×2.00; прогноз след. месяц ≈4 шт; остаток 21 + в пути 0,1.0
IEK,010700154_,ARMAT (3ф) 20А C IEK (1),7.0,0.0,1.8,0.0,3.89,Низкая,база спроса ≈2 шт/мес (история 6 мес.); снижение спроса ×0.88; прогноз след. месяц ≈2 шт; остаток 7 + в пути 0,1.0
IEK,010700155_,ARMAT (3ф) 25А C IEK (1),22.0,11.0,5.9,0.0,3.73,Низкая,база спроса ≈7 шт/мес (история 28 мес.); сезонность ×0.91; снижение спроса ×0.91; прогноз след. месяц ≈6 шт; остаток 22 + в пути 11,1.0
IEK,010700156_,ARMAT (3ф) 32А C IEK (1),22.0,0.0,5.9,0.0,3.73,Низкая,база спроса ≈7 шт/мес (история 27 мес.); сезонность ×1.00; снижение спроса ×0.82; прогноз след. месяц ≈6 шт; остаток 22 + в пути 0,1.0
IEK,010700158_,ARMAT (3ф) 40А C IEK (1),11.0,0.0,2.4,0.0,4.58,Низкая,база спроса ≈2 шт/мес (история 29 мес.); сезонность ×1.00; рост спроса ×1.11; исключено разовых крупных заказов: 1; прогноз след. месяц ≈2 шт; остаток 11 + в пути 0,1.0
IEK,010700159_,ARMAT (3ф) 50А C IEK (1),7.0,0.0,2.2,0.0,3.18,Низкая,база спроса ≈2 шт/мес (история 21 мес.); сезонность ×1.00; снижение спроса ×0.98; прогноз след. месяц ≈2 шт; остаток 7 + в пути 0,1.0
IEK,010700160_,ARMAT (3ф) 63А C IEK (1),18.0,0.0,1.7,0.0,10.59,Низкая,база спроса ≈4 шт/мес (история 25 мес.); сезонность ×0.50; снижение спроса ×0.79; прогноз след. месяц ≈2 шт; остаток 18 + в пути 0,1.0
IEK,010700161_,УЗО АВДТ 2(ф) 25А 30мА ARMAT IEK (1),7.0,0.0,2.0,0.0,3.5,Низкая,база спроса ≈2 шт/мес (история 15 мес.); сезонность ×1.00; рост спроса ×1.21; прогноз след. месяц ≈2 шт; остаток 7 + в пути 0,1.0
IEK,010700162_,УЗО АВДТ 2(ф) 40А 30мА ARMAT IEK (6),8.0,0.0,2.5,0.0,3.2,Низкая,база спроса ≈2 шт/мес (история 15 мес.); сезонность ×1.50; снижение спроса ×0.83; прогноз след. месяц ≈2 шт; остаток 8 + в пути 0,6.0
IEK,010700163_,УЗО АВДТ 2(ф) 63А 30мА ARMAT IEK (6),10.0,0.0,1.0,0.0,10.0,Низкая,база спроса ≈2 шт/мес (история 16 мес.); сезонность ×1.00; снижение спроса ×0.50; прогноз след. месяц ≈1 шт; остаток 10 + в пути 0,6.0
IEK,010700165_,УЗО АВДТ 4(ф) 40А 30мА ARMAT IEK (3),2.0,0.0,1.0,0.0,2.0,Низкая,база спроса ≈2 шт/мес (история 13 мес.); сезонность ×1.00; снижение спроса ×0.50; прогноз след. месяц ≈1 шт; остаток 2 + в пути 0,3.0
IEK,010700166_,УЗО АВДТ 4(ф) 63А 30мА ARMAT IEK (3),10.0,0.0,4.6,0.0,2.17,Низкая,база спроса ≈5 шт/мес (история 10 мес.); снижение спроса ×0.92; прогноз след. месяц ≈5 шт; остаток 10 + в пути 0,3.0
IEK,010700167_,УЗО АВДТ 1P+NP 6 А 30мА ARMAT IEK (12),9.0,0.0,1.0,0.0,9.0,Низкая,база спроса ≈1 шт/мес (история 1 мес.); прогноз след. месяц ≈1 шт; остаток 9 + в пути 0,12.0
IEK,010700168_,УЗО АВДТ 1P+NP 10 А 30мА ARMAT IEK (12),15.0,0.0,1.3,0.0,11.54,Низкая,база спроса ≈2 шт/мес (история 11 мес.); снижение спроса ×0.63; прогноз след. месяц ≈1 шт; остаток 15 + в пути 0,12.0
IEK,010700170_,УЗО АВДТ 1P+NP 20 А 30мА ARMAT IEK (12),9.0,0.0,2.1,0.0,4.29,Низкая,база спроса ≈2 шт/мес (история 10 мес.); рост спроса ×1.41; прогноз след. месяц ≈2 шт; остаток 9 + в пути 0,12.0
IEK,010700171_,УЗО АВДТ 1P+NP 25 А 30мА ARMAT IEK (12),7.0,0.0,3.0,0.0,2.33,Низкая,база спроса ≈2 шт/мес (история 11 мес.); рост спроса ×2.00; прогноз след. месяц ≈3 шт; остаток 7 + в пути 0,12.0
IEK,010700172_,УЗО АВДТ 1P+NP 32 А 30мА ARMAT IEK (1),2.0,0.0,0.5,0.0,4.0,Низкая,база спроса ≈1 шт/мес (история 11 мес.); снижение спроса ×0.50; прогноз след. месяц ≈0 шт; остаток 2 + в пути 0,1.0
IEK,010800001_,ВА 88-32 (3ф) 100А IEK (1/20),116.0,50.0,28.1,0.0,4.13,Низкая,база спроса ≈31 шт/мес (история 32 мес.); сезонность ×1.27; снижение спроса ×0.72; исключено разовых крупных заказов: 4; прогноз след. месяц ≈28 шт; остаток 116 + в пути 50,1.0
IEK,010800003_,ВА 88-33 (3ф) 160А IEK (1/16),160.0,48.0,29.7,0.0,5.39,Низкая,база спроса ≈29 шт/мес (история 32 мес.); сезонность ×1.38; снижение спроса ×0.75; исключено разовых крупных заказов: 7; прогноз след. месяц ≈30 шт; остаток 160 + в пути 48,1.0
IEK,010800004_,ВА 88-35 (3ф) 250А IEK (1/6),174.0,30.0,51.7,0.0,3.37,Низкая,база спроса ≈51 шт/мес (история 32 мес.); сезонность ×1.11; снижение спроса ×0.90; исключено разовых крупных заказов: 16; прогноз след. месяц ≈52 шт; остаток 174 + в пути 30,1.0
IEK,010800005_,ВА 88-37 (3ф) 400А IEK (1/4),103.0,24.0,27.6,0.0,3.73,Низкая,база спроса ≈21 шт/мес (история 32 мес.); сезонность ×1.80; снижение спроса ×0.73; исключено разовых крупных заказов: 6; прогноз след. месяц ≈28 шт; остаток 103 + в пути 24,1.0
IEK,010800006_,ВА 88-40 (3ф) 630А IEK (1/2),48.0,0.0,7.8,0.0,6.15,Низкая,база спроса ≈13 шт/мес (история 32 мес.); сезонность ×1.19; снижение спроса ×0.50; исключено разовых крупных заказов: 4; прогноз след. месяц ≈8 шт; остаток 48 + в пути 0,1.0
IEK,010800009_,ВА 88-32 (3ф)  16А IEK (1/20),7.0,3.0,1.2,0.0,5.83,Низкая,база спроса ≈5 шт/мес (история 21 мес.); сезонность ×0.20; рост спроса ×1.19; прогноз след. месяц ≈1 шт; остаток 7 + в пути 3,1.0
IEK,010800010_,ВА 88-32 (3ф)  32А IEK (1/20),45.0,50.0,12.1,0.0,3.72,Низкая,база спроса ≈12 шт/мес (история 32 мес.); сезонность ×0.89; рост спроса ×1.19; прогноз след. месяц ≈12 шт; остаток 45 + в пути 50,1.0
IEK,010800011_,ВА 88-32 (3ф)  40А IEK (1/20),51.0,50.0,23.3,0.0,2.19,Низкая,база спроса ≈13 шт/мес (история 32 мес.); сезонность ×1.85; снижение спроса ×0.97; исключено разовых крупных заказов: 3; прогноз след. месяц ≈23 шт; остаток 51 + в пути 50,1.0
IEK,010800012_,ВА 88-35 (3ф) 200А IEK (1/6),91.0,18.0,25.8,0.0,3.53,Низкая,база спроса ≈30 шт/мес (история 32 мес.); сезонность ×1.28; снижение спроса ×0.68; исключено разовых крупных заказов: 5; прогноз след. месяц ≈26 шт; остаток 91 + в пути 18,1.0
IEK,010800015_,ВА 88-32 (3ф)  50А IEK (1/20),56.0,40.0,6.8,0.0,8.24,Низкая,база спроса ≈14 шт/мес (история 32 мес.); сезонность ×0.56; снижение спроса ×0.89; исключено разовых крупных заказов: 2; прогноз след. месяц ≈7 шт; остаток 56 + в пути 40,1.0
IEK,010800016_,ВА 88-32 (3ф)  63А IEK (1/20),75.0,30.0,25.6,0.0,2.93,Низкая,база спроса ≈19 шт/мес (история 32 мес.); сезонность ×1.16; рост спроса ×1.16; исключено разовых крупных заказов: 5; прогноз след. месяц ≈26 шт; остаток 75 + в пути 30,1.0
IEK,010800018_,ВА 88-32 (3ф)  25А IEK (1/20),43.0,40.0,10.1,0.0,4.26,Низкая,база спроса ≈10 шт/мес (история 30 мес.); сезонность ×1.09; снижение спроса ×0.96; исключено разовых крупных заказов: 1; прогноз след. месяц ≈10 шт; остаток 43 + в пути 40,1.0
IEK,010800023_,Привод ручной ПРП-1  400A для ВА88-37 IEK (12) !!!,9.0,0.0,1.0,0.0,9.0,Низкая,база спроса ≈1 шт/мес (история 1 мес.); прогноз след. месяц ≈1 шт; остаток 9 + в пути 0,1.0
IEK,010800027_,ВА 88-33 (3ф) 100А IEK (1/16),93.0,16.0,18.6,0.0,5.0,Низкая,база спроса ≈28 шт/мес (история 32 мес.); сезонность ×1.10; снижение спроса ×0.59; исключено разовых крупных заказов: 7; прогноз след. месяц ≈19 шт; остаток 93 + в пути 16,1.0
IEK,010800028_,ВА 88-33 (3ф) 125А IEK (1/16),71.0,0.0,32.7,0.0,2.17,Низкая,база спроса ≈10 шт/мес (история 32 мес.); сезонность ×1.71; рост спроса ×2.00; исключено разовых крупных заказов: 3; прогноз след. месяц ≈33 шт; остаток 71 + в пути 0,1.0
IEK,010800031_,ВА 88-40 (3ф) 800А IEK (1/2),8.0,0.0,2.2,0.0,3.64,Низкая,база спроса ≈2 шт/мес (история 28 мес.); сезонность ×0.83; рост спроса ×1.29; исключено разовых крупных заказов: 1; прогноз след. месяц ≈2 шт; остаток 8 + в пути 0,1.0
IEK,010800034_,ВА 88-35 (3ф) 125А IEK (1/6),104.0,0.0,13.1,0.0,7.94,Низкая,база спроса ≈18 шт/мес (история 32 мес.); сезонность ×0.89; снижение спроса ×0.80; исключено разовых крупных заказов: 2; прогноз след. месяц ≈13 шт; остаток 104 + в пути 0,1.0
IEK,010800035_,ВА 88-35 (3ф) 160А IEK (1/6),124.0,30.0,33.6,0.0,3.69,Низкая,база спроса ≈29 шт/мес (история 32 мес.); сезонность ×1.16; рост спроса ×1.02; исключено разовых крупных заказов: 10; прогноз след. месяц ≈34 шт; остаток 124 + в пути 30,1.0
IEK,010800036_,Электропривод ЭП-32/33 230В IEK (1/16),6.0,0.0,1.0,0.0,6.0,Низкая,база спроса ≈1 шт/мес (история 1 мес.); прогноз след. месяц ≈1 шт; остаток 6 + в пути 0,1.0
IEK,010800041_,ВА 88-33 (3ф)  50А  35кА  IEK !!!,1.0,0.0,0.5,0.0,2.0,Низкая,база спроса ≈1 шт/мес (история 6 мес.); снижение спроса ×0.50; прогноз след. месяц ≈0 шт; остаток 1 + в пути 0,1.0
IEK,010800045_,ВА 88-43 (3ф) 1250А 50кА с эл расц МР 211 IEK (1) ,4.0,0.0,1.3,0.0,3.08,Низкая,база спроса ≈1 шт/мес (история 16 мес.); сезонность ×1.50; снижение спроса ×0.89; прогноз след. месяц ≈1 шт; остаток 4 + в пути 0,1.0
IEK,010800050_,Доп. контакт ДК-630/800/1600 А IEK !!!,5.0,0.0,1.5,0.0,3.33,Низкая,база спроса ≈2 шт/мес (история 2 мес.); прогноз след. месяц ≈2 шт; остаток 5 + в пути 0,1.0
IEK,010800051_,Расцепитель независимый РМ-125/160 (PH-32/33) IEK (20/480) !!!,108.0,0.0,2.9,0.0,37.24,Низкая,база спроса ≈2 шт/мес (история 11 мес.); рост спроса ×1.16; прогноз след. месяц ≈3 шт; остаток 108 + в пути 0,1.0
IEK,010800053_,Расцепитель независимый РН-800/1600 IEK !!!,71.0,0.0,2.0,0.0,35.5,Низкая,база спроса ≈2 шт/мес (история 5 мес.); прогноз след. месяц ≈2 шт; остаток 71 + в пути 0,1.0
IEK,010800055_,ВА 88-37 (3ф) 250А IEK (1/4),48.0,0.0,20.0,0.0,2.4,Низкая,база спроса ≈10 шт/мес (история 32 мес.); сезонность ×0.95; рост спроса ×2.00; исключено разовых крупных заказов: 2; прогноз след. месяц ≈20 шт; остаток 48 + в пути 0,1.0
IEK,010800056_,Доп. контакт поперечный ДКП32-20 IEK !!! (1000),790.0,0.0,3.0,0.0,263.33,Низкая,база спроса ≈3 шт/мес (история 3 мес.); прогноз след. месяц ≈3 шт; остаток 790 + в пути 0,1.0
IEK,010800057_,Доп. контакт поперечный ДКП32-11 IEK !!! (1000),72.0,0.0,8.5,0.0,8.47,Низкая,база спроса ≈8 шт/мес (история 4 мес.); прогноз след. месяц ≈8 шт; остаток 72 + в пути 0,1.0
IEK,010800061_,Аварийно-доп. контакт ДК/АК32-02 IEK!!! (150),93.0,0.0,2.5,0.0,37.2,Низкая,база спроса ≈2 шт/мес (история 4 мес.); прогноз след. месяц ≈2 шт; остаток 93 + в пути 0,1.0
IEK,010800062_,Аварийно-доп. контакт ДК/АК32-20 IEK !!! (150),102.0,0.0,2.0,0.0,51.0,Низкая,база спроса ≈4 шт/мес (история 6 мес.); снижение спроса ×0.50; прогноз след. месяц ≈2 шт; остаток 102 + в пути 0,1.0
IEK,010800070_,Держатель потолочный DR IEK (50),59.0,0.0,25.0,0.0,2.36,Низкая,база спроса ≈25 шт/мес (история 4 мес.); прогноз след. месяц ≈25 шт; остаток 59 + в пути 0,50.0
IEK,011100121_,Расцепитель независимый РН-125/160 (РН-32/33) TDM !!!,168.0,0.0,1.0,0.0,168.0,Низкая,база спроса ≈1 шт/мес (история 2 мес.); прогноз след. месяц ≈1 шт; остаток 168 + в пути 0,1.0
IEK,011100123_,Аварийный контакт АК-125/160 (АК 32/33)   ТДМ !!!,381.0,0.0,6.0,0.0,63.5,Низкая,база спроса ≈6 шт/мес (история 1 мес.); прогноз след. месяц ≈6 шт; остаток 381 + в пути 0,1.0
IEK,011100124_,Аварийный контакт АК-250/400 (АК 35/37)   ТДМ !!!,169.0,0.0,2.0,0.0,84.5,Низкая,база спроса ≈2 шт/мес (история 3 мес.); прогноз след. месяц ≈2 шт; остаток 169 + в пути 0,1.0
IEK,011100126_,Доп. контакт ДК-250(400)А (АК-35/37)  TDM !!!,182.0,0.0,3.5,0.0,52.0,Низкая,база спроса ≈4 шт/мес (история 4 мес.); прогноз след. месяц ≈4 шт; остаток 182 + в пути 0,1.0
IEK,011100210_,Расцепитель независимый РН-800/1600  TDM !!!,32.0,0.0,1.0,0.0,32.0,Низкая,база спроса ≈1 шт/мес (история 1 мес.); прогноз след. месяц ≈1 шт; остаток 32 + в пути 0,1.0
IEK,011100245_,Аварийный контакт АК-800/1600 (АК 40/43)   ТДМ !!!,34.0,0.0,3.0,0.0,11.33,Низкая,база спроса ≈3 шт/мес (история 3 мес.); прогноз след. месяц ≈3 шт; остаток 34 + в пути 0,1.0
IEK,020100001_,Переносная вилка 013  2р+ре 16А 220В IEK,12.0,0.0,5.5,0.0,2.18,Низкая,база спроса ≈11 шт/мес (история 24 мес.); сезонность ×0.86; снижение спроса ×0.58; прогноз след. месяц ≈6 шт; остаток 12 + в пути 0,10.0
IEK,020100007_,Переносная вилка 034 3р+ре 63А 380В IP 54 IEK,46.0,0.0,6.0,0.0,7.67,Низкая,база спроса ≈12 шт/мес (история 25 мес.); сезонность ×1.00; снижение спроса ×0.50; прогноз след. месяц ≈6 шт; остаток 46 + в пути 0,2.0
IEK,020100008_,Переносная розетка  213 2р+е 16А 220В IP44 IEK,9.0,0.0,4.0,0.0,2.25,Низкая,база спроса ≈3 шт/мес (история 13 мес.); сезонность ×1.00; рост спроса ×1.32; прогноз след. месяц ≈4 шт; остаток 9 + в пути 0,10.0
IEK,020100011_,Переносная розетка  223 2р+ре 32А 220В  IEK,34.0,0.0,0.5,0.0,68.0,Низкая,база спроса ≈10 шт/мес (история 20 мес.); сезонность ×0.10; снижение спроса ×0.50; прогноз след. месяц ≈0 шт; остаток 34 + в пути 0,10.0
IEK,020100015_,Стационарная розетка  113 2р+ре 16А 220В IP44 IEK,31.0,0.0,9.8,0.0,3.16,Низкая,база спроса ≈10 шт/мес (история 24 мес.); сезонность ×1.00; снижение спроса ×0.96; прогноз след. месяц ≈10 шт; остаток 31 + в пути 0,10.0
IEK,020100017_,Стационарная розетка  114 3р+е 16А 380В IP 44 IEK,16.0,0.0,4.4,0.0,3.64,Низкая,база спроса ≈8 шт/мес (история 21 мес.); сезонность ×1.11; снижение спроса ×0.50; прогноз след. месяц ≈4 шт; остаток 16 + в пути 0,10.0
IEK,020100018_,Стационарная розетка  115 3р+ре+n 16А 380В IP 44 IEK,20.0,0.0,3.5,0.0,5.71,Низкая,база спроса ≈12 шт/мес (история 23 мес.); сезонность ×0.57; снижение спроса ×0.50; прогноз след. месяц ≈4 шт; остаток 20 + в пути 0,10.0
IEK,020100019_,Стационарная розетка  123 2р+е 32А 220В IP44 IEK,57.0,0.0,12.3,0.0,4.63,Низкая,база спроса ≈14 шт/мес (история 28 мес.); сезонность ×1.70; снижение спроса ×0.50; прогноз след. месяц ≈12 шт; остаток 57 + в пути 0,10.0
IEK,020100022_,Стационарная розетка  134 3р+ре 63А 380В IP 54 IEK,44.0,0.0,10.7,0.0,4.11,Низкая,база спроса ≈12 шт/мес (история 29 мес.); сезонность ×1.00; снижение спроса ×0.89; прогноз след. месяц ≈11 шт; остаток 44 + в пути 0,2.0
IEK,020100023_,Стационарная розетка  414 скрытая 3р+ре 16А 380В IP44 IEK,8.0,0.0,3.0,0.0,2.67,Низкая,база спроса ≈2 шт/мес (история 6 мес.); рост спроса ×2.00; прогноз след. месяц ≈3 шт; остаток 8 + в пути 0,10.0
IEK,020100044_,Переносная вилка 035 3р+ре+n63А 380В IP 54 IEK,18.0,0.0,5.8,0.0,3.1,Низкая,база спроса ≈5 шт/мес (история 21 мес.); сезонность ×1.00; рост спроса ×1.23; прогноз след. месяц ≈6 шт; остаток 18 + в пути 0,2.0
IEK,020100045_,Стационарная розетка  135 3р+ре+n 63А 380В IP 54 IEK,15.0,0.0,3.3,0.0,4.55,Низкая,база спроса ≈1 шт/мес (история 22 мес.); сезонность ×1.33; рост спроса ×2.00; исключено разовых крупных заказов: 1; прогноз след. месяц ≈3 шт; остаток 15 + в пути 0,2.0
IEK,020300150_,Распред. блок на DIN-рейку РБД-500А IEK,32.0,0.0,4.0,0.0,8.0,Низкая,база спроса ≈4 шт/мес (история 5 мес.); прогноз след. месяц ≈4 шт; остаток 32 + в пути 0,1.0
IEK,030200406_,"Роз. с з/к/ш 16А б/рамки ""BRITE"" алюминий (1/100)",756.0,0.0,346.9,0.0,2.18,Низкая,база спроса ≈235 шт/мес (история 32 мес.); сезонность ×1.49; снижение спроса ×0.99; прогноз след. месяц ≈347 шт; остаток 756 + в пути 0,1.0
IEK,030200408_,"Выкл 1-кл. с инд. б/рамки ""BRITE"" алюминий (1/100)",71.0,0.0,4.0,0.0,17.75,Низкая,база спроса ≈14 шт/мес (история 27 мес.); сезонность ×0.50; снижение спроса ×0.58; прогноз след. месяц ≈4 шт; остаток 71 + в пути 0,1.0
IEK,030200409_,"Выкл 2-кл. 10А б/рамки ""BRITE"" алюминий (1/100)",214.0,0.0,43.5,0.0,4.92,Низкая,база спроса ≈54 шт/мес (история 32 мес.); сезонность ×1.25; снижение спроса ×0.65; исключено разовых крупных заказов: 1; прогноз след. месяц ≈44 шт; остаток 214 + в пути 0,1.0
IEK,030200411_,"Роз. комп. RJ45 кат.5E б/рамки ""BRITE"" алюминий (1/100)",25.0,0.0,0.7,0.0,35.71,Низкая,база спроса ≈10 шт/мес (история 27 мес.); сезонность ×0.12; снижение спроса ×0.50; прогноз след. месяц ≈1 шт; остаток 25 + в пути 0,1.0
IEK,030200413_,"Роз. 2-я с з/к без з/ш 16А в сборе ""BRITE"" алюминий (1/100)",348.0,0.0,63.8,0.0,5.45,Низкая,база спроса ≈52 шт/мес (история 31 мес.); сезонность ×1.54; снижение спроса ×0.80; прогноз след. месяц ≈64 шт; остаток 348 + в пути 0,1.0
IEK,030200414_,"Роз. 2-я с з/к/ш 16А в сборе ""BRITE"" алюминий (1/100)",153.0,0.0,61.6,0.0,2.48,Низкая,база спроса ≈48 шт/мес (история 32 мес.); сезонность ×2.26; снижение спроса ×0.57; прогноз след. месяц ≈62 шт; остаток 153 + в пути 0,1.0
IEK,030200416_,"Рамка 2-мест. ""BRITE"" алюминий (1/100)",205.0,0.0,99.7,0.0,2.06,Низкая,база спроса ≈68 шт/мес (история 32 мес.); сезонность ×0.92; рост спроса ×1.60; прогноз след. месяц ≈100 шт; остаток 205 + в пути 0,1.0
IEK,030200417_,"Рамка 3-мест. ""BRITE"" алюминий (1/100)",127.0,0.0,32.5,0.0,3.91,Низкая,база спроса ≈22 шт/мес (история 32 мес.); сезонность ×1.24; рост спроса ×1.16; исключено разовых крупных заказов: 1; прогноз след. месяц ≈32 шт; остаток 127 + в пути 0,1.0
IEK,030200419_,"Выкл 2-кл. прох. б/рамки ""BRITE"" алюминий (1/100)",19.0,0.0,3.2,0.0,5.94,Низкая,база спроса ≈3 шт/мес (история 21 мес.); сезонность ×1.00; рост спроса ×1.14; прогноз след. месяц ≈3 шт; остаток 19 + в пути 0,1.0
IEK,030200420_,"Выкл 1-кл. 10А б/рамки ""BRITE"" жемчуг (1/100)",129.0,0.0,12.8,0.0,10.08,Низкая,база спроса ≈18 шт/мес (история 32 мес.); сезонность ×0.82; снижение спроса ×0.88; прогноз след. месяц ≈13 шт; остаток 129 + в пути 0,1.0
IEK,030200422_,"Выкл 2-кл. 10А б/рамки ""BRITE"" жемчуг (1/100)",79.0,0.0,33.8,0.0,2.34,Низкая,база спроса ≈22 шт/мес (история 32 мес.); сезонность ×1.22; рост спроса ×1.29; прогноз след. месяц ≈34 шт; остаток 79 + в пути 0,1.0
IEK,030200425_,"Выкл 1-кл. прох. 10А б/рамки ""BRITE"" жемчуг (1/100)",37.0,0.0,11.0,0.0,3.36,Низкая,база спроса ≈9 шт/мес (история 28 мес.); сезонность ×0.78; рост спроса ×1.57; прогноз след. месяц ≈11 шт; остаток 37 + в пути 0,1.0
IEK,030200426_,"Роз. 2-я с з/к без з/ш 16А в сборе ""BRITE"" жемчуг (1/100)",73.0,0.0,15.9,0.0,4.59,Низкая,база спроса ≈13 шт/мес (история 30 мес.); сезонность ×1.37; снижение спроса ×0.93; прогноз след. месяц ≈16 шт; остаток 73 + в пути 0,1.0
IEK,030200427_,"Роз. 2-я с з/к/ш 16А в сборе ""BRITE"" жемчуг (1/100)",94.0,0.0,45.4,0.0,2.07,Низкая,база спроса ≈28 шт/мес (история 24 мес.); сезонность ×1.21; рост спроса ×1.34; прогноз след. месяц ≈45 шт; остаток 94 + в пути 0,1.0
IEK,030200428_,"Роз. с з/к/ш 16А б/рамки ""BRITE"" жемчуг (1/100)",166.0,0.0,14.1,0.0,11.77,Низкая,база спроса ≈36 шт/мес (история 31 мес.); сезонность ×0.56; снижение спроса ×0.69; прогноз след. месяц ≈14 шт; остаток 166 + в пути 0,1.0
IEK,030200429_,"Рамка 1-мест. ""BRITE"" жемчуг (1/100)",372.0,0.0,86.6,0.0,4.3,Низкая,база спроса ≈96 шт/мес (история 32 мес.); сезонность ×0.97; снижение спроса ×0.93; прогноз след. месяц ≈87 шт; остаток 372 + в пути 0,1.0
IEK,030200430_,"Рамка 2-мест. ""BRITE"" жемчуг (1/100)",160.0,0.0,8.0,0.0,20.0,Низкая,база спроса ≈22 шт/мес (история 32 мес.); сезонность ×0.42; снижение спроса ×0.87; прогноз след. месяц ≈8 шт; остаток 160 + в пути 0,1.0
IEK,030200431_,"Рамка 3-мест. ""BRITE"" жемчуг (1/100)",66.0,0.0,4.3,0.0,15.35,Низкая,база спроса ≈10 шт/мес (история 32 мес.); сезонность ×0.90; снижение спроса ×0.50; прогноз след. месяц ≈4 шт; остаток 66 + в пути 0,1.0
IEK,030200432_,"Рамка 4-мест. ""BRITE"" жемчуг (1/100)",12.0,0.0,2.3,0.0,5.22,Низкая,база спроса ≈8 шт/мес (история 24 мес.); сезонность ×0.40; снижение спроса ×0.74; продажи скорректированы вверх из-за дефицита на складе; прогноз след. месяц ≈2 шт; остаток 12 + в пути 0,1.0
IEK,030200434_,"Роз. с з/к/ш 16А б/рамки ""BRITE"" шампань (1/100)",894.0,0.0,280.0,0.0,3.19,Низкая,база спроса ≈182 шт/мес (история 32 мес.); сезонность ×0.77; рост спроса ×2.00; прогноз след. месяц ≈280 шт; остаток 894 + в пути 0,1.0
IEK,030200435_,"Выкл 1-кл. 10А б/рамки ""BRITE"" шампань (1/100)",417.0,0.0,104.1,0.0,4.01,Низкая,база спроса ≈88 шт/мес (история 32 мес.); сезонность ×1.42; снижение спроса ×0.84; прогноз след. месяц ≈104 шт; остаток 417 + в пути 0,1.0
IEK,030200437_,"Выкл 2-кл. 10А б/рамки ""BRITE"" шампань (1/100)",117.0,0.0,38.8,0.0,3.02,Низкая,база спроса ≈55 шт/мес (история 32 мес.); сезонность ×0.81; снижение спроса ×0.88; прогноз след. месяц ≈39 шт; остаток 117 + в пути 0,1.0
IEK,030200439_,"Роз. комп. RJ45 кат.5E б/рамки ""BRITE"" шампань (1/100)",69.0,0.0,18.2,0.0,3.79,Низкая,база спроса ≈9 шт/мес (история 32 мес.); сезонность ×1.00; рост спроса ×2.00; прогноз след. месяц ≈18 шт; остаток 69 + в пути 0,1.0
IEK,030200441_,"Роз. 2-я с з/к без з/ш 16А в сборе ""BRITE"" шампань (1/100)",360.0,0.0,46.2,0.0,7.79,Низкая,база спроса ≈67 шт/мес (история 32 мес.); сезонность ×1.38; снижение спроса ×0.50; прогноз след. месяц ≈46 шт; остаток 360 + в пути 0,1.0
IEK,030200443_,"Рамка 1-мест. ""BRITE"" шампань (1/100)",1053.0,0.0,261.9,0.0,4.02,Низкая,база спроса ≈216 шт/мес (история 32 мес.); сезонность ×1.53; снижение спроса ×0.79; прогноз след. месяц ≈262 шт; остаток 1053 + в пути 0,1.0
IEK,030200444_,"Рамка 2-мест. ""BRITE"" шампань (1/100)",302.0,0.0,71.2,0.0,4.24,Низкая,база спроса ≈101 шт/мес (история 32 мес.); сезонность ×0.82; снижение спроса ×0.86; прогноз след. месяц ≈71 шт; остаток 302 + в пути 0,1.0
IEK,030200445_,"Рамка 3-мест. ""BRITE"" шампань (1/100)",143.0,0.0,40.3,0.0,3.55,Низкая,база спроса ≈44 шт/мес (история 32 мес.); сезонность ×1.02; снижение спроса ×0.90; прогноз след. месяц ≈40 шт; остаток 143 + в пути 0,1.0
IEK,030200447_,"Выкл 2-кл. прох. 10А б/рамки ""BRITE"" шампань (1/100)",44.0,0.0,10.0,0.0,4.4,Низкая,база спроса ≈6 шт/мес (история 28 мес.); сезонность ×1.65; снижение спроса ×0.93; исключено разовых крупных заказов: 1; прогноз след. месяц ≈10 шт; остаток 44 + в пути 0,1.0
IEK,030200449_,"Выкл 1-кл. с инд. 10А б/рамки ""BRITE"" белый (1/100)",115.0,0.0,26.4,0.0,4.36,Низкая,база спроса ≈41 шт/мес (история 32 мес.); сезонность ×1.29; снижение спроса ×0.50; прогноз след. месяц ≈26 шт; остаток 115 + в пути 0,1.0
IEK,030200451_,"Выкл 2-кл. с инд. 10А б/рамки ""BRITE"" белый (1/100)",83.0,0.0,21.0,0.0,3.95,Низкая,база спроса ≈26 шт/мес (история 32 мес.); сезонность ×1.62; снижение спроса ×0.50; прогноз след. месяц ≈21 шт; остаток 83 + в пути 0,1.0
IEK,030200452_,"Выкл 3-кл. 10А б/рамки ""BRITE"" белый (1/100)",118.0,0.0,22.0,0.0,5.36,Низкая,база спроса ≈37 шт/мес (история 32 мес.); сезонность ×0.93; снижение спроса ×0.64; исключено разовых крупных заказов: 1; прогноз след. месяц ≈22 шт; остаток 118 + в пути 0,1.0
IEK,030200454_,"Выкл 1-кл. прох. 10А б/рамки ""BRITE"" белый (1/100)",383.0,0.0,89.4,0.0,4.28,Низкая,база спроса ≈108 шт/мес (история 32 мес.); сезонность ×1.21; снижение спроса ×0.69; исключено разовых крупных заказов: 4; прогноз след. месяц ≈89 шт; остаток 383 + в пути 0,1.0
IEK,030200455_,"Выкл 1-кл. прох. с инд. 10А ""BRITE"" белый (1/100)",49.0,0.0,0.9,0.0,54.44,Низкая,база спроса ≈10 шт/мес (история 19 мес.); сезонность ×0.19; снижение спроса ×0.52; прогноз след. месяц ≈1 шт; остаток 49 + в пути 0,1.0
IEK,030200456_,"Выкл 1-кл перекр 10А б/рамки ""BRITE"" белый (1/100)",44.0,0.0,5.5,0.0,8.0,Низкая,база спроса ≈23 шт/мес (история 31 мес.); сезонность ×0.33; снижение спроса ×0.74; прогноз след. месяц ≈6 шт; остаток 44 + в пути 0,1.0
IEK,030200457_,"Роз. 2-я без з/к/ш 10А в сборе ""BRITE"" белый (1/100)",1093.0,0.0,343.5,0.0,3.18,Низкая,база спроса ≈252 шт/мес (история 32 мес.); сезонность ×1.19; рост спроса ×1.15; прогноз след. месяц ≈344 шт; остаток 1093 + в пути 0,1.0
IEK,030200458_,"Роз. 2-я с з/к/ш 16А в сборе ""BRITE"" белый (1/100)",2004.0,0.0,758.5,0.0,2.64,Низкая,база спроса ≈427 шт/мес (история 32 мес.); сезонность ×2.10; снижение спроса ×0.85; исключено разовых крупных заказов: 2; прогноз след. месяц ≈758 шт; остаток 2004 + в пути 0,1.0
IEK,030200461_,"Роз. с з/к/ш 16А б/рамки ""BRITE"" белый (1/100)",1723.0,0.0,646.5,0.0,2.67,Низкая,база спроса ≈994 шт/мес (история 32 мес.); сезонность ×0.78; снижение спроса ×0.84; прогноз след. месяц ≈646 шт; остаток 1723 + в пути 0,1.0
IEK,030200462_,"Роз. TV оконечная б/рамки ""BRITE"" белый (1/100)",77.0,0.0,37.9,0.0,2.03,Низкая,база спроса ≈31 шт/мес (история 31 мес.); сезонность ×1.03; рост спроса ×1.20; прогноз след. месяц ≈38 шт; остаток 77 + в пути 0,1.0
IEK,030200463_,"Рамка 1-мест. ""BRITE"" белый (1/100)",4603.0,0.0,1710.1,0.0,2.69,Низкая,база спроса ≈1842 шт/мес (история 32 мес.); сезонность ×1.04; снижение спроса ×0.89; исключено разовых крупных заказов: 1; прогноз след. месяц ≈1710 шт; остаток 4603 + в пути 0,1.0
IEK,030200464_,"Рамка 2-мест. ""BRITE"" белый (1/100)",2137.0,0.0,507.3,0.0,4.21,Низкая,база спроса ≈566 шт/мес (история 32 мес.); сезонность ×1.19; снижение спроса ×0.75; исключено разовых крупных заказов: 3; прогноз след. месяц ≈507 шт; остаток 2137 + в пути 0,1.0
IEK,030200467_,"Роз. с з/к/ш с кр. 16А IP44 б/рамки ""BRITE"" белый (1/100)",357.0,0.0,91.6,0.0,3.9,Низкая,база спроса ≈82 шт/мес (история 32 мес.); сезонность ×1.92; снижение спроса ×0.58; исключено разовых крупных заказов: 1; прогноз след. месяц ≈92 шт; остаток 357 + в пути 0,1.0
IEK,030200469_,"Рамка 2-мест. IP44 ""BRITE"" белый (1/100)",6.0,0.0,2.4,0.0,2.5,Низкая,база спроса ≈3 шт/мес (история 23 мес.); сезонность ×0.75; снижение спроса ×0.98; прогноз след. месяц ≈2 шт; остаток 6 + в пути 0,1.0
IEK,030200470_,"Выкл 2-кл. прох. 10А б/рамки ""BRITE"" белый (1/100)",147.0,0.0,37.0,0.0,3.97,Низкая,база спроса ≈56 шт/мес (история 32 мес.); сезонность ×0.77; снижение спроса ×0.86; прогноз след. месяц ≈37 шт; остаток 147 + в пути 0,1.0
IEK,030200471_,"Роз. с з/к/ш 16А б/рамки ""BRITE"" графит (1/100)",978.0,0.0,332.4,0.0,2.94,Низкая,база спроса ≈343 шт/мес (история 32 мес.); сезонность ×0.95; рост спроса ×1.02; прогноз след. месяц ≈332 шт; остаток 978 + в пути 0,1.0
IEK,030200474_,"Выкл 2-кл. 10А б/рамки ""BRITE"" графит (1/100)",327.0,0.0,87.3,0.0,3.75,Низкая,база спроса ≈74 шт/мес (история 32 мес.); сезонность ×1.31; снижение спроса ×0.90; исключено разовых крупных заказов: 3; прогноз след. месяц ≈87 шт; остаток 327 + в пути 0,1.0
IEK,030200476_,"Роз. комп. RJ45 кат.5E б/рамки ""BRITE"" графит (1/100)",53.0,0.0,8.7,0.0,6.09,Низкая,база спроса ≈24 шт/мес (история 32 мес.); сезонность ×0.37; снижение спроса ×0.99; прогноз след. месяц ≈9 шт; остаток 53 + в пути 0,1.0
IEK,030200477_,"Выкл 1-кл. прох. 10А б/рамки ""BRITE"" графит (1/100)",77.0,0.0,30.5,0.0,2.52,Низкая,база спроса ≈22 шт/мес (история 32 мес.); сезонность ×1.33; рост спроса ×1.06; прогноз след. месяц ≈30 шт; остаток 77 + в пути 0,1.0
IEK,030200478_,"Роз. 2-я с з/к без з/ш 16А в сборе ""BRITE"" графит (1/100)",339.0,0.0,110.0,0.0,3.08,Низкая,база спроса ≈37 шт/мес (история 32 мес.); сезонность ×1.48; рост спроса ×2.00; прогноз след. месяц ≈110 шт; остаток 339 + в пути 0,1.0
IEK,030200479_,"Роз. 2-я с з/к/ш 16А в сборе ""BRITE"" графит (1/100)",191.0,0.0,36.2,0.0,5.28,Низкая,база спроса ≈32 шт/мес (история 32 мес.); сезонность ×1.30; снижение спроса ×0.88; прогноз след. месяц ≈36 шт; остаток 191 + в пути 0,1.0
IEK,030200480_,"Рамка 1-мест. ""BRITE"" графит (1/100)",1768.0,0.0,536.6,0.0,3.29,Низкая,база спроса ≈317 шт/мес (история 32 мес.); сезонность ×1.18; рост спроса ×1.44; прогноз след. месяц ≈537 шт; остаток 1768 + в пути 0,1.0
IEK,030200481_,"Рамка 2-мест. ""BRITE"" графит (1/100)",428.0,0.0,197.8,0.0,2.16,Низкая,база спроса ≈113 шт/мес (история 32 мес.); сезонность ×1.13; рост спроса ×1.54; прогноз след. месяц ≈198 шт; остаток 428 + в пути 0,1.0
IEK,030200483_,"Рамка 4-мест. ""BRITE"" графит (1/100)",80.0,0.0,11.9,0.0,6.72,Низкая,база спроса ≈17 шт/мес (история 32 мес.); сезонность ×1.17; снижение спроса ×0.61; прогноз след. месяц ≈12 шт; остаток 80 + в пути 0,1.0
IEK,030200484_,"Выкл 2-кл. прох. 10А б/рамки ""BRITE"" графит (1/100)",83.0,0.0,37.6,0.0,2.21,Низкая,база спроса ≈8 шт/мес (история 31 мес.); сезонность ×2.44; рост спроса ×2.00; прогноз след. месяц ≈38 шт; остаток 83 + в пути 0,1.0
IEK,030200485_,"Роз. с з/к без з/ш 16А б/рамки ""BRITE"" черный (1/100)",6754.0,0.0,1903.3,0.0,3.55,Низкая,база спроса ≈2299 шт/мес (история 32 мес.); сезонность ×0.89; снижение спроса ×0.93; прогноз след. месяц ≈1903 шт; остаток 6754 + в пути 0,1.0
IEK,030200486_,"Выкл 1-кл. 10А б/рамки ""BRITE"" черный (1/100)",1779.0,0.0,652.0,0.0,2.73,Низкая,база спроса ≈656 шт/мес (история 32 мес.); сезонность ×1.02; снижение спроса ×0.98; исключено разовых крупных заказов: 1; прогноз след. месяц ≈652 шт; остаток 1779 + в пути 0,1.0
IEK,030200488_,"Выкл 2-кл. 10А б/рамки ""BRITE"" черный (1/100)",1193.0,0.0,566.2,0.0,2.11,Низкая,база спроса ≈434 шт/мес (история 32 мес.); сезонность ×1.26; рост спроса ×1.03; исключено разовых крупных заказов: 1; прогноз след. месяц ≈566 шт; остаток 1193 + в пути 0,1.0
IEK,030200489_,"Выкл 2-кл. с инд. 10А б/рамки ""BRITE"" черный (1/100)",86.0,0.0,21.2,0.0,4.06,Низкая,база спроса ≈19 шт/мес (история 31 мес.); сезонность ×0.86; рост спроса ×1.31; прогноз след. месяц ≈21 шт; остаток 86 + в пути 0,1.0
IEK,030200490_,"Роз. комп. RJ45 кат.5E б/рамки ""BRITE"" черный (1/100)",305.0,0.0,69.7,0.0,4.38,Низкая,база спроса ≈62 шт/мес (история 32 мес.); сезонность ×1.04; рост спроса ×1.08; исключено разовых крупных заказов: 3; прогноз след. месяц ≈70 шт; остаток 305 + в пути 0,1.0
IEK,030200492_,"Роз. 2-я с з/к без з/ш 16А в сборе ""BRITE"" черный (1/100)",1803.0,0.0,526.3,0.0,3.43,Низкая,база спроса ≈479 шт/мес (история 32 мес.); сезонность ×0.94; рост спроса ×1.16; исключено разовых крупных заказов: 1; прогноз след. месяц ≈526 шт; остаток 1803 + в пути 0,1.0
IEK,030200493_,"Роз. 2-я с з/к/ш 16А в сборе ""BRITE"" черный (1/100)",415.0,0.0,120.3,0.0,3.45,Низкая,база спроса ≈121 шт/мес (история 32 мес.); сезонность ×1.09; снижение спроса ×0.91; прогноз след. месяц ≈120 шт; остаток 415 + в пути 0,1.0
IEK,030200494_,"Рамка 1-мест. ""BRITE"" черный (1/100)",6568.0,0.0,2150.5,0.0,3.05,Низкая,база спроса ≈1879 шт/мес (история 32 мес.); сезонность ×1.02; рост спроса ×1.12; исключено разовых крупных заказов: 1; прогноз след. месяц ≈2150 шт; остаток 6568 + в пути 0,1.0
IEK,030200495_,"Рамка 2-мест. ""BRITE"" черный (1/100)",1787.0,0.0,474.5,0.0,3.77,Низкая,база спроса ≈588 шт/мес (история 32 мес.); сезонность ×0.81; прогноз след. месяц ≈474 шт; остаток 1787 + в пути 0,1.0
IEK,030200496_,"Рамка 3-мест. ""BRITE"" черный (1/100)",785.0,0.0,170.6,0.0,4.6,Низкая,база спроса ≈195 шт/мес (история 32 мес.); сезонность ×0.84; рост спроса ×1.04; исключено разовых крупных заказов: 1; прогноз след. месяц ≈171 шт; остаток 785 + в пути 0,1.0
IEK,030200498_,"Выкл 2-кл. прох. 10А б/рамки ""BRITE"" черный (1/100)",100.0,0.0,40.6,0.0,2.46,Низкая,база спроса ≈52 шт/мес (история 32 мес.); сезонность ×0.69; рост спроса ×1.14; исключено разовых крупных заказов: 1; прогноз след. месяц ≈41 шт; остаток 100 + в пути 0,1.0
IEK,030200499_,"Роз. с з/к/ш 16А б/рамки ""BRITE"" сталь (1/100)",684.0,0.0,192.0,0.0,3.56,Низкая,база спроса ≈157 шт/мес (история 32 мес.); сезонность ×0.62; рост спроса ×1.95; прогноз след. месяц ≈192 шт; остаток 684 + в пути 0,1.0
IEK,030200500_,"Выкл 1-кл. 10А б/рамки ""BRITE"" сталь (1/100)",347.0,0.0,143.1,0.0,2.42,Низкая,база спроса ≈116 шт/мес (история 32 мес.); сезонность ×0.62; рост спроса ×2.00; прогноз след. месяц ≈143 шт; остаток 347 + в пути 0,1.0
IEK,030200502_,"Выкл 2-кл. 10А б/рамки ""BRITE"" сталь (1/100)",250.0,0.0,61.7,0.0,4.05,Низкая,база спроса ≈42 шт/мес (история 32 мес.); сезонность ×0.73; рост спроса ×2.00; исключено разовых крупных заказов: 2; прогноз след. месяц ≈62 шт; остаток 250 + в пути 0,1.0
IEK,030200503_,"Выкл 2-кл. с инд. 10А б/рамки ""BRITE"" сталь (1/100)",23.0,0.0,6.6,0.0,3.48,Низкая,база спроса ≈11 шт/мес (история 25 мес.); сезонность ×0.40; рост спроса ×1.51; прогноз след. месяц ≈7 шт; остаток 23 + в пути 0,1.0
IEK,030200504_,"Роз. комп. RJ45 кат.5E б/рамки ""BRITE"" сталь (1/100)",57.0,0.0,6.4,0.0,8.91,Низкая,база спроса ≈6 шт/мес (история 31 мес.); сезонность ×0.54; рост спроса ×2.00; продажи скорректированы вверх из-за дефицита на складе; прогноз след. месяц ≈6 шт; остаток 57 + в пути 0,1.0
IEK,030200505_,"Выкл 1-кл. прох. 10А б/рамки ""BRITE"" сталь (1/100)",65.0,0.0,17.2,0.0,3.78,Низкая,база спроса ≈12 шт/мес (история 30 мес.); сезонность ×0.69; рост спроса ×2.00; исключено разовых крупных заказов: 1; прогноз след. месяц ≈17 шт; остаток 65 + в пути 0,1.0
IEK,030200506_,"Роз. 2-я с з/к без з/ш 16А в сборе ""BRITE"" сталь (1/100)",315.0,0.0,147.0,0.0,2.14,Низкая,база спроса ≈77 шт/мес (история 32 мес.); сезонность ×0.95; рост спроса ×2.00; прогноз след. месяц ≈147 шт; остаток 315 + в пути 0,1.0
IEK,030200507_,"Роз. 2-я с з/к/ш 16А в сборе ""BRITE"" сталь (1/100)",179.0,0.0,22.0,0.0,8.14,Низкая,база спроса ≈38 шт/мес (история 31 мес.); сезонность ×0.62; снижение спроса ×0.93; прогноз след. месяц ≈22 шт; остаток 179 + в пути 0,1.0
IEK,030200508_,"Рамка 1-мест. ""BRITE"" сталь (1/100)",881.0,0.0,159.9,0.0,5.51,Низкая,база спроса ≈258 шт/мес (история 32 мес.); сезонность ×0.63; снижение спроса ×0.98; прогноз след. месяц ≈160 шт; остаток 881 + в пути 0,1.0
IEK,030200510_,"Рамка 3-мест. ""BRITE"" сталь (1/100)",165.0,0.0,44.6,0.0,3.7,Низкая,база спроса ≈35 шт/мес (история 32 мес.); сезонность ×0.86; рост спроса ×1.49; исключено разовых крупных заказов: 1; прогноз след. месяц ≈45 шт; остаток 165 + в пути 0,1.0
IEK,030200511_,"Рамка 4-мест. ""BRITE"" сталь (1/100)",47.0,0.0,10.7,0.0,4.39,Низкая,база спроса ≈5 шт/мес (история 32 мес.); сезонность ×1.12; рост спроса ×2.00; прогноз след. месяц ≈11 шт; остаток 47 + в пути 0,1.0
IEK,030200513_,"Роз TV оконечная  б/рамки ""BRITE"" жемчуг (1/100)",7.0,0.0,2.0,0.0,3.5,Низкая,база спроса ≈4 шт/мес (история 16 мес.); сезонность ×0.44; рост спроса ×1.14; прогноз след. месяц ≈2 шт; остаток 7 + в пути 0,1.0
IEK,030200514_,"Выкл 1-кл. 10А б/рамки ""BRITE"" белый (1/100)",1079.0,0.0,290.3,0.0,3.72,Низкая,база спроса ≈424 шт/мес (история 32 мес.); сезонность ×0.74; снижение спроса ×0.93; исключено разовых крупных заказов: 1; прогноз след. месяц ≈290 шт; остаток 1079 + в пути 0,1.0
IEK,030200515_,"Выкл 2-кл. 10А б/рамки ""BRITE"" белый (1/100)",695.0,0.0,131.3,0.0,5.29,Низкая,база спроса ≈222 шт/мес (история 32 мес.); сезонность ×0.86; снижение спроса ×0.69; исключено разовых крупных заказов: 1; прогноз след. месяц ≈131 шт; остаток 695 + в пути 0,1.0
IEK,030200516_,"Роз. без з/к 10А б/рамки ""BRITE"" белый (1/100)",707.0,0.0,242.4,0.0,2.92,Низкая,база спроса ≈234 шт/мес (история 32 мес.); сезонность ×0.97; рост спроса ×1.06; исключено разовых крупных заказов: 1; прогноз след. месяц ≈242 шт; остаток 707 + в пути 0,1.0
IEK,030200517_,"Роз. с з/к  с з/ш 16А в сборе ""BRITE"" белый (1/100)",3650.0,0.0,1057.1,0.0,3.45,Низкая,база спроса ≈841 шт/мес (история 32 мес.); сезонность ×1.73; снижение спроса ×0.73; исключено разовых крупных заказов: 1; прогноз след. месяц ≈1057 шт; остаток 3650 + в пути 0,1.0
IEK,030200519_,"Роз 2-я с кр. 16А в сб IP44 ""BRITE"" Белый (1/100)",51.0,0.0,13.0,0.0,3.92,Низкая,база спроса ≈13 шт/мес (история 27 мес.); сезонность ×0.88; рост спроса ×1.13; исключено разовых крупных заказов: 1; прогноз след. месяц ≈13 шт; остаток 51 + в пути 0,1.0
IEK,030200520_,"Роз. 2-я TV+RJ45 кат.5E б/рамки ""BRITE"" белый (1/100)",10.0,0.0,2.0,0.0,5.0,Низкая,база спроса ≈3 шт/мес (история 22 мес.); сезонность ×0.67; прогноз след. месяц ≈2 шт; остаток 10 + в пути 0,1.0
IEK,030200522_,"Роз. с з/к без з/ш 16А б/рамки ""BRITE"" жемчуг (1/100)",481.0,0.0,99.0,0.0,4.86,Низкая,база спроса ≈49 шт/мес (история 26 мес.); сезонность ×1.99; рост спроса ×1.03; прогноз след. месяц ≈99 шт; остаток 481 + в пути 0,1.0
IEK,030200528_,"Роз. с з/к без з/ш 16А б/рамки ""BRITE""  алюминий  (1/100)",417.0,0.0,194.1,0.0,2.15,Низкая,база спроса ≈68 шт/мес (история 24 мес.); сезонность ×2.68; рост спроса ×1.06; прогноз след. месяц ≈194 шт; остаток 417 + в пути 0,1.0
IEK,030200530_,"Роз. без з/к 10А б/рамки ""BRITE"" сталь (1/100)",123.0,0.0,23.3,0.0,5.28,Низкая,база спроса ≈41 шт/мес (история 30 мес.); сезонность ×1.13; снижение спроса ×0.50; прогноз след. месяц ≈23 шт; остаток 123 + в пути 0,1.0
IEK,030200531_,"Роз. с з/к без з/ш 16А б/рамки ""BRITE"" сталь (1/100)",546.0,0.0,216.9,0.0,2.52,Низкая,база спроса ≈192 шт/мес (история 31 мес.); сезонность ×0.87; рост спроса ×1.30; прогноз след. месяц ≈217 шт; остаток 546 + в пути 0,1.0
IEK,030200533_,"Роз. без з/к 10А б/рамки ""BRITE"" графит (1/100)",309.0,0.0,24.3,0.0,12.72,Низкая,база спроса ≈29 шт/мес (история 31 мес.); сезонность ×1.66; снижение спроса ×0.50; прогноз след. месяц ≈24 шт; остаток 309 + в пути 0,1.0
IEK,030200534_,"Роз. с з/к без з/ш 16А б/рамки ""BRITE""  графит  (1/100)",1035.0,0.0,468.3,0.0,2.21,Низкая,база спроса ≈162 шт/мес (история 25 мес.); сезонность ×2.10; рост спроса ×1.38; прогноз след. месяц ≈468 шт; остаток 1035 + в пути 0,1.0
IEK,030200535_,"Роз. 2-я TV+RJ45 кат.5E б/рамки ""BRITE"" графит (1/100)",28.0,0.0,1.8,0.0,15.56,Низкая,база спроса ≈4 шт/мес (история 9 мес.); снижение спроса ×0.50; прогноз след. месяц ≈2 шт; остаток 28 + в пути 0,1.0
IEK,030200536_,"Роз. без з/к 10А б/рамки ""BRITE"" черный (1/100)",1134.0,0.0,199.5,0.0,5.68,Низкая,база спроса ≈262 шт/мес (история 32 мес.); сезонность ×0.72; рост спроса ×1.06; прогноз след. месяц ≈200 шт; остаток 1134 + в пути 0,1.0
IEK,030200540_,"Роз TV оконечная  б/рамки ""BRITE"" алюминий (1/100)",70.0,0.0,12.4,0.0,5.65,Низкая,база спроса ≈4 шт/мес (история 15 мес.); сезонность ×3.62; снижение спроса ×0.85; прогноз след. месяц ≈12 шт; остаток 70 + в пути 0,1.0
IEK,030200542_,"Роз TV оконечная  б/рамки ""BRITE"" графит (1/100)",100.0,0.0,0.0,0.0,99.0,Низкая,база спроса ≈12 шт/мес (история 23 мес.); сезонность ×-0.50; снижение спроса ×0.64; прогноз след. месяц ≈0 шт; остаток 100 + в пути 0,1.0
IEK,030200543_,"Роз TV оконечная  б/рамки ""BRITE"" чёрный (1/100)",39.0,0.0,9.0,0.0,4.33,Низкая,база спроса ≈11 шт/мес (история 30 мес.); сезонность ×1.42; снижение спроса ×0.58; исключено разовых крупных заказов: 1; прогноз след. месяц ≈9 шт; остаток 39 + в пути 0,1.0
IEK,030200554_,"Выкл 2-кл. с инд. 10А б/рамки ""BRITE"" маренго (1/100)",18.0,0.0,1.0,0.0,18.0,Низкая,база спроса ≈2 шт/мес (история 7 мес.); снижение спроса ×0.50; прогноз след. месяц ≈1 шт; остаток 18 + в пути 0,1.0
IEK,030200555_,"Роз. комп. RJ45 кат.5E б/рамки ""BRITE"" маренго (1/100)",62.0,0.0,0.9,0.0,68.89,Низкая,база спроса ≈2 шт/мес (история 18 мес.); сезонность ×0.50; снижение спроса ×0.99; прогноз след. месяц ≈1 шт; остаток 62 + в пути 0,1.0
IEK,030200556_,"Выкл 1-кл. прох. 10А б/рамки ""BRITE"" маренго (1/100)",82.0,0.0,2.7,0.0,30.37,Низкая,база спроса ≈4 шт/мес (история 17 мес.); сезонность ×0.50; рост спроса ×1.31; прогноз след. месяц ≈3 шт; остаток 82 + в пути 0,1.0
IEK,030200560_,"Рамка 2-мест. ""BRITE"" маренго (1/100)",16.0,0.0,4.6,0.0,3.48,Низкая,база спроса ≈17 шт/мес (история 25 мес.); сезонность ×0.38; снижение спроса ×0.71; продажи скорректированы вверх из-за дефицита на складе; прогноз след. месяц ≈5 шт; остаток 16 + в пути 0,1.0
IEK,030200561_,"Рамка 3-мест. ""BRITE"" маренго (1/100)",22.0,0.0,1.4,0.0,15.71,Низкая,база спроса ≈4 шт/мес (история 25 мес.); сезонность ×0.60; снижение спроса ×0.53; прогноз след. месяц ≈1 шт; остаток 22 + в пути 0,1.0
IEK,030200562_,"Рамка 4-мест. ""BRITE"" маренго (1/100)",45.0,0.0,1.3,0.0,34.62,Низкая,база спроса ≈2 шт/мес (история 18 мес.); сезонность ×0.80; снижение спроса ×0.64; прогноз след. месяц ≈1 шт; остаток 45 + в пути 0,1.0
IEK,030200563_,"Выкл 2-кл. прох. 10А б/рамки ""BRITE"" маренго (1/100)",95.0,0.0,3.3,0.0,28.79,Низкая,база спроса ≈2 шт/мес (история 11 мес.); рост спроса ×1.64; прогноз след. месяц ≈3 шт; остаток 95 + в пути 0,1.0
IEK,030200566_,"Роз. TV окон б/рамки ""BRITE"" маренго (1/100)",78.0,0.0,5.0,0.0,15.6,Низкая,база спроса ≈4 шт/мес (история 12 мес.); сезонность ×0.75; рост спроса ×1.66; прогноз след. месяц ≈5 шт; остаток 78 + в пути 0,1.0
IEK,030200567_,"Роз. с з/к с з/ш 16А USB A+C 18Вт б/рамки ""BRITE"" белый (1/80)",10.0,0.0,3.3,0.0,3.03,Низкая,база спроса ≈3 шт/мес (история 21 мес.); сезонность ×0.75; рост спроса ×1.28; прогноз след. месяц ≈3 шт; остаток 10 + в пути 0,1.0
IEK,030200740_,"Выкл 3-кл. 10А б/рамки ""BRITE"" алюминий (1/100)",152.0,0.0,0.9,0.0,168.89,Низкая,база спроса ≈3 шт/мес (история 19 мес.); сезонность ×0.33; снижение спроса ×0.92; прогноз след. месяц ≈1 шт; остаток 152 + в пути 0,1.0
IEK,030200741_,"Выкл 3-кл. 10А  б/рамки ""BRITE"" сталь (1/100)",16.0,0.0,1.5,0.0,10.67,Низкая,база спроса ≈5 шт/мес (история 24 мес.); сезонность ×0.31; прогноз след. месяц ≈2 шт; остаток 16 + в пути 0,1.0
IEK,030200742_,"Роз. TV проходная б/рамки ""BRITE"" сталь (1/100)",14.0,0.0,2.6,0.0,5.38,Низкая,база спроса ≈3 шт/мес (история 14 мес.); сезонность ×1.00; снижение спроса ×0.85; прогноз след. месяц ≈3 шт; остаток 14 + в пути 0,1.0
IEK,030200743_,"Выкл 3-кл. 10А 10А б/рамки ""BRITE"" графит (1/100)",41.0,0.0,5.0,0.0,8.2,Низкая,база спроса ≈9 шт/мес (история 29 мес.); сезонность ×0.38; рост спроса ×1.55; прогноз след. месяц ≈5 шт; остаток 41 + в пути 0,1.0
IEK,030200744_,"Выкл 3-кл. 10А  б/рамки ""BRITE"" чёрный (1/100)",123.0,0.0,21.6,0.0,5.69,Низкая,база спроса ≈36 шт/мес (история 32 мес.); сезонность ×1.11; снижение спроса ×0.53; исключено разовых крупных заказов: 1; прогноз след. месяц ≈22 шт; остаток 123 + в пути 0,1.0
IEK,030200746_,"Роз. TV проходная б/рамки ""BRITE"" алюминий (1/100)",5.0,0.0,2.5,0.0,2.0,Низкая,база спроса ≈2 шт/мес (история 4 мес.); прогноз след. месяц ≈2 шт; остаток 5 + в пути 0,1.0
IEK,030200748_,"Рамка 5-мест. ""BRITE"" графит (1/100)",28.0,0.0,3.7,0.0,7.57,Низкая,база спроса ≈4 шт/мес (история 25 мес.); сезонность ×1.75; снижение спроса ×0.50; исключено разовых крупных заказов: 1; прогноз след. месяц ≈4 шт; остаток 28 + в пути 0,1.0
IEK,030200753_,"Рамка 5-мест. ""BRITE"" белый (1/100)",74.0,0.0,10.2,0.0,7.25,Низкая,база спроса ≈17 шт/мес (история 32 мес.); сезонность ×0.70; снижение спроса ×0.85; исключено разовых крупных заказов: 1; прогноз след. месяц ≈10 шт; остаток 74 + в пути 0,1.0
IEK,030200755_,"Рамка 5-мест. ""BRITE"" шампань (1/100)",7.0,0.0,2.3,0.0,3.04,Низкая,база спроса ≈2 шт/мес (история 13 мес.); сезонность ×1.00; рост спроса ×1.16; прогноз след. месяц ≈2 шт; остаток 7 + в пути 0,1.0
IEK,030200756_,"Рамка 5-мест. ""BRITE"" алюминий (1/100)",11.0,0.0,2.4,0.0,4.58,Низкая,база спроса ≈5 шт/мес (история 16 мес.); сезонность ×0.40; рост спроса ×1.19; прогноз след. месяц ≈2 шт; остаток 11 + в пути 0,1.0
IEK,030200757_,"Рамка 5-мест. ""BRITE"" сталь (1/100)",6.0,0.0,0.9,0.0,6.67,Низкая,база спроса ≈3 шт/мес (история 24 мес.); сезонность ×0.25; рост спроса ×1.08; прогноз след. месяц ≈1 шт; остаток 6 + в пути 0,1.0
IEK,030200758_,"Рамка 5-мест. ""BRITE"" черный (1/100)",24.0,0.0,2.4,0.0,10.0,Низкая,база спроса ≈4 шт/мес (история 31 мес.); сезонность ×1.11; снижение спроса ×0.50; исключено разовых крупных заказов: 1; прогноз след. месяц ≈2 шт; остаток 24 + в пути 0,1.0
IEK,030200759_,"Роз. с з/к с з/ш 16А USB A+A 3,1А б/рамки ""BRITE"" белый (1/80)",6.0,0.0,1.5,0.0,4.0,Низкая,база спроса ≈2 шт/мес (история 4 мес.); прогноз след. месяц ≈2 шт; остаток 6 + в пути 0,1.0
IEK,030200767_,"Роз. USB A+C 18Вт б/рамки ""BRITE"" сталь (1/80)",2.0,0.0,1.0,0.0,2.0,Низкая,база спроса ≈1 шт/мес (история 3 мес.); прогноз след. месяц ≈1 шт; остаток 2 + в пути 0,1.0
IEK,030200770_,"Роз. с з/к с з/ш 16А с USB A+A 3,1А б/рамки ""BRITE"" черный (1/80)",52.0,0.0,3.0,0.0,17.33,Низкая,база спроса ≈3 шт/мес (история 5 мес.); прогноз след. месяц ≈3 шт; остаток 52 + в пути 0,1.0
IEK,030200771_,"Роз. USB A+C 18Вт б/рамки ""BRITE"" черный (1/80)",9.0,0.0,1.8,0.0,5.0,Низкая,база спроса ≈5 шт/мес (история 25 мес.); сезонность ×0.40; снижение спроса ×0.97; прогноз след. месяц ≈2 шт; остаток 9 + в пути 0,1.0
IEK,030200772_,"Выкл 3-кл. 10А б/рамки ""BRITE"" маренго (1/100)",152.0,0.0,1.0,0.0,152.0,Низкая,база спроса ≈2 шт/мес (история 9 мес.); снижение спроса ×0.50; прогноз след. месяц ≈1 шт; остаток 152 + в пути 0,1.0
IEK,030200773_,"Светорег. пов-наж. 600Вт ""BRITE"" белый (1/80)",8.0,0.0,2.5,0.0,3.2,Низкая,база спроса ≈2 шт/мес (история 26 мес.); сезонность ×0.80; рост спроса ×1.25; исключено разовых крупных заказов: 1; продажи скорректированы вверх из-за дефицита на складе; прогноз след. месяц ≈2 шт; остаток 8 + в пути 0,1.0
IEK,030200774_,"Выкл. жалюзи 10А ""BRITE"" белый (1/100)",37.0,0.0,15.6,0.0,2.37,Низкая,база спроса ≈9 шт/мес (история 22 мес.); сезонность ×1.50; рост спроса ×1.15; прогноз след. месяц ≈16 шт; остаток 37 + в пути 0,1.0
IEK,030200775_,"Выкл 1-кл перекрестный 10А б/рамки ""BRITE"" жемчуг (1/100)",106.0,0.0,7.6,0.0,13.95,Низкая,база спроса ≈3 шт/мес (история 18 мес.); сезонность ×1.20; рост спроса ×2.00; прогноз след. месяц ≈8 шт; остаток 106 + в пути 0,1.0
IEK,030200776_,"Выкл 1-кл перекрестный  10А б/рамки ""BRITE"" шампань (1/100)",18.0,0.0,2.6,0.0,6.92,Низкая,база спроса ≈4 шт/мес (история 24 мес.); сезонность ×0.50; рост спроса ×1.29; прогноз след. месяц ≈3 шт; остаток 18 + в пути 0,1.0
IEK,030200777_,"Выкл 1-кл перекрестный  10А б/рамки ""BRITE"" алюминий (1/100)",33.0,0.0,15.9,0.0,2.08,Низкая,база спроса ≈7 шт/мес (история 15 мес.); сезонность ×2.14; рост спроса ×1.06; прогноз след. месяц ≈16 шт; остаток 33 + в пути 0,1.0
IEK,030200778_,"Выкл 1-кл перекрестный  б/рамки 10А ""BRITE"" сталь (1/100)",48.0,0.0,3.0,0.0,16.0,Низкая,база спроса ≈5 шт/мес (история 15 мес.); сезонность ×1.00; снижение спроса ×0.60; прогноз след. месяц ≈3 шт; остаток 48 + в пути 0,1.0
IEK,030200779_,"Выкл 1-кл перекрестный  б/рамки 10А ""BRITE"" графит (1/100)",24.0,0.0,0.4,0.0,60.0,Низкая,база спроса ≈4 шт/мес (история 25 мес.); сезонность ×0.10; снижение спроса ×0.96; прогноз след. месяц ≈0 шт; остаток 24 + в пути 0,1.0
IEK,030200780_,"Выкл 1-кл перекрестный 10А б/рамки ""BRITE"" чёрный (1/100)",77.0,0.0,10.0,0.0,7.7,Низкая,база спроса ≈14 шт/мес (история 30 мес.); сезонность ×1.38; снижение спроса ×0.50; продажи скорректированы вверх из-за дефицита на складе; прогноз след. месяц ≈10 шт; остаток 77 + в пути 0,1.0
IEK,030200785_,"Роз. 2-я RJ11+RJ45 кат.5E б/рамки ""BRITE"" графит (1/100)",16.0,0.0,2.0,0.0,8.0,Низкая,база спроса ≈4 шт/мес (история 11 мес.); снижение спроса ×0.50; прогноз след. месяц ≈2 шт; остаток 16 + в пути 0,1.0
IEK,030200786_,BRITE Розетка двойная RJ11+RJ45 кат.5E РК/Т12-БрМ маренго IEK,45.0,0.0,1.0,0.0,45.0,Низкая,база спроса ≈1 шт/мес (история 1 мес.); прогноз след. месяц ≈1 шт; остаток 45 + в пути 0,1.0
IEK,030200787_,"Роз. 2-я RJ11+RJ45 кат.5E б/рамки ""BRITE"" черный (1/100)",2.0,0.0,0.7,0.0,2.86,Низкая,база спроса ≈2 шт/мес (история 12 мес.); сезонность ×0.67; снижение спроса ×0.69; прогноз след. месяц ≈1 шт; остаток 2 + в пути 0,1.0
IEK,030200789_,"Рамка 5-мест. ""BRITE"" маренго (1/100)",67.0,0.0,0.5,0.0,134.0,Низкая,база спроса ≈1 шт/мес (история 11 мес.); снижение спроса ×0.50; прогноз след. месяц ≈0 шт; остаток 67 + в пути 0,1.0
IEK,030200809_,"Роз. HDMI б/рамки ""BRITE"" маренго (1/100)",18.0,0.0,3.0,0.0,6.0,Низкая,база спроса ≈3 шт/мес (история 5 мес.); прогноз след. месяц ≈3 шт; остаток 18 + в пути 0,1.0
IEK,030200810_,"Роз. с з/к 16А б/рамки ""BRITE"" темная бронза (1/100)",53.0,0.0,11.8,0.0,4.49,Низкая,база спроса ≈31 шт/мес (история 32 мес.); сезонность ×0.77; снижение спроса ×0.50; прогноз след. месяц ≈12 шт; остаток 53 + в пути 0,1.0
IEK,030200811_,"Выкл 1-кл. 10А б/рамки ""BRITE"" темная бронза (1/100)",47.0,0.0,23.4,0.0,2.01,Низкая,база спроса ≈22 шт/мес (история 32 мес.); сезонность ×0.58; рост спроса ×1.80; прогноз след. месяц ≈23 шт; остаток 47 + в пути 0,1.0
IEK,030200813_,"Выкл 2-кл. 10А б/рамки ""BRITE"" темная бронза (1/100)",41.0,0.0,8.2,0.0,5.0,Низкая,база спроса ≈9 шт/мес (история 30 мес.); сезонность ×1.04; снижение спроса ×0.89; прогноз след. месяц ≈8 шт; остаток 41 + в пути 0,1.0
IEK,030200814_,"Выкл 2-кл. с инд. 10А б/рамки ""BRITE"" темная бронза (1/100)",38.0,0.0,2.0,0.0,19.0,Низкая,база спроса ≈2 шт/мес (история 5 мес.); прогноз след. месяц ≈2 шт; остаток 38 + в пути 0,1.0
IEK,030200815_,"Роз. комп. RJ45 кат.5E б/рамки ""BRITE"" темная бронза (1/100)",29.0,0.0,0.4,0.0,72.5,Низкая,база спроса ≈3 шт/мес (история 22 мес.); сезонность ×0.25; снижение спроса ×0.50; прогноз след. месяц ≈0 шт; остаток 29 + в пути 0,1.0
IEK,030200816_,"Выкл 1-кл. прох. 10А б/рамки ""BRITE"" темная бронза (1/100)",62.0,0.0,2.5,0.0,24.8,Низкая,база спроса ≈4 шт/мес (история 21 мес.); сезонность ×1.00; снижение спроса ×0.61; прогноз след. месяц ≈2 шт; остаток 62 + в пути 0,1.0
IEK,030200817_,"Роз. 2-я с з/к без з/ш 16А в сб. ""BRITE"" темная бронза (1/100)",27.0,0.0,7.1,0.0,3.8,Низкая,база спроса ≈13 шт/мес (история 27 мес.); сезонность ×0.65; снижение спроса ×0.83; прогноз след. месяц ≈7 шт; остаток 27 + в пути 0,1.0
IEK,030200818_,"Роз. 2-я с з/к 16А в сб. ""BRITE"" темная бронза (1/100)",12.0,0.0,1.1,0.0,10.91,Низкая,база спроса ≈4 шт/мес (история 14 мес.); сезонность ×0.22; рост спроса ×1.14; прогноз след. месяц ≈1 шт; остаток 12 + в пути 0,1.0
IEK,030200819_,"Рамка 1-мест. ""BRITE"" темная бронза (1/100)",162.0,0.0,14.0,0.0,11.57,Низкая,база спроса ≈54 шт/мес (история 32 мес.); сезонность ×0.50; снижение спроса ×0.52; прогноз след. месяц ≈14 шт; остаток 162 + в пути 0,1.0
IEK,030200820_,"Рамка 2-мест. ""BRITE"" темная бронза (1/100)",90.0,0.0,5.5,0.0,16.36,Низкая,база спроса ≈9 шт/мес (история 30 мес.); сезонность ×0.59; рост спроса ×1.02; прогноз след. месяц ≈6 шт; остаток 90 + в пути 0,1.0
IEK,030200822_,"Рамка 4-мест. ""BRITE"" темная бронза (1/100)",26.0,0.0,1.9,0.0,13.68,Низкая,база спроса ≈5 шт/мес (история 22 мес.); сезонность ×0.25; рост спроса ×1.52; прогноз след. месяц ≈2 шт; остаток 26 + в пути 0,1.0
IEK,030200823_,"Выкл 2-кл. прох. 10А б/рамки ""BRITE"" темная бронза (1/100)",27.0,0.0,6.2,0.0,4.35,Низкая,база спроса ≈5 шт/мес (история 16 мес.); сезонность ×1.00; рост спроса ×1.25; исключено разовых крупных заказов: 1; прогноз след. месяц ≈6 шт; остаток 27 + в пути 0,1.0
IEK,030200824_,"Выкл 3-кл. 10А б/рамки ""BRITE"" темная бронза (1/100)",161.0,0.0,0.8,0.0,201.25,Низкая,база спроса ≈4 шт/мес (история 18 мес.); сезонность ×0.29; снижение спроса ×0.78; прогноз след. месяц ≈1 шт; остаток 161 + в пути 0,1.0
IEK,030200825_,"Роз. TV окон б/рамки ""BRITE"" темная бронза (1/100)",93.0,0.0,2.0,0.0,46.5,Низкая,база спроса ≈1 шт/мес (история 11 мес.); рост спроса ×2.00; прогноз след. месяц ≈2 шт; остаток 93 + в пути 0,1.0
IEK,030200826_,"Роз. HDMI б/рамки ""BRITE"" темная бронза (1/100)",39.0,0.0,4.0,0.0,9.75,Низкая,база спроса ≈4 шт/мес (история 3 мес.); прогноз след. месяц ≈4 шт; остаток 39 + в пути 0,1.0
IEK,030200827_,"Роз. с з/к/ш 16А б/рамки ""BRITE"" бежевый (1/100)",628.0,0.0,138.9,0.0,4.52,Низкая,база спроса ≈159 шт/мес (история 32 мес.); сезонность ×1.28; снижение спроса ×0.68; прогноз след. месяц ≈139 шт; остаток 628 + в пути 0,1.0
IEK,030200828_,"Выкл 1-кл. 10А б/рамки ""BRITE"" бежевый (1/100)",263.0,0.0,18.1,0.0,14.53,Низкая,база спроса ≈49 шт/мес (история 32 мес.); сезонность ×0.65; снижение спроса ×0.57; исключено разовых крупных заказов: 1; прогноз след. месяц ≈18 шт; остаток 263 + в пути 0,1.0
IEK,030200830_,"Выкл 2-кл. 10А б/рамки ""BRITE"" бежевый (1/100)",61.0,0.0,14.4,0.0,4.24,Низкая,база спроса ≈34 шт/мес (история 32 мес.); сезонность ×0.81; снижение спроса ×0.52; прогноз след. месяц ≈14 шт; остаток 61 + в пути 0,1.0
IEK,030200831_,"Выкл 2-кл. с инд. 10А б/рамки ""BRITE"" бежевый (1/100)",11.0,0.0,2.5,0.0,4.4,Низкая,база спроса ≈3 шт/мес (история 10 мес.); снижение спроса ×0.83; прогноз след. месяц ≈2 шт; остаток 11 + в пути 0,1.0
IEK,030200832_,"Роз. комп. RJ45 кат.5E б/рамки ""BRITE"" бежевый (1/100)",48.0,0.0,8.9,0.0,5.39,Низкая,база спроса ≈9 шт/мес (история 28 мес.); сезонность ×1.00; рост спроса ×1.02; исключено разовых крупных заказов: 1; прогноз след. месяц ≈9 шт; остаток 48 + в пути 0,1.0
IEK,030200834_,"Роз. 2-мест. с з/к 16А в сборе ""BRITE"" ""BRITE"" бежевый (1/100)",80.0,0.0,37.8,0.0,2.12,Низкая,база спроса ≈22 шт/мес (история 30 мес.); сезонность ×1.46; рост спроса ×1.20; прогноз след. месяц ≈38 шт; остаток 80 + в пути 0,1.0
IEK,030200835_,"Роз. 2-я с з/к/ш 16А в сб. ""BRITE"" бежевый (1/100)",11.0,0.0,4.1,0.0,2.68,Низкая,база спроса ≈9 шт/мес (история 20 мес.); сезонность ×0.44; рост спроса ×1.02; продажи скорректированы вверх из-за дефицита на складе; прогноз след. месяц ≈4 шт; остаток 11 + в пути 0,1.0
IEK,030200836_,"Рамка 1-мест. ""BRITE"" бежевый (1/100)",792.0,0.0,71.2,0.0,11.12,Низкая,база спроса ≈122 шт/мес (история 32 мес.); сезонность ×0.80; снижение спроса ×0.73; исключено разовых крупных заказов: 2; прогноз след. месяц ≈71 шт; остаток 792 + в пути 0,1.0
IEK,030200837_,"Рамка 2-мест. ""BRITE"" бежевый (1/100)",214.0,0.0,16.4,0.0,13.05,Низкая,база спроса ≈47 шт/мес (история 31 мес.); сезонность ×0.66; снижение спроса ×0.53; прогноз след. месяц ≈16 шт; остаток 214 + в пути 0,1.0
IEK,030200838_,"Рамка 3-мест. ""BRITE"" бежевый (1/100)",48.0,0.0,5.5,0.0,8.73,Низкая,база спроса ≈17 шт/мес (история 32 мес.); сезонность ×0.35; снижение спроса ×0.94; прогноз след. месяц ≈6 шт; остаток 48 + в пути 0,1.0
IEK,030200839_,"Рамка 4-мест. ""BRITE"" бежевый (1/100)",29.0,0.0,3.1,0.0,9.35,Низкая,база спроса ≈9 шт/мес (история 31 мес.); сезонность ×0.45; снижение спроса ×0.77; прогноз след. месяц ≈3 шт; остаток 29 + в пути 0,1.0
IEK,030200840_,"Выкл 2-кл. прох. 10А б/рамки ""BRITE"" бежевый (1/100)",28.0,0.0,4.4,0.0,6.36,Низкая,база спроса ≈7 шт/мес (история 26 мес.); сезонность ×1.00; снижение спроса ×0.66; прогноз след. месяц ≈4 шт; остаток 28 + в пути 0,1.0
IEK,030200841_,"Выкл 3-кл. 10А б/рамки ""BRITE"" бежевый (1/100)",29.0,0.0,5.0,0.0,5.8,Низкая,база спроса ≈2 шт/мес (история 16 мес.); сезонность ×1.25; рост спроса ×2.00; прогноз след. месяц ≈5 шт; остаток 29 + в пути 0,1.0
IEK,030200842_,"Роз. 2-я с кр. 16А в сб IP44 ""BRITE"" бежевый (1/100)",189.0,0.0,0.8,0.0,236.25,Низкая,база спроса ≈2 шт/мес (история 8 мес.); снижение спроса ×0.50; прогноз след. месяц ≈1 шт; остаток 189 + в пути 0,1.0
IEK,030200843_,"Роз. комп. 2-ая RJ45 кат.5E б/рамки ""BRITE"" бежевый (1/100)",21.0,0.0,9.8,0.0,2.14,Низкая,база спроса ≈7 шт/мес (история 14 мес.); сезонность ×1.00; рост спроса ×1.36; прогноз след. месяц ≈10 шт; остаток 21 + в пути 0,1.0
IEK,030200844_,"Роз. TV окон б/рамки ""BRITE"" бежевый (1/100)",17.0,0.0,1.8,0.0,9.44,Низкая,база спроса ≈2 шт/мес (история 19 мес.); сезонность ×0.50; рост спроса ×2.00; прогноз след. месяц ≈2 шт; остаток 17 + в пути 0,1.0
IEK,030200845_,"Роз. HDMI б/рамки ""BRITE"" бежевый (1/100)",28.0,0.0,4.0,0.0,7.0,Низкая,база спроса ≈4 шт/мес (история 3 мес.); прогноз след. месяц ≈4 шт; остаток 28 + в пути 0,1.0
IEK,030200846_,"Выкл жалюзи 10А б/рамки ""BRITE"" бежевый (1/100)",11.0,0.0,4.0,0.0,2.75,Низкая,база спроса ≈4 шт/мес (история 5 мес.); прогноз след. месяц ≈4 шт; остаток 11 + в пути 0,1.0
IEK,030200848_," Рамка 1-мест. ""BRITE"" металл алюминий (1/100)",9.0,0.0,1.5,0.0,6.0,Низкая,база спроса ≈2 шт/мес (история 10 мес.); прогноз след. месяц ≈2 шт; остаток 9 + в пути 0,1.0
IEK,030200850_," Рамка 2-мест. ""BRITE"" металл алюминий (1/100)",12.0,0.0,1.5,0.0,8.0,Низкая,база спроса ≈2 шт/мес (история 8 мес.); прогноз след. месяц ≈2 шт; остаток 12 + в пути 0,1.0
IEK,030200851_," Рамка 3-мест. ""BRITE"" металл черный (1/50)",18.0,0.0,0.0,0.0,99.0,Низкая,база спроса ≈1 шт/мес (история 14 мес.); сезонность ×-0.40; снижение спроса ×0.50; прогноз след. месяц ≈0 шт; остаток 18 + в пути 0,1.0
IEK,030200852_," Рамка 3-мест. ""BRITE"" металл алюминий (1/50)",19.0,0.0,0.0,0.0,99.0,Низкая,база спроса ≈-0 шт/мес (история 4 мес.); прогноз след. месяц ≈0 шт; остаток 19 + в пути 0,1.0
IEK,030200853_," Рамка 4-мест. ""BRITE"" металл черный (1/50)",7.0,0.0,2.0,0.0,3.5,Низкая,база спроса ≈1 шт/мес (история 9 мес.); рост спроса ×2.00; прогноз след. месяц ≈2 шт; остаток 7 + в пути 0,1.0
IEK,030200854_," Рамка 4-мест. ""BRITE"" металл алюминий (1/50)",17.0,0.0,1.0,0.0,17.0,Низкая,база спроса ≈1 шт/мес (история 3 мес.); прогноз след. месяц ≈1 шт; остаток 17 + в пути 0,1.0
IEK,030200856_," Рамка 1-мест. ""BRITE"" стекло черный (1/100)",19.0,0.0,3.3,0.0,5.76,Низкая,база спроса ≈8 шт/мес (история 20 мес.); сезонность ×0.88; снижение спроса ×0.50; прогноз след. месяц ≈3 шт; остаток 19 + в пути 0,1.0
IEK,030200857_," Рамка 2-мест. ""BRITE"" стекло белый (1/100)",10.0,0.0,0.0,0.0,99.0,Низкая,база спроса ≈12 шт/мес (история 15 мес.); сезонность ×-0.79; рост спроса ×1.52; прогноз след. месяц ≈0 шт; остаток 10 + в пути 0,1.0
IEK,030200858_," Рамка 2-мест. ""BRITE"" стекло черный (1/100)",13.0,0.0,0.0,0.0,99.0,Низкая,база спроса ≈4 шт/мес (история 15 мес.); сезонность ×-4.25; рост спроса ×2.00; прогноз след. месяц ≈0 шт; остаток 13 + в пути 0,1.0
IEK,030200859_," Рамка 3-мест. ""BRITE"" стекло белый (1/50)",15.0,0.0,7.3,0.0,2.05,Низкая,база спроса ≈4 шт/мес (история 14 мес.); сезонность ×1.00; рост спроса ×1.63; прогноз след. месяц ≈7 шт; остаток 15 + в пути 0,1.0
IEK,030200860_," Рамка 3-мест. ""BRITE"" стекло черный (1/50)",3.0,0.0,0.0,0.0,99.0,Низкая,база спроса ≈1 шт/мес (история 15 мес.); сезонность ×-3.00; рост спроса ×2.00; прогноз след. месяц ≈0 шт; остаток 3 + в пути 0,1.0
IEK,030200861_," Рамка 4-мест. ""BRITE"" стекло белый (1/50)",19.0,0.0,0.0,0.0,99.0,Низкая,база спроса ≈4 шт/мес (история 13 мес.); сезонность ×-0.75; снижение спроса ×0.50; прогноз след. месяц ≈0 шт; остаток 19 + в пути 0,1.0
IEK,030200864_," Рамка 1-мест. ""BRITE"" стекло ванильный (1/100)",55.0,0.0,13.8,0.0,3.99,Низкая,база спроса ≈9 шт/мес (история 27 мес.); сезонность ×2.12; снижение спроса ×0.75; прогноз след. месяц ≈14 шт; остаток 55 + в пути 0,1.0
IEK,030200866_," Рамка 1-мест. ""BRITE"" стекло темная бронза (1/100)",22.0,0.0,0.0,0.0,99.0,Низкая,база спроса ≈7 шт/мес (история 16 мес.); сезонность ×-0.67; рост спроса ×1.50; прогноз след. месяц ≈0 шт; остаток 22 + в пути 0,1.0
IEK,030200867_,"Выкл 1-кл. прох. с инд б/рамки 10А ""BRITE"" алюминий (1/100)",111.0,0.0,7.0,0.0,15.86,Низкая,база спроса ≈7 шт/мес (история 3 мес.); прогноз след. месяц ≈7 шт; остаток 111 + в пути 0,1.0
IEK,030200868_,"Роз 2-я с кр.  16А в сб IP44 ""BRITE"" алюминий (1/100)",46.0,0.0,5.0,0.0,9.2,Низкая,база спроса ≈5 шт/мес (история 3 мес.); прогноз след. месяц ≈5 шт; остаток 46 + в пути 0,1.0
IEK,030200869_,"Роз 2-ая комп. RJ45 кат.5E б/рамки ""BRITE"" алюминий (1/100)",35.0,0.0,6.2,0.0,5.65,Низкая,база спроса ≈6 шт/мес (история 12 мес.); сезонность ×1.00; рост спроса ×1.13; прогноз след. месяц ≈6 шт; остаток 35 + в пути 0,1.0
IEK,030200870_,"Выкл 1-кл. прох. с инд б/рамки 10А ""BRITE"" жемчуг (1/100)",153.0,0.0,7.0,0.0,21.86,Низкая,база спроса ≈7 шт/мес (история 4 мес.); прогноз след. месяц ≈7 шт; остаток 153 + в пути 0,1.0
IEK,030200871_,"Роз 2-я с кр. 16А в сб IP44 ""BRITE"" жемчуг (1/100)",37.0,0.0,2.0,0.0,18.5,Низкая,база спроса ≈2 шт/мес (история 5 мес.); прогноз след. месяц ≈2 шт; остаток 37 + в пути 0,1.0
IEK,030200872_,"Роз 2-ая комп. RJ45 кат.5E б/рамки ""BRITE"" жемчуг (1/100)",10.0,0.0,2.9,0.0,3.45,Низкая,база спроса ≈4 шт/мес (история 12 мес.); сезонность ×1.00; снижение спроса ×0.82; прогноз след. месяц ≈3 шт; остаток 10 + в пути 0,1.0
IEK,030200873_,"Выкл 1-кл. прох. с инд. б/рамки 10А ""BRITE"" шампань (1/100)",127.0,0.0,2.0,0.0,63.5,Низкая,база спроса ≈2 шт/мес (история 3 мес.); прогноз след. месяц ≈2 шт; остаток 127 + в пути 0,1.0
IEK,030200874_,"Выкл 1-кл. прох. с инд.  10А ""BRITE"" графит (1/100)",39.0,0.0,0.8,0.0,48.75,Низкая,база спроса ≈2 шт/мес (история 10 мес.); снижение спроса ×0.50; прогноз след. месяц ≈1 шт; остаток 39 + в пути 0,1.0
IEK,030200875_,"Розетка 2-ая компьютерная RJ45 кат.5E ""BRITE"" графит (1/100)",36.0,0.0,0.0,0.0,99.0,Низкая,база спроса ≈22 шт/мес (история 26 мес.); сезонность ×-0.07; рост спроса ×2.00; прогноз след. месяц ≈0 шт; остаток 36 + в пути 0,1.0
IEK,030200876_,"Выкл 1-кл. прох. с инд.  10А ""BRITE"" чёрный (1/100)",78.0,0.0,2.0,0.0,39.0,Низкая,база спроса ≈2 шт/мес (история 11 мес.); прогноз след. месяц ≈2 шт; остаток 78 + в пути 0,1.0
IEK,030200877_,"Роз 2-ая комп. RJ45 кат.5E ""BRITE"" чёрный (1/100)",60.0,0.0,9.0,0.0,6.67,Низкая,база спроса ≈21 шт/мес (история 26 мес.); сезонность ×0.25; рост спроса ×1.71; прогноз след. месяц ≈9 шт; остаток 60 + в пути 0,1.0
IEK,030200878_,"Выкл 1-кл. прох. с инд. 10А ""BRITE"" сталь (1/100)",123.0,0.0,1.5,0.0,82.0,Низкая,база спроса ≈2 шт/мес (история 4 мес.); прогноз след. месяц ≈2 шт; остаток 123 + в пути 0,1.0
IEK,030200879_,"Роз 2-ая комп. RJ45 кат.5E ""BRITE"" сталь (1/100)",18.0,0.0,5.5,0.0,3.27,Низкая,база спроса ≈6 шт/мес (история 9 мес.); снижение спроса ×0.91; прогноз след. месяц ≈6 шт; остаток 18 + в пути 0,1.0
IEK,030200885_,"Светорег. пов-наж. 600Вт ""BRITE"" черный (1/80)",8.0,0.0,4.0,0.0,2.0,Низкая,база спроса ≈2 шт/мес (история 26 мес.); сезонность ×1.25; рост спроса ×2.00; исключено разовых крупных заказов: 1; прогноз след. месяц ≈4 шт; остаток 8 + в пути 0,1.0
IEK,030200886_,"Заглушка с суппортом ""BRITE"" белый (1/200)",17.0,0.0,2.3,0.0,7.39,Низкая,база спроса ≈4 шт/мес (история 26 мес.); сезонность ×1.08; снижение спроса ×0.50; прогноз след. месяц ≈2 шт; остаток 17 + в пути 0,1.0
IEK,030200889_,"Заглушка c суппортом ""BRITE"" алюминий (1/200)",88.0,0.0,1.5,0.0,58.67,Низкая,база спроса ≈2 шт/мес (история 4 мес.); прогноз след. месяц ≈2 шт; остаток 88 + в пути 0,1.0
IEK,030200890_,"Заглушка c суппортом ""BRITE"" сталь (1/200)",14.0,0.0,0.8,0.0,17.5,Низкая,база спроса ≈2 шт/мес (история 7 мес.); снижение спроса ×0.50; прогноз след. месяц ≈1 шт; остаток 14 + в пути 0,1.0
IEK,030200891_,"Заглушка c суппортом ""BRITE"" графит (1/200)",3.0,0.0,0.9,0.0,3.33,Низкая,база спроса ≈2 шт/мес (история 15 мес.); сезонность ×0.50; снижение спроса ×0.89; прогноз след. месяц ≈1 шт; остаток 3 + в пути 0,1.0
IEK,030200892_,"Заглушка c суппортом ""BRITE"" черный (1/200)",21.0,0.0,2.0,0.0,10.5,Низкая,база спроса ≈3 шт/мес (история 24 мес.); сезонность ×1.08; снижение спроса ×0.71; прогноз след. месяц ≈2 шт; остаток 21 + в пути 0,1.0
IEK,030200893_," Рамка 2-мест. ""BRITE"" стекло серый (1/100)",12.0,0.0,0.0,0.0,99.0,Низкая,база спроса ≈5 шт/мес (история 17 мес.); сезонность ×-0.33; прогноз след. месяц ≈0 шт; остаток 12 + в пути 0,1.0
IEK,030200894_," Рамка 2-мест. ""BRITE"" стекло ванильный (1/100)",33.0,0.0,4.4,0.0,7.5,Низкая,база спроса ≈6 шт/мес (история 22 мес.); сезонность ×1.00; снижение спроса ×0.75; прогноз след. месяц ≈4 шт; остаток 33 + в пути 0,1.0
IEK,030200895_," Рамка 2-мест. ""BRITE"" стекло дымчатый (1/100)",21.0,0.0,3.0,0.0,7.0,Низкая,база спроса ≈6 шт/мес (история 22 мес.); сезонность ×1.00; снижение спроса ×0.50; прогноз след. месяц ≈3 шт; остаток 21 + в пути 0,1.0
IEK,030200897_," Рамка 3-мест. ""BRITE"" стекло серый (1/50)",5.0,0.0,0.0,0.0,99.0,Низкая,база спроса ≈4 шт/мес (история 16 мес.); сезонность ×-0.55; снижение спроса ×0.73; прогноз след. месяц ≈0 шт; остаток 5 + в пути 0,1.0
IEK,030200898_," Рамка 3-мест. ""BRITE"" стекло ванильный (1/50)",8.0,0.0,0.0,0.0,99.0,Низкая,база спроса ≈2 шт/мес (история 18 мес.); сезонность ×-0.80; снижение спроса ×0.83; прогноз след. месяц ≈0 шт; остаток 8 + в пути 0,1.0
IEK,030200899_," Рамка 3-мест. ""BRITE"" стекло дымчатый (1/50)",8.0,0.0,2.3,0.0,3.48,Низкая,база спроса ≈4 шт/мес (история 18 мес.); сезонность ×1.14; снижение спроса ×0.58; прогноз след. месяц ≈2 шт; остаток 8 + в пути 0,1.0
IEK,030200900_," Рамка 3-мест. ""BRITE"" стекло темная бронза (1/50)",5.0,0.0,2.0,0.0,2.5,Низкая,база спроса ≈1 шт/мес (история 9 мес.); рост спроса ×2.00; прогноз след. месяц ≈2 шт; остаток 5 + в пути 0,1.0
IEK,030200901_," Рамка 4-мест. ""BRITE"" стекло серый (1/50)",10.0,0.0,2.0,0.0,5.0,Низкая,база спроса ≈1 шт/мес (история 11 мес.); рост спроса ×2.00; прогноз след. месяц ≈2 шт; остаток 10 + в пути 0,1.0
IEK,030200902_," Рамка 4-мест. ""BRITE"" стекло ванильный (1/50)",12.0,0.0,1.6,0.0,7.5,Низкая,база спроса ≈2 шт/мес (история 13 мес.); сезонность ×1.00; снижение спроса ×0.81; прогноз след. месяц ≈2 шт; остаток 12 + в пути 0,1.0
IEK,030200903_," Рамка 4-мест. ""BRITE"" стекло дымчатый (1/50)",26.0,0.0,4.0,0.0,6.5,Низкая,база спроса ≈2 шт/мес (история 11 мес.); рост спроса ×2.00; прогноз след. месяц ≈4 шт; остаток 26 + в пути 0,1.0
IEK,030200904_," Рамка 4-мест. ""BRITE"" стекло темная бронза (1/50)",4.0,0.0,1.0,0.0,4.0,Низкая,база спроса ≈1 шт/мес (история 6 мес.); прогноз след. месяц ≈1 шт; остаток 4 + в пути 0,1.0
IEK,030200905_,"Вывод кабеля ""BRITE"" белый (1/200)",27.0,0.0,3.5,0.0,7.71,Низкая,база спроса ≈6 шт/мес (история 31 мес.); сезонность ×1.17; снижение спроса ×0.50; прогноз след. месяц ≈4 шт; остаток 27 + в пути 0,1.0
IEK,030200909_,"Вывод кабеля ""BRITE"" сталь (1/200)",7.0,0.0,2.1,0.0,3.33,Низкая,база спроса ≈3 шт/мес (история 18 мес.); сезонность ×1.00; снижение спроса ×0.69; продажи скорректированы вверх из-за дефицита на складе; прогноз след. месяц ≈2 шт; остаток 7 + в пути 0,1.0
IEK,030200910_,"Вывод кабеля ""BRITE"" графит (1/200)",8.0,0.0,3.0,0.0,2.67,Низкая,база спроса ≈3 шт/мес (история 21 мес.); сезонность ×1.88; снижение спроса ×0.53; прогноз след. месяц ≈3 шт; остаток 8 + в пути 0,1.0
IEK,030200911_,"Вывод кабеля ""BRITE"" черный (1/200)",26.0,0.0,6.7,0.0,3.88,Низкая,база спроса ≈4 шт/мес (история 31 мес.); сезонность ×2.70; снижение спроса ×0.66; исключено разовых крупных заказов: 1; прогноз след. месяц ≈7 шт; остаток 26 + в пути 0,1.0
IEK,030200917_,"Роз. USB A+A 3,1А б/рамки ""BRITE"" графит (1/80)",9.0,0.0,0.8,0.0,11.25,Низкая,база спроса ≈2 шт/мес (история 7 мес.); снижение спроса ×0.50; прогноз след. месяц ≈1 шт; остаток 9 + в пути 0,1.0
IEK,030200918_,"Роз. USB A+A 3,1А б/рамки ""BRITE"" черный (1/80)",10.0,0.0,2.1,0.0,4.76,Низкая,база спроса ≈3 шт/мес (история 13 мес.); сезонность ×0.67; рост спроса ×1.07; прогноз след. месяц ≈2 шт; остаток 10 + в пути 0,1.0
IEK,030200923_,"Роз. с з/к с з/ш с кр. 16А IP20 б/рамки ""BRITE"" алюминий (1/100)",15.0,0.0,3.9,0.0,3.85,Низкая,база спроса ≈5 шт/мес (история 21 мес.); сезонность ×1.50; снижение спроса ×0.50; прогноз след. месяц ≈4 шт; остаток 15 + в пути 0,1.0
IEK,030200925_,"Роз. с з/к с з/ш с кр. 16А IP20 б/рамки ""BRITE"" графит (1/100)",39.0,0.0,0.0,0.0,99.0,Низкая,база спроса ≈9 шт/мес (история 31 мес.); сезонность ×0.00; снижение спроса ×0.72; прогноз след. месяц ≈0 шт; остаток 39 + в пути 0,1.0
IEK,030200931_,"Роз. 1-мест. с/з з/ш 16А IP44 б/рамки ""BRITE"" маренго (1/100)",85.0,0.0,10.0,0.0,8.5,Низкая,база спроса ≈5 шт/мес (история 9 мес.); рост спроса ×2.00; прогноз след. месяц ≈10 шт; остаток 85 + в пути 0,1.0
IEK,030200933_,"Выкл 1-кл. перекр 10А б/рамки ""BRITE"" маренго (1/100)",59.0,0.0,0.5,0.0,118.0,Низкая,база спроса ≈1 шт/мес (история 8 мес.); снижение спроса ×0.50; прогноз след. месяц ≈0 шт; остаток 59 + в пути 0,1.0
IEK,030200935_,"Роз. HDMI б/рамки ""BRITE"" белый (1/100)",34.0,0.0,15.8,0.0,2.15,Низкая,база спроса ≈6 шт/мес (история 28 мес.); сезонность ×1.86; рост спроса ×1.35; исключено разовых крупных заказов: 1; прогноз след. месяц ≈16 шт; остаток 34 + в пути 0,1.0
IEK,030200940_,"Роз. HDMI б/рамки ""BRITE"" графит (1/100)",7.0,0.0,1.5,0.0,4.67,Низкая,база спроса ≈3 шт/мес (история 12 мес.); сезонность ×1.00; снижение спроса ×0.50; прогноз след. месяц ≈2 шт; остаток 7 + в пути 0,1.0
IEK,030200941_,"Роз. HDMI б/рамки ""BRITE"" черный (1/100)",11.0,0.0,3.3,0.0,3.33,Низкая,база спроса ≈3 шт/мес (история 26 мес.); сезонность ×2.44; снижение спроса ×0.50; исключено разовых крупных заказов: 1; прогноз след. месяц ≈3 шт; остаток 11 + в пути 0,1.0
IEK,030200943_,"Выкл. жалюзи 10А ""BRITE"" черный (1/100)",35.0,0.0,2.2,0.0,15.91,Низкая,база спроса ≈2 шт/мес (история 12 мес.); сезонность ×1.00; рост спроса ×1.12; прогноз след. месяц ≈2 шт; остаток 35 + в пути 0,1.0
IEK,030200945_,"Выкл. жалюзи 10А ""BRITE"" сталь (1/100)",9.0,0.0,1.1,0.0,8.18,Низкая,база спроса ≈2 шт/мес (история 8 мес.); снижение спроса ×0.73; прогноз след. месяц ≈1 шт; остаток 9 + в пути 0,1.0
IEK,030200946_,"Выкл. жалюзи 10А ""BRITE"" алюминий (1/100)",2.0,0.0,1.0,0.0,2.0,Низкая,база спроса ≈1 шт/мес (история 3 мес.); прогноз след. месяц ≈1 шт; остаток 2 + в пути 0,1.0
IEK,030200947_,"Роз. с з/к с з/ш 16А с USB A+C 18Вт б/рамки ""BRITE"" черный (1/80)",18.0,0.0,4.7,0.0,3.83,Низкая,база спроса ≈4 шт/мес (история 18 мес.); сезонность ×0.75; рост спроса ×1.58; прогноз след. месяц ≈5 шт; остаток 18 + в пути 0,1.0
IEK,030200948_,"Роз. с з/к с з/ш 16А с USB A+C 18Вт б/рамки ""BRITE"" графит (1/80)",21.0,0.0,4.0,0.0,5.25,Низкая,база спроса ≈4 шт/мес (история 5 мес.); продажи скорректированы вверх из-за дефицита на складе; прогноз след. месяц ≈4 шт; остаток 21 + в пути 0,1.0
IEK,030200952_,"Подсветка LED встр. ""BRITE"" черный (1/100)",157.0,0.0,14.6,0.0,10.75,Низкая,база спроса ≈4 шт/мес (история 16 мес.); сезонность ×2.57; рост спроса ×1.62; прогноз след. месяц ≈15 шт; остаток 157 + в пути 0,1.0
IEK,030200959_,"Термостат с инд. ""BRITE"" сталь (1/80)",17.0,0.0,4.4,0.0,3.86,Низкая,база спроса ≈2 шт/мес (история 15 мес.); сезонность ×1.00; рост спроса ×1.87; прогноз след. месяц ≈4 шт; остаток 17 + в пути 0,1.0
IEK,030200961_,"Датчик движения ""BRITE"" белый (1/80)",19.0,0.0,8.1,0.0,2.35,Низкая,база спроса ≈4 шт/мес (история 28 мес.); сезонность ×2.00; рост спроса ×1.12; исключено разовых крупных заказов: 1; прогноз след. месяц ≈8 шт; остаток 19 + в пути 0,1.0
IEK,030200962_,"Датчик движения ""BRITE"" черный (1/80)",7.0,0.0,1.6,0.0,4.38,Низкая,база спроса ≈2 шт/мес (история 17 мес.); сезонность ×0.75; рост спроса ×1.25; прогноз след. месяц ≈2 шт; остаток 7 + в пути 0,1.0
IEK,030200964_,"Датчик движения ""BRITE"" сталь (1/80)",3.0,0.0,1.5,0.0,2.0,Низкая,база спроса ≈2 шт/мес (история 4 мес.); прогноз след. месяц ≈2 шт; остаток 3 + в пути 0,1.0
IEK,030200965_,"Датчик движения ""BRITE"" алюминий (1/80)",9.0,0.0,0.5,0.0,18.0,Низкая,база спроса ≈1 шт/мес (история 6 мес.); снижение спроса ×0.50; прогноз след. месяц ≈0 шт; остаток 9 + в пути 0,1.0
IEK,030200967_,"Роз. с з/к с з/ш 16А с USB A+A 2,1А б/рамки ""BRITE"" черный (1/80)",3.0,0.0,0.5,0.0,6.0,Низкая,база спроса ≈1 шт/мес (история 7 мес.); снижение спроса ×0.50; прогноз след. месяц ≈0 шт; остаток 3 + в пути 0,1.0
IEK,030200969_,"Роз. с з/к с з/ш 16А с USB A+A 2,1А б/рамки ""BRITE"" алюминий (1/80)",4.0,0.0,1.0,0.0,4.0,Низкая,база спроса ≈1 шт/мес (история 1 мес.); прогноз след. месяц ≈1 шт; остаток 4 + в пути 0,1.0
IEK,030200970_,"Выкл. 1-кл. самовозвратн. 10А ""BRITE"" белый (1/100)",71.0,0.0,21.4,0.0,3.32,Низкая,база спроса ≈35 шт/мес (история 25 мес.); сезонность ×0.43; рост спроса ×1.41; продажи скорректированы вверх из-за дефицита на складе; прогноз след. месяц ≈21 шт; остаток 71 + в пути 0,1.0
IEK,030200975_,"Роз. аудио 4-мест. ""BRITE"" белый (1/100)",42.0,0.0,3.5,0.0,12.0,Низкая,база спроса ≈4 шт/мес (история 6 мес.); прогноз след. месяц ≈4 шт; остаток 42 + в пути 0,1.0
IEK,030200977_,"Роз. аудио 4-мест. ""BRITE"" графит (1/100)",8.0,0.0,1.5,0.0,5.33,Низкая,база спроса ≈2 шт/мес (история 4 мес.); прогноз след. месяц ≈2 шт; остаток 8 + в пути 0,1.0
IEK,030200978_,"Роз. аудио 4-мест. ""BRITE"" сталь (1/100)",3.0,0.0,1.0,0.0,3.0,Низкая,база спроса ≈1 шт/мес (история 1 мес.); прогноз след. месяц ≈1 шт; остаток 3 + в пути 0,1.0
IEK,030200980_,"Роз. 2-я TV+SAT б/рамки ""BRITE"" белый (1/100)",4.0,0.0,2.0,0.0,2.0,Низкая,база спроса ≈2 шт/мес (история 5 мес.); прогноз след. месяц ≈2 шт; остаток 4 + в пути 0,1.0
IEK,030200986_,"Светорег. пов-наж. 600Вт ""BRITE"" сталь (1/80)",3.0,0.0,1.3,0.0,2.31,Низкая,база спроса ≈2 шт/мес (история 9 мес.); снижение спроса ×0.63; прогноз след. месяц ≈1 шт; остаток 3 + в пути 0,1.0
IEK,030200988_,"Роз. TV проходная б/рамки ""BRITE"" белый (1/100)",53.0,0.0,5.2,0.0,10.19,Низкая,база спроса ≈3 шт/мес (история 12 мес.); сезонность ×1.00; рост спроса ×2.00; прогноз след. месяц ≈5 шт; остаток 53 + в пути 0,1.0
IEK,030200989_,"Роз. 2-я RJ11+RJ45 кат.5E б/рамки ""BRITE"" сталь (1/100)",14.0,0.0,0.5,0.0,28.0,Низкая,база спроса ≈1 шт/мес (история 8 мес.); снижение спроса ×0.50; продажи скорректированы вверх из-за дефицита на складе; прогноз след. месяц ≈0 шт; остаток 14 + в пути 0,1.0
IEK,030200990_,"Роз. комп. RJ45 кат.6 б/рамки ""BRITE"" белый (1/100)",75.0,0.0,20.0,0.0,3.75,Низкая,база спроса ≈7 шт/мес (история 27 мес.); сезонность ×2.19; рост спроса ×1.27; прогноз след. месяц ≈20 шт; остаток 75 + в пути 0,1.0
IEK,030201017_,"Роз. 1-мест. с з/к с з/ш 16А IP44 б/рамки ""BRITE"" бежевый (1/100)",13.0,0.0,4.1,0.0,3.17,Низкая,база спроса ≈3 шт/мес (история 15 мес.); сезонность ×1.00; рост спроса ×1.37; прогноз след. месяц ≈4 шт; остаток 13 + в пути 0,1.0
IEK,030201019_,"Рамка 5-мест. ""BRITE"" бежевый (1/100)",42.0,0.0,5.5,0.0,7.64,Низкая,база спроса ≈2 шт/мес (история 19 мес.); сезонность ×1.50; рост спроса ×1.84; прогноз след. месяц ≈6 шт; остаток 42 + в пути 0,1.0
IEK,030201020_,"Роз. 1-мест. с з/к 16А б/рамки ""BRITE"" бежевый (1/100)",379.0,0.0,23.8,0.0,15.92,Низкая,база спроса ≈104 шт/мес (история 32 мес.); сезонность ×0.46; снижение спроса ×0.50; прогноз след. месяц ≈24 шт; остаток 379 + в пути 0,1.0
IEK,030201022_,"Роз. 1-мест. с з/к 16А б/рамки ""BRITE"" темная бронза (1/100)",182.0,0.0,1.5,0.0,121.33,Низкая,база спроса ≈30 шт/мес (история 28 мес.); сезонность ×0.10; снижение спроса ×0.50; прогноз след. месяц ≈2 шт; остаток 182 + в пути 0,1.0
IEK,030201032_,BRITE Рамка 5-местная РУ-5-БрТБ темная бронза IEK,28.0,0.0,2.0,0.0,14.0,Низкая,база спроса ≈1 шт/мес (история 6 мес.); рост спроса ×2.00; прогноз след. месяц ≈2 шт; остаток 28 + в пути 0,1.0
IEK,030201034_," Рамка 1-мест. ""BRITE""  металл латунь RE  IEK  (1/100)",19.0,0.0,0.5,0.0,38.0,Низкая,база спроса ≈1 шт/мес (история 7 мес.); снижение спроса ×0.50; прогноз след. месяц ≈0 шт; остаток 19 + в пути 0,1.0
IEK,030201035_," Рамка 2-мест. ""BRITE""  металл латунь RE  IEK  (1/100)",12.0,0.0,5.0,0.0,2.4,Низкая,база спроса ≈5 шт/мес (история 1 мес.); прогноз след. месяц ≈5 шт; остаток 12 + в пути 0,1.0
IEK,030201036_," Рамка 3-мест. ""BRITE""  металл латунь RE  IEK  (1/50)",13.0,0.0,2.0,0.0,6.5,Низкая,база спроса ≈2 шт/мес (история 3 мес.); прогноз след. месяц ≈2 шт; остаток 13 + в пути 0,1.0
IEK,030201049_,BRITE Выключатель 1-клавишный перекрестный 10А ВС10-1-3-БрТБ темная бронза IEK,83.0,0.0,2.0,0.0,41.5,Низкая,база спроса ≈2 шт/мес (история 5 мес.); прогноз след. месяц ≈2 шт; остаток 83 + в пути 0,1.0
IEK,030201052_," Рамка 1-мест. ""BRITE""  бел./бел.  IEK  (1/100)",26.0,0.0,2.4,0.0,10.83,Низкая,база спроса ≈4 шт/мес (история 6 мес.); снижение спроса ×0.59; прогноз след. месяц ≈2 шт; остаток 26 + в пути 0,1.0
IEK,030201054_," Рамка 3-мест. ""BRITE""  бел./бел.  IEK  (1/100)",13.0,0.0,2.0,0.0,6.5,Низкая,база спроса ≈2 шт/мес (история 2 мес.); прогноз след. месяц ≈2 шт; остаток 13 + в пути 0,1.0
IEK,030201055_," Рамка 1-мест. ""BRITE""  беж./жемч.  IEK  (1/100)",17.0,0.0,1.5,0.0,11.33,Низкая,база спроса ≈2 шт/мес (история 2 мес.); прогноз след. месяц ≈2 шт; остаток 17 + в пути 0,1.0
IEK,030201063_," Рамка 1-мест. ""BRITE""  беж./шамп.  IEK  (1/100)",42.0,0.0,11.5,0.0,3.65,Низкая,база спроса ≈12 шт/мес (история 6 мес.); снижение спроса ×0.92; прогноз след. месяц ≈12 шт; остаток 42 + в пути 0,1.0
IEK,030201064_," Рамка 1-мест. ""BRITE""  алюм./алюм.  IEK  (1/100)",11.0,0.0,1.0,0.0,11.0,Низкая,база спроса ≈1 шт/мес (история 5 мес.); прогноз след. месяц ≈1 шт; остаток 11 + в пути 0,1.0
IEK,030201065_," Рамка 1-мест. ""BRITE""  хром/черн.  IEK  (1/100)",25.0,0.0,2.6,0.0,9.62,Низкая,база спроса ≈5 шт/мес (история 10 мес.); снижение спроса ×0.51; прогноз след. месяц ≈3 шт; остаток 25 + в пути 0,1.0
IEK,030201066_," Рамка 1-мест. ""BRITE""  бел. рифленый  IEK  (1/100)",15.0,0.0,3.1,0.0,4.84,Низкая,база спроса ≈2 шт/мес (история 7 мес.); рост спроса ×1.23; прогноз след. месяц ≈3 шт; остаток 15 + в пути 0,1.0
IEK,030201067_," Рамка 1-мест. ""BRITE""  беж. рифленый  IEK  (1/100)",33.0,0.0,3.3,0.0,10.0,Низкая,база спроса ≈4 шт/мес (история 9 мес.); снижение спроса ×0.95; прогноз след. месяц ≈3 шт; остаток 33 + в пути 0,1.0
IEK,030201068_," Рамка 2-мест. ""BRITE""  беж./шамп.  IEK  (1/100)",20.0,0.0,9.4,0.0,2.13,Низкая,база спроса ≈8 шт/мес (история 6 мес.); рост спроса ×1.11; прогноз след. месяц ≈9 шт; остаток 20 + в пути 0,1.0
IEK,030201069_," Рамка 2-мест. ""BRITE""  алюм./алюм.  IEK  (1/100)",4.0,0.0,1.5,0.0,2.67,Низкая,база спроса ≈2 шт/мес (история 2 мес.); прогноз след. месяц ≈2 шт; остаток 4 + в пути 0,1.0
IEK,030201070_," Рамка 3-мест. ""BRITE""  алюм./алюм.  IEK  (1/100)",29.0,0.0,6.0,0.0,4.83,Низкая,база спроса ≈6 шт/мес (история 1 мес.); прогноз след. месяц ≈6 шт; остаток 29 + в пути 0,1.0
IEK,030201071_," Рамка 4-мест. ""BRITE""  алюм./алюм.  IEK  (1/100)",5.0,0.0,2.0,0.0,2.5,Низкая,база спроса ≈2 шт/мес (история 1 мес.); прогноз след. месяц ≈2 шт; остаток 5 + в пути 0,1.0
IEK,030201073_," Рамка 2-мест. ""BRITE""  хром/черн.  IEK  (1/100)",16.0,0.0,0.8,0.0,20.0,Низкая,база спроса ≈2 шт/мес (история 7 мес.); снижение спроса ×0.50; прогноз след. месяц ≈1 шт; остаток 16 + в пути 0,1.0
IEK,030201074_," Рамка 2-мест. ""BRITE""  бел. рифленый  IEK  (1/100)",4.0,0.0,2.0,0.0,2.0,Низкая,база спроса ≈2 шт/мес (история 3 мес.); прогноз след. месяц ≈2 шт; остаток 4 + в пути 0,1.0
IEK,030201075_," Рамка 2-мест. ""BRITE""  беж. рифленый  IEK  (1/100)",13.0,0.0,5.0,0.0,2.6,Низкая,база спроса ≈2 шт/мес (история 9 мес.); рост спроса ×2.00; прогноз след. месяц ≈5 шт; остаток 13 + в пути 0,1.0
IEK,030201076_," Рамка 3-мест. ""BRITE""  беж./шамп.  IEK  (1/100)",10.0,0.0,5.0,0.0,2.0,Низкая,база спроса ≈5 шт/мес (история 5 мес.); прогноз след. месяц ≈5 шт; остаток 10 + в пути 0,1.0
IEK,030201077_," Рамка 4-мест. ""BRITE""  бел./бел.  IEK  (1/100)",12.0,0.0,3.0,0.0,4.0,Низкая,база спроса ≈3 шт/мес (история 1 мес.); прогноз след. месяц ≈3 шт; остаток 12 + в пути 0,1.0
IEK,030201080_," Рамка 3-мест. ""BRITE""  хром/никель  IEK  (1/100)",13.0,0.0,4.0,0.0,3.25,Низкая,база спроса ≈4 шт/мес (история 1 мес.); прогноз след. месяц ≈4 шт; остаток 13 + в пути 0,1.0
IEK,030201081_," Рамка 3-мест. ""BRITE""  хром/черн.  IEK  (1/100)",11.0,0.0,3.0,0.0,3.67,Низкая,база спроса ≈3 шт/мес (история 3 мес.); прогноз след. месяц ≈3 шт; остаток 11 + в пути 0,1.0
IEK,030201082_," Рамка 3-мест. ""BRITE""  бел. рифленый  IEK  (1/100)",7.0,0.0,1.0,0.0,7.0,Низкая,база спроса ≈1 шт/мес (история 3 мес.); прогноз след. месяц ≈1 шт; остаток 7 + в пути 0,1.0
IEK,030201083_," Рамка 3-мест. ""BRITE""  беж. рифленый  IEK  (1/100)",7.0,0.0,2.0,0.0,3.5,Низкая,база спроса ≈1 шт/мес (история 7 мес.); рост спроса ×2.00; прогноз след. месяц ≈2 шт; остаток 7 + в пути 0,1.0
IEK,030201084_," Рамка 4-мест. ""BRITE""  хром/черн.  IEK  (1/100)",14.0,0.0,4.5,0.0,3.11,Низкая,база спроса ≈4 шт/мес (история 2 мес.); прогноз след. месяц ≈4 шт; остаток 14 + в пути 0,1.0
IEK,030201085_," Рамка 4-мест. ""BRITE""  бел. рифленый  IEK  (1/100)",12.0,0.0,2.5,0.0,4.8,Низкая,база спроса ≈2 шт/мес (история 2 мес.); прогноз след. месяц ≈2 шт; остаток 12 + в пути 0,1.0
IEK,030201086_," Рамка 4-мест. ""BRITE""  беж. рифленый  IEK  (1/100)",11.0,0.0,1.0,0.0,11.0,Низкая,база спроса ≈1 шт/мес (история 3 мес.); прогноз след. месяц ≈1 шт; остаток 11 + в пути 0,1.0
IEK,030201087_," Рамка 1-мест. ""BRITE""  стекло бел. матовый  IEK  (1/100)",15.0,0.0,6.8,0.0,2.21,Низкая,база спроса ≈6 шт/мес (история 9 мес.); рост спроса ×1.14; прогноз след. месяц ≈7 шт; остаток 15 + в пути 0,1.0
IEK,030201089_," Рамка 1-мест. ""BRITE""  стекло маренго матовый  IEK  (1/100)",4.0,0.0,2.0,0.0,2.0,Низкая,база спроса ≈2 шт/мес (история 3 мес.); прогноз след. месяц ≈2 шт; остаток 4 + в пути 0,1.0
IEK,030201090_," Рамка 1-мест. ""BRITE""  стекло бел. RE  IEK  (1/100)",11.0,0.0,2.0,0.0,5.5,Низкая,база спроса ≈4 шт/мес (история 14 мес.); сезонность ×1.00; снижение спроса ×0.57; прогноз след. месяц ≈2 шт; остаток 11 + в пути 0,1.0
IEK,030201091_," Рамка 1-мест. ""BRITE""  стекло черн. RE  IEK  (1/100)",46.0,0.0,22.0,0.0,2.09,Низкая,база спроса ≈11 шт/мес (история 11 мес.); рост спроса ×2.00; прогноз след. месяц ≈22 шт; остаток 46 + в пути 0,1.0
IEK,030201092_," Рамка 1-мест. ""BRITE""  стекло графит RE  IEK  (1/100)",13.0,0.0,1.0,0.0,13.0,Низкая,база спроса ≈2 шт/мес (история 6 мес.); снижение спроса ×0.50; прогноз след. месяц ≈1 шт; остаток 13 + в пути 0,1.0
IEK,030201093_," Рамка 1-мест. ""BRITE""  стекло песчаный RE  IEK  (1/100)",29.0,0.0,6.0,0.0,4.83,Низкая,база спроса ≈12 шт/мес (история 10 мес.); снижение спроса ×0.50; прогноз след. месяц ≈6 шт; остаток 29 + в пути 0,1.0
IEK,030201094_," Рамка 1-мест. ""BRITE""  металл черн. RE  IEK  (1/100)",19.0,0.0,2.0,0.0,9.5,Низкая,база спроса ≈2 шт/мес (история 5 мес.); прогноз след. месяц ≈2 шт; остаток 19 + в пути 0,1.0
IEK,030201096_," Рамка 1-мест. ""BRITE""  металл титан RE  IEK  (1/100)",13.0,0.0,1.0,0.0,13.0,Низкая,база спроса ≈1 шт/мес (история 4 мес.); прогноз след. месяц ≈1 шт; остаток 13 + в пути 0,1.0
IEK,030201098_," Рамка 1-мест. ""BRITE""  металл коричн. RE AL  IEK  (1/100)",18.0,0.0,1.0,0.0,18.0,Низкая,база спроса ≈1 шт/мес (история 5 мес.); прогноз след. месяц ≈1 шт; остаток 18 + в пути 0,1.0
IEK,030201099_," Рамка 1-мест. ""BRITE""  металл шамп. RE AL  IEK  (1/100)",133.0,0.0,5.2,0.0,25.58,Низкая,база спроса ≈10 шт/мес (история 9 мес.); снижение спроса ×0.50; прогноз след. месяц ≈5 шт; остаток 133 + в пути 0,1.0
IEK,030201100_," Рамка 1-мест. ""BRITE""  металл алюм. RE AL  IEK  (1/100)",18.0,0.0,9.0,0.0,2.0,Низкая,база спроса ≈9 шт/мес (история 5 мес.); прогноз след. месяц ≈9 шт; остаток 18 + в пути 0,1.0
IEK,030201101_," Рамка 4-мест. ""BRITE""  хром/никель  IEK  (1/100)",16.0,0.0,1.0,0.0,16.0,Низкая,база спроса ≈1 шт/мес (история 1 мес.); прогноз след. месяц ≈1 шт; остаток 16 + в пути 0,1.0
IEK,030201102_," Рамка 2-мест. ""BRITE""  стекло бел. матовый  IEK  (1/100)",17.0,0.0,3.0,0.0,5.67,Низкая,база спроса ≈6 шт/мес (история 7 мес.); снижение спроса ×0.50; прогноз след. месяц ≈3 шт; остаток 17 + в пути 0,1.0
IEK,030201103_," Рамка 2-мест. ""BRITE""  стекло черн. матовый  IEK  (1/100)",10.0,0.0,3.0,0.0,3.33,Низкая,база спроса ≈3 шт/мес (история 4 мес.); прогноз след. месяц ≈3 шт; остаток 10 + в пути 0,1.0
IEK,030201104_," Рамка 2-мест. ""BRITE""  стекло маренго матовый  IEK  (1/100)",15.0,0.0,1.5,0.0,10.0,Низкая,база спроса ≈2 шт/мес (история 2 мес.); прогноз след. месяц ≈2 шт; остаток 15 + в пути 0,1.0
IEK,030201105_," Рамка 2-мест. ""BRITE""  стекло бел. RE  IEK  (1/100)",49.0,0.0,4.2,0.0,11.67,Низкая,база спроса ≈4 шт/мес (история 14 мес.); сезонность ×1.00; рост спроса ×1.06; прогноз след. месяц ≈4 шт; остаток 49 + в пути 0,1.0
IEK,030201106_," Рамка 2-мест. ""BRITE""  стекло черн. RE  IEK  (1/100)",26.0,0.0,11.4,0.0,2.28,Низкая,база спроса ≈5 шт/мес (история 14 мес.); сезонность ×2.00; рост спроса ×1.14; прогноз след. месяц ≈11 шт; остаток 26 + в пути 0,1.0
IEK,030201108_," Рамка 2-мест. ""BRITE""  стекло песчаный RE  IEK  (1/100)",16.0,0.0,5.2,0.0,3.08,Низкая,база спроса ≈8 шт/мес (история 8 мес.); снижение спроса ×0.66; прогноз след. месяц ≈5 шт; остаток 16 + в пути 0,1.0
IEK,030201109_," Рамка 2-мест. ""BRITE""  металл черн. RE  IEK  (1/100)",15.0,0.0,6.4,0.0,2.34,Низкая,база спроса ≈4 шт/мес (история 7 мес.); рост спроса ×1.60; прогноз след. месяц ≈6 шт; остаток 15 + в пути 0,1.0
IEK,030201111_," Рамка 2-мест. ""BRITE""  металл титан RE  IEK  (1/100)",16.0,0.0,1.0,0.0,16.0,Низкая,база спроса ≈1 шт/мес (история 1 мес.); прогноз след. месяц ≈1 шт; остаток 16 + в пути 0,1.0
IEK,030201112_," Рамка 2-мест. ""BRITE""  металл черн. RE AL  IEK  (1/100)",11.0,0.0,1.0,0.0,11.0,Низкая,база спроса ≈1 шт/мес (история 3 мес.); прогноз след. месяц ≈1 шт; остаток 11 + в пути 0,1.0
IEK,030201113_," Рамка 2-мест. ""BRITE""  металл коричн. RE AL  IEK  (1/100)",11.0,0.0,3.0,0.0,3.67,Низкая,база спроса ≈3 шт/мес (история 2 мес.); прогноз след. месяц ≈3 шт; остаток 11 + в пути 0,1.0
IEK,030201114_," Рамка 2-мест. ""BRITE""  металл шамп. RE AL  IEK  (1/100)",30.0,0.0,8.5,0.0,3.53,Низкая,база спроса ≈12 шт/мес (история 6 мес.); снижение спроса ×0.74; прогноз след. месяц ≈8 шт; остаток 30 + в пути 0,1.0
IEK,030201116_," Рамка 3-мест. ""BRITE""  стекло бел. матовый  IEK  (1/50)",10.0,0.0,1.0,0.0,10.0,Низкая,база спроса ≈1 шт/мес (история 4 мес.); прогноз след. месяц ≈1 шт; остаток 10 + в пути 0,1.0
IEK,030201117_," Рамка 3-мест. ""BRITE""  стекло черн. матовый  IEK  (1/50)",12.0,0.0,2.5,0.0,4.8,Низкая,база спроса ≈2 шт/мес (история 2 мес.); прогноз след. месяц ≈2 шт; остаток 12 + в пути 0,1.0
IEK,030201118_," Рамка 3-мест. ""BRITE""  стекло маренго матовый  IEK  (1/50)",12.0,0.0,1.0,0.0,12.0,Низкая,база спроса ≈1 шт/мес (история 3 мес.); прогноз след. месяц ≈1 шт; остаток 12 + в пути 0,1.0
IEK,030201119_," Рамка 3-мест. ""BRITE""  стекло бел. RE  IEK  (1/50)",10.0,0.0,3.0,0.0,3.33,Низкая,база спроса ≈3 шт/мес (история 9 мес.); прогноз след. месяц ≈3 шт; остаток 10 + в пути 0,1.0
IEK,030201120_," Рамка 3-мест. ""BRITE""  стекло черн. RE  IEK  (1/50)",6.0,0.0,3.0,0.0,2.0,Низкая,база спроса ≈3 шт/мес (история 5 мес.); прогноз след. месяц ≈3 шт; остаток 6 + в пути 0,1.0
IEK,030201122_," Рамка 3-мест. ""BRITE""  стекло песчаный RE  IEK  (1/50)",7.0,0.0,1.5,0.0,4.67,Низкая,база спроса ≈3 шт/мес (история 8 мес.); снижение спроса ×0.50; прогноз след. месяц ≈2 шт; остаток 7 + в пути 0,1.0
IEK,030201124_," Рамка 3-мест. ""BRITE""  металл алюм. RE  IEK  (1/50)",10.0,0.0,3.5,0.0,2.86,Низкая,база спроса ≈4 шт/мес (история 2 мес.); прогноз след. месяц ≈4 шт; остаток 10 + в пути 0,1.0
IEK,030201127_," Рамка 3-мест. ""BRITE""  металл коричн. RE AL  IEK  (1/50)",14.0,0.0,1.0,0.0,14.0,Низкая,база спроса ≈1 шт/мес (история 1 мес.); прогноз след. месяц ≈1 шт; остаток 14 + в пути 0,1.0
IEK,030201128_," Рамка 3-мест. ""BRITE""  металл шамп. RE AL  IEK  (1/50)",22.0,0.0,3.0,0.0,7.33,Низкая,база спроса ≈6 шт/мес (история 6 мес.); снижение спроса ×0.50; прогноз след. месяц ≈3 шт; остаток 22 + в пути 0,1.0
IEK,030201129_," Рамка 3-мест. ""BRITE""  металл алюм. RE AL  IEK  (1/50)",9.0,0.0,1.0,0.0,9.0,Низкая,база спроса ≈1 шт/мес (история 5 мес.); прогноз след. месяц ≈1 шт; остаток 9 + в пути 0,1.0
IEK,030201130_," Рамка 4-мест. ""BRITE""  стекло бел. матовый  IEK  (1/50)",5.0,0.0,1.5,0.0,3.33,Низкая,база спроса ≈2 шт/мес (история 2 мес.); прогноз след. месяц ≈2 шт; остаток 5 + в пути 0,1.0
IEK,030201133_," Рамка 4-мест. ""BRITE""  стекло бел. RE  IEK  (1/50)",10.0,0.0,2.3,0.0,4.35,Низкая,база спроса ≈2 шт/мес (история 9 мес.); рост спроса ×1.17; исключено разовых крупных заказов: 1; прогноз след. месяц ≈2 шт; остаток 10 + в пути 0,1.0
IEK,030201134_," Рамка 4-мест. ""BRITE""  стекло черн. RE  IEK  (1/50)",8.0,0.0,1.3,0.0,6.15,Низкая,база спроса ≈1 шт/мес (история 7 мес.); рост спроса ×1.25; прогноз след. месяц ≈1 шт; остаток 8 + в пути 0,1.0
IEK,030201135_," Рамка 4-мест. ""BRITE""  стекло графит RE  IEK  (1/50)",6.0,0.0,1.0,0.0,6.0,Низкая,база спроса ≈1 шт/мес (история 1 мес.); прогноз след. месяц ≈1 шт; остаток 6 + в пути 0,1.0
IEK,030201137_," Рамка 4-мест. ""BRITE""  металл черн. RE  IEK  (1/50)",6.0,0.0,1.0,0.0,6.0,Низкая,база спроса ≈1 шт/мес (история 1 мес.); прогноз след. месяц ≈1 шт; остаток 6 + в пути 0,1.0
IEK,030201138_," Рамка 4-мест. ""BRITE""  металл алюм. RE  IEK  (1/50)",6.0,0.0,1.0,0.0,6.0,Низкая,база спроса ≈1 шт/мес (история 1 мес.); прогноз след. месяц ≈1 шт; остаток 6 + в пути 0,1.0
IEK,030201141_," Рамка 4-мест. ""BRITE""  металл коричн. RE AL  IEK  (1/50)",4.0,0.0,1.0,0.0,4.0,Низкая,база спроса ≈1 шт/мес (история 1 мес.); прогноз след. месяц ≈1 шт; остаток 4 + в пути 0,1.0
IEK,030201143_," Рамка 4-мест. ""BRITE""  металл алюм. RE AL  IEK  (1/50)",5.0,0.0,2.0,0.0,2.5,Низкая,база спроса ≈2 шт/мес (история 1 мес.); прогноз след. месяц ≈2 шт; остаток 5 + в пути 0,1.0
IEK,030201146_," Рамка 5-мест. ""BRITE""  бел./бел.  IEK  (1/100)",3.0,0.0,1.0,0.0,3.0,Низкая,база спроса ≈1 шт/мес (история 3 мес.); прогноз след. месяц ≈1 шт; остаток 3 + в пути 0,1.0
IEK,030201148_," Рамка 5-мест. ""BRITE""  бел. рифленый  IEK  (1/100)",5.0,0.0,1.0,0.0,5.0,Низкая,база спроса ≈1 шт/мес (история 3 мес.); прогноз след. месяц ≈1 шт; остаток 5 + в пути 0,1.0
IEK,030201149_," Рамка 5-мест. ""BRITE""  беж. рифленый  IEK  (1/100)",6.0,0.0,1.0,0.0,6.0,Низкая,база спроса ≈1 шт/мес (история 1 мес.); прогноз след. месяц ≈1 шт; остаток 6 + в пути 0,1.0
IEK,030201236_,"Выкл 2-кл перекр 10А б/рамки ""BRITE"" черный (1/100)",111.0,0.0,6.1,0.0,18.2,Низкая,база спроса ≈6 шт/мес (история 11 мес.); рост спроса ×1.12; прогноз след. месяц ≈6 шт; остаток 111 + в пути 0,1.0
IEK,030201244_,"Выкл 2-кл перекр 10А б/рамки ""BRITE"" белый (1/100)",33.0,0.0,1.0,0.0,33.0,Низкая,база спроса ≈8 шт/мес (история 12 мес.); сезонность ×0.12; прогноз след. месяц ≈1 шт; остаток 33 + в пути 0,1.0
IEK,030201245_,"Выкл 2-кл перекр 10А б/рамки ""BRITE"" графит (1/100)",53.0,0.0,1.4,0.0,37.86,Низкая,база спроса ≈2 шт/мес (история 7 мес.); снижение спроса ×0.68; прогноз след. месяц ≈1 шт; остаток 53 + в пути 0,1.0
IEK,030201246_,"Выкл 2-кл перекр 10А б/рамки ""BRITE"" алюминий (1/100)",16.0,0.0,1.0,0.0,16.0,Низкая,база спроса ≈1 шт/мес (история 1 мес.); прогноз след. месяц ≈1 шт; остаток 16 + в пути 0,1.0
IEK,030201247_,"Выкл 2-кл перекр 10А б/рамки ""BRITE"" жемчуг (1/100)",25.0,0.0,0.8,0.0,31.25,Низкая,база спроса ≈2 шт/мес (история 6 мес.); снижение спроса ×0.50; прогноз след. месяц ≈1 шт; остаток 25 + в пути 0,1.0
IEK,030201248_,"Выкл 2-кл перекр 10А б/рамки ""BRITE"" бежевый (1/100)",22.0,0.0,4.0,0.0,5.5,Низкая,база спроса ≈2 шт/мес (история 6 мес.); рост спроса ×2.00; прогноз след. месяц ≈4 шт; остаток 22 + в пути 0,1.0
IEK,030201250_,"Выкл 2-кл перекр 10А б/рамки ""BRITE"" сталь (1/100)",22.0,0.0,3.5,0.0,6.29,Низкая,база спроса ≈4 шт/мес (история 4 мес.); прогноз след. месяц ≈4 шт; остаток 22 + в пути 0,1.0
IEK,030201252_,"Выкл 2-кл перекр 10А б/рамки ""BRITE"" шампань (1/100)",25.0,0.0,2.7,0.0,9.26,Низкая,база спроса ≈2 шт/мес (история 7 мес.); рост спроса ×1.09; прогноз след. месяц ≈3 шт; остаток 25 + в пути 0,1.0
IEK,030201460_, Выключатель 1-кл. о/у графит IP55 TORS IEK (1/60),42.0,0.0,21.0,0.0,2.0,Низкая,база спроса ≈21 шт/мес (история 3 мес.); прогноз след. месяц ≈21 шт; остаток 42 + в пути 0,1.0
IEK,030201461_, Выключатель 2-кл. о/у графит IP55 TORS IEK (1/60),28.0,0.0,5.5,0.0,5.09,Низкая,база спроса ≈6 шт/мес (история 4 мес.); исключено разовых крупных заказов: 1; прогноз след. месяц ≈6 шт; остаток 28 + в пути 0,1.0
IEK,030201463_, Розетка 2-я  о/у з/к с крышкой горизонтальная графит IP55 TORS IEK (1/40),86.0,30.0,23.0,0.0,3.74,Низкая,база спроса ≈23 шт/мес (история 3 мес.); прогноз след. месяц ≈23 шт; остаток 86 + в пути 30,1.0
IEK,030201464_,Блок розетка + выключатель горизонтальный о/у графит IP55 TORS IEK (1/40),34.0,0.0,2.0,0.0,17.0,Низкая,база спроса ≈2 шт/мес (история 3 мес.); прогноз след. месяц ≈2 шт; остаток 34 + в пути 0,1.0
IEK,030201466_, Выключатель 2-кл. проходной о/у графит IP55 TORS IEK (1/80),58.0,0.0,8.0,0.0,7.25,Низкая,база спроса ≈8 шт/мес (история 2 мес.); прогноз след. месяц ≈8 шт; остаток 58 + в пути 0,1.0
IEK,030201467_, Переключатель 1-кл. о/у графит IP55 TORS IEK (1/60),27.0,0.0,10.5,0.0,2.57,Низкая,база спроса ≈10 шт/мес (история 4 мес.); прогноз след. месяц ≈10 шт; остаток 27 + в пути 0,1.0
IEK,030201468_, Выключатель кнопочный о/у графит IP55 TORS IEK (1/60),52.0,0.0,1.0,0.0,52.0,Низкая,база спроса ≈1 шт/мес (история 4 мес.); прогноз след. месяц ≈1 шт; остаток 52 + в пути 0,1.0
IEK,030201470_, Выключатель 2-кл. о/у белый IP55 TORS IEK (1/60),42.0,0.0,5.0,0.0,8.4,Низкая,база спроса ≈5 шт/мес (история 3 мес.); прогноз след. месяц ≈5 шт; остаток 42 + в пути 0,1.0
IEK,030201472_, Розетка 2-я  о/у з/к с крышкой горизонтальная белый IP55 TORS IEK (1/40),86.0,0.0,20.0,0.0,4.3,Низкая,база спроса ≈20 шт/мес (история 3 мес.); прогноз след. месяц ≈20 шт; остаток 86 + в пути 0,1.0
IEK,030201473_,Блок розетка + выключатель горизонтальный о/у белый IP55 TORS IEK (1/40),36.0,0.0,3.0,0.0,12.0,Низкая,база спроса ≈3 шт/мес (история 1 мес.); прогноз след. месяц ≈3 шт; остаток 36 + в пути 0,1.0
IEK,030201474_, Розетка 2-я о/у з/к с крышкой вертикальная белый IP55 TORS IEK (1/40),23.0,0.0,7.5,0.0,3.07,Низкая,база спроса ≈8 шт/мес (история 2 мес.); прогноз след. месяц ≈8 шт; остаток 23 + в пути 0,1.0
IEK,030201476_, Переключатель 1-кл. о/у белый IP55 TORS IEK (1/60),91.0,0.0,14.0,0.0,6.5,Низкая,база спроса ≈14 шт/мес (история 2 мес.); прогноз след. месяц ≈14 шт; остаток 91 + в пути 0,1.0
IEK,030201477_, Выключатель кнопочный о/у белый IP55 TORS IEK (1/60),56.0,0.0,3.0,0.0,18.67,Низкая,база спроса ≈3 шт/мес (история 1 мес.); прогноз след. месяц ≈3 шт; остаток 56 + в пути 0,1.0
IEK,030201478_, Выключатель 1-кл. о/у серо-белый IP55 TORS IEK (1/60),69.0,0.0,27.0,0.0,2.56,Низкая,база спроса ≈27 шт/мес (история 3 мес.); прогноз след. месяц ≈27 шт; остаток 69 + в пути 0,1.0
IEK,030201479_, Выключатель 2-кл. о/у серо-белый IP55 TORS IEK (1/60),27.0,0.0,9.0,0.0,3.0,Низкая,база спроса ≈9 шт/мес (история 4 мес.); прогноз след. месяц ≈9 шт; остаток 27 + в пути 0,1.0
IEK,030201480_, Розетка 1-я о/у з/к c крышкой  серо-белый IP55 TORS IEK (1/60),29.0,77.0,13.0,0.0,2.23,Низкая,база спроса ≈13 шт/мес (история 3 мес.); прогноз след. месяц ≈13 шт; остаток 29 + в пути 77,1.0
IEK,030201481_, Розетка 2-я  о/у з/к с крышкой горизонтальная серо-белый IP55 TORS IEK (1/40),77.0,80.0,13.0,0.0,5.92,Низкая,база спроса ≈13 шт/мес (история 3 мес.); прогноз след. месяц ≈13 шт; остаток 77 + в пути 80,1.0
IEK,030201482_,Блок розетка + выключатель горизонтальный о/у серо-белый IP55 TORS IEK (1/40),33.0,0.0,6.0,0.0,5.5,Низкая,база спроса ≈6 шт/мес (история 1 мес.); прогноз след. месяц ≈6 шт; остаток 33 + в пути 0,1.0
IEK,030201483_, Розетка 2-я о/у з/к с крышкой вертикальная серо-белый IP55 TORS IEK (1/40),30.0,0.0,2.0,0.0,15.0,Низкая,база спроса ≈2 шт/мес (история 3 мес.); прогноз след. месяц ≈2 шт; остаток 30 + в пути 0,1.0
IEK,030201484_, Выключатель 2-кл. проходной о/у серо-белый IP55 TORS IEK (1/80),78.0,0.0,2.0,0.0,39.0,Низкая,база спроса ≈2 шт/мес (история 1 мес.); прогноз след. месяц ≈2 шт; остаток 78 + в пути 0,1.0
IEK,030201485_, Переключатель 1-кл. о/у серо-белый IP55 TORS IEK (1/60),110.0,0.0,4.5,0.0,24.44,Низкая,база спроса ≈4 шт/мес (история 2 мес.); прогноз след. месяц ≈4 шт; остаток 110 + в пути 0,1.0
IEK,030201486_, Выключатель кнопочный о/у серо-белый IP55 TORS IEK (1/60),54.0,0.0,2.5,0.0,21.6,Низкая,база спроса ≈2 шт/мес (история 2 мес.); прогноз след. месяц ≈2 шт; остаток 54 + в пути 0,1.0
IEK,080800030_,Сиг. лампа ЛС-47 (зеленый неон) IEK (12/240),48.0,0.0,17.2,0.0,2.79,Низкая,база спроса ≈20 шт/мес (история 30 мес.); сезонность ×0.68; рост спроса ×1.24; исключено разовых крупных заказов: 1; прогноз след. месяц ≈17 шт; остаток 48 + в пути 0,12.0
IEK,080800031_,Сиг. лампа ЛС-47 (красный неон) IEK (12/240),47.0,0.0,14.3,0.0,3.29,Низкая,база спроса ≈21 шт/мес (история 32 мес.); сезонность ×1.07; снижение спроса ×0.64; исключено разовых крупных заказов: 1; прогноз след. месяц ≈14 шт; остаток 47 + в пути 0,12.0
IEK,080800062_,Сиг. лампа ЛС-47 (желтый неон) IEK (12/240),36.0,0.0,12.5,0.0,2.88,Низкая,база спроса ≈8 шт/мес (история 28 мес.); сезонность ×1.00; рост спроса ×1.57; прогноз след. месяц ≈12 шт; остаток 36 + в пути 0,12.0
IEK,080800070_,Индикатор AD-22DS (LED) Ø22мм (желтый) IEK (10/600),181.0,0.0,70.7,0.0,2.56,Низкая,база спроса ≈40 шт/мес (история 32 мес.); сезонность ×1.44; рост спроса ×1.21; исключено разовых крупных заказов: 1; прогноз след. месяц ≈71 шт; остаток 181 + в пути 0,10.0
IEK,080800071_,Индикатор AD-22DS (LED) Ø22мм (зеленый) IEK (10/600),512.0,100.0,173.7,0.0,2.95,Низкая,база спроса ≈157 шт/мес (история 32 мес.); сезонность ×1.22; снижение спроса ×0.91; исключено разовых крупных заказов: 3; прогноз след. месяц ≈174 шт; остаток 512 + в пути 100,10.0
IEK,080800072_,Индикатор AD-22DS (LED) Ø22мм (красный) IEK (10/600),578.0,100.0,82.8,0.0,6.98,Низкая,база спроса ≈106 шт/мес (история 32 мес.); сезонность ×1.25; снижение спроса ×0.63; исключено разовых крупных заказов: 5; прогноз след. месяц ≈83 шт; остаток 578 + в пути 100,10.0
IEK,080800128_,"Светодиодная лента ""Сделай сам"" LED 5м LSR-2835WW60-4,8-IP20-12В-3000K+драйвер+выключатель IEK",8.0,0.0,0.5,0.0,16.0,Низкая,база спроса ≈1 шт/мес (история 8 мес.); снижение спроса ×0.50; прогноз след. месяц ≈0 шт; остаток 8 + в пути 0,1.0
IEK,080800129_,"Светодиодная лента ""Сделай сам"" LED 2х1,2м LSR-2835WW60-4,8-IP20-12В-3000K+драйвер+2 датч движ IEK",3.0,0.0,1.0,0.0,3.0,Низкая,база спроса ≈1 шт/мес (история 4 мес.); прогноз след. месяц ≈1 шт; остаток 3 + в пути 0,1.0
IEK,080800130_,"Светодиодная лента ""Сделай сам"" LED 1,2м LSR-2835WW60-4,8-IP20-12В-3000K+драйвер+датч движ IEK",5.0,0.0,1.0,0.0,5.0,Низкая,база спроса ≈1 шт/мес (история 4 мес.); прогноз след. месяц ≈1 шт; остаток 5 + в пути 0,1.0
IEK,081100277_," LED A60 ""ECO"" 11w 230v 3000K E27 IEK(1)",29.0,0.0,10.5,0.0,2.76,Низкая,база спроса ≈12 шт/мес (история 18 мес.); сезонность ×0.91; прогноз след. месяц ≈10 шт; остаток 29 + в пути 0,10.0
IEK,081100374_,LED ПРОЖЕКТОР СДО 06 - 50  50W 4000Lm 6500K IP65 IEK,2.0,0.0,1.0,0.0,2.0,Низкая,база спроса ≈1 шт/мес (история 1 мес.); прогноз след. месяц ≈1 шт; остаток 2 + в пути 0,1.0
IEK,081100641_,Лампа филаментная LED A60 шар прозр. 11Вт 230В 4000К E27 серия 360° IEK,50.0,0.0,5.8,0.0,8.62,Низкая,база спроса ≈12 шт/мес (история 28 мес.); сезонность ×0.92; снижение спроса ×0.50; прогноз след. месяц ≈6 шт; остаток 50 + в пути 0,10.0
IEK,081100643_,Лампа филаментная LED ST64 золото 8Вт 230В 2700К E27 серия 360° IEK,28.0,0.0,3.8,0.0,7.37,Низкая,база спроса ≈6 шт/мес (история 24 мес.); сезонность ×1.10; снижение спроса ×0.55; прогноз след. месяц ≈4 шт; остаток 28 + в пути 0,1.0
IEK,081100704_,Лампа филаментная LED A60 шар прозр.  7Вт 230В 4000К E27 серия 360° IEK,59.0,0.0,11.1,0.0,5.32,Низкая,база спроса ≈14 шт/мес (история 30 мес.); сезонность ×0.71; рост спроса ×1.11; исключено разовых крупных заказов: 2; прогноз след. месяц ≈11 шт; остаток 59 + в пути 0,10.0
IEK,081100705_,Лампа филаментная LED A60 шар прозр.  7Вт 230В 6500К E27 серия 360° IEK,19.0,0.0,6.9,0.0,2.75,Низкая,база спроса ≈6 шт/мес (история 15 мес.); сезонность ×1.00; рост спроса ×1.16; прогноз след. месяц ≈7 шт; остаток 19 + в пути 0,10.0
IEK,081100706_,Лампа филаментная LED A60 шар золото  9Вт 230В 2700К E27 серия 360° IEK,19.0,0.0,3.2,0.0,5.94,Низкая,база спроса ≈6 шт/мес (история 24 мес.); сезонность ×0.56; рост спроса ×1.06; исключено разовых крупных заказов: 1; прогноз след. месяц ≈3 шт; остаток 19 + в пути 0,10.0
IEK,081100707_,Лампа филаментная LED A60 шар прозр.  9Вт 230В 4000К E27 серия 360° IEK,64.0,0.0,11.3,0.0,5.66,Низкая,база спроса ≈20 шт/мес (история 28 мес.); сезонность ×0.58; прогноз след. месяц ≈11 шт; остаток 64 + в пути 0,10.0
IEK,081100708_,Лампа филаментная LED A60 шар прозр.  9Вт 230В 6500К E27 серия 360° IEK,12.0,0.0,3.8,0.0,3.16,Низкая,база спроса ≈5 шт/мес (история 19 мес.); сезонность ×0.50; рост спроса ×1.55; прогноз след. месяц ≈4 шт; остаток 12 + в пути 0,10.0
IEK,081100709_,Лампа филаментная LED C35 свеча золото 5Вт 230В 2700К E14 серия 360° IEK,8.0,0.0,2.8,0.0,2.86,Низкая,база спроса ≈6 шт/мес (история 9 мес.); снижение спроса ×0.50; прогноз след. месяц ≈3 шт; остаток 8 + в пути 0,10.0
IEK,081100711_,Лампа филаментная LED C35 свеча прозр. 5Вт 230В 4000К E27 серия 360° IEK,39.0,0.0,2.1,0.0,18.57,Низкая,база спроса ≈10 шт/мес (история 26 мес.); сезонность ×0.42; снижение спроса ×0.50; прогноз след. месяц ≈2 шт; остаток 39 + в пути 0,10.0
IEK,081100712_,Лампа филаментная LED C35 свеча золото 7Вт 230В 2700К E14 серия 360° IEK,49.0,0.0,13.9,0.0,3.53,Низкая,база спроса ≈7 шт/мес (история 23 мес.); сезонность ×1.00; рост спроса ×2.00; прогноз след. месяц ≈14 шт; остаток 49 + в пути 0,10.0
IEK,081100713_,Лампа филаментная LED C35 свеча прозр. 7Вт 230В 3000К E27 серия 360° IEK,20.0,0.0,4.2,0.0,4.76,Низкая,база спроса ≈9 шт/мес (история 24 мес.); сезонность ×0.64; снижение спроса ×0.73; прогноз след. месяц ≈4 шт; остаток 20 + в пути 0,10.0
IEK,081100717_,Лампа филаментная LED CT35 свеча вит. 5Вт 230В 4000К E14 серия 360° IEK,33.0,0.0,5.5,0.0,6.0,Низкая,база спроса ≈10 шт/мес (история 17 мес.); сезонность ×1.00; снижение спроса ×0.53; продажи скорректированы вверх из-за дефицита на складе; прогноз след. месяц ≈6 шт; остаток 33 + в пути 0,10.0
IEK,081100720_,Лампа филаментная LED CT35 свеча вит. 7Вт 230В 3000К E27 серия 360° IEK,53.0,0.0,1.6,0.0,33.12,Низкая,база спроса ≈2 шт/мес (история 11 мес.); снижение спроса ×0.64; прогноз след. месяц ≈2 шт; остаток 53 + в пути 0,10.0
IEK,081100722_,Лампа филаментная LED CT35 свеча вит. 7Вт 230В 4000К E27 серия 360° IEK,42.0,0.0,0.0,0.0,99.0,Низкая,база спроса ≈10 шт/мес (история 13 мес.); сезонность ×-0.50; снижение спроса ×0.55; прогноз след. месяц ≈0 шт; остаток 42 + в пути 0,10.0
IEK,081100723_,Лампа филаментная LED G95 шар золото 6Вт 230В 2700К E27 серия 360° IEK,19.0,0.0,2.0,0.0,9.5,Низкая,база спроса ≈10 шт/мес (история 13 мес.); сезонность ×0.40; снижение спроса ×0.50; прогноз след. месяц ≈2 шт; остаток 19 + в пути 0,1.0
IEK,081100743_,Лампа LED T75 таблетка 6Вт 230В 4000К GX53 IEK,15.0,0.0,4.0,0.0,3.75,Низкая,база спроса ≈8 шт/мес (история 18 мес.); сезонность ×0.24; рост спроса ×2.00; прогноз след. месяц ≈4 шт; остаток 15 + в пути 0,10.0
IEK,081100744_,Лампа LED T75 таблетка 6Вт 230В 6500К GX53 IEK,27.0,0.0,7.4,0.0,3.65,Низкая,база спроса ≈6 шт/мес (история 20 мес.); сезонность ×1.00; рост спроса ×1.19; прогноз след. месяц ≈7 шт; остаток 27 + в пути 0,10.0
IEK,081100746_,Лампа LED T75 таблетка 10Вт 230В 6500К GX53 IEK,84.0,0.0,33.4,0.0,2.51,Низкая,база спроса ≈19 шт/мес (история 29 мес.); сезонность ×1.00; рост спроса ×1.79; прогноз след. месяц ≈33 шт; остаток 84 + в пути 0,10.0
IEK,081100747_,Лампа LED T75 таблетка 15Вт 230В 4000К GX53 IEK,335.0,0.0,134.1,0.0,2.5,Низкая,база спроса ≈72 шт/мес (история 31 мес.); сезонность ×1.99; снижение спроса ×0.94; исключено разовых крупных заказов: 1; прогноз след. месяц ≈134 шт; остаток 335 + в пути 0,10.0
IEK,081100758_,Светильник-ночник 005 овал 220В IEK,4.0,0.0,1.9,0.0,2.11,Низкая,база спроса ≈2 шт/мес (история 14 мес.); сезонность ×1.00; рост спроса ×1.11; исключено разовых крупных заказов: 1; прогноз след. месяц ≈2 шт; остаток 4 + в пути 0,1.0
IEK,081100759_,Светильник-ночник 002 овал розетка 220В IEK,65.0,0.0,3.0,0.0,21.67,Низкая,база спроса ≈2 шт/мес (история 14 мес.); сезонность ×2.00; прогноз след. месяц ≈3 шт; остаток 65 + в пути 0,1.0
IEK,081100767_,Светильник LED переносной ДРО 2061 IP54 шнур 10м черный IEK,12.0,0.0,1.5,0.0,8.0,Низкая,база спроса ≈3 шт/мес (история 22 мес.); сезонность ×1.00; снижение спроса ×0.50; прогноз след. месяц ≈2 шт; остаток 12 + в пути 0,1.0
IEK,081100768_,"Светильник аварийный ДПА 5030-1, NI-CD, пост.,1ч,IP20, IEK",12.0,3.0,2.6,0.0,4.62,Низкая,база спроса ≈6 шт/мес (история 20 мес.); сезонность ×0.86; снижение спроса ×0.50; прогноз след. месяц ≈3 шт; остаток 12 + в пути 3,1.0
IEK,081100771_,"Датчик движения ДД 018В белый, макс. нагрузка 1100Вт, угол обзора 270град., дальность 12м, IP44, IEK",57.0,0.0,6.0,0.0,9.5,Низкая,база спроса ≈3 шт/мес (история 8 мес.); рост спроса ×2.00; прогноз след. месяц ≈6 шт; остаток 57 + в пути 0,1.0
IEK,081100776_,Датчик движения ДД 030 белый 500Вт 160гр 9м IP20 IEK E-PRO,76.0,0.0,1.9,0.0,40.0,Низкая,база спроса ≈2 шт/мес (история 6 мес.); снижение спроса ×0.78; прогноз след. месяц ≈2 шт; остаток 76 + в пути 0,1.0
IEK,081100777_,Датчик движения ДД 031 белый 500Вт 190гр 9м IP20 IEK E-PRO,67.0,0.0,4.0,0.0,16.75,Низкая,база спроса ≈2 шт/мес (история 6 мес.); рост спроса ×2.00; прогноз след. месяц ≈4 шт; остаток 67 + в пути 0,1.0
IEK,081100778_,"Датчик движения ДД 035 белый, макс. нагрузка 500Вт, угол обзора 140град., дальность 12м, IP20, IEK E",21.0,0.0,3.2,0.0,6.56,Низкая,база спроса ≈3 шт/мес (история 27 мес.); сезонность ×1.00; рост спроса ×1.05; прогноз след. месяц ≈3 шт; остаток 21 + в пути 0,1.0
IEK,081100779_,"Датчик движения ДД 017 белый, макс. нагрузка 1100Вт, угол обзора 120град., дальность 12м, IP44 IEK",5.0,0.0,1.3,0.0,3.85,Низкая,база спроса ≈3 шт/мес (история 17 мес.); сезонность ×0.33; рост спроса ×1.26; исключено разовых крупных заказов: 1; прогноз след. месяц ≈1 шт; остаток 5 + в пути 0,1.0
IEK,081100780_,Фотореле ФР 603 макс. нагрузка 2200ВА IP66 белый IEK (50),14.0,0.0,7.0,0.0,2.0,Низкая,база спроса ≈4 шт/мес (история 30 мес.); сезонность ×0.91; рост спроса ×1.82; исключено разовых крупных заказов: 2; прогноз след. месяц ≈7 шт; остаток 14 + в пути 0,1.0
IEK,081100781_,Фотореле ФР 604 макс. нагрузка 3300ВА IP66 белый IEK,37.0,0.0,7.9,0.0,4.68,Низкая,база спроса ≈6 шт/мес (история 32 мес.); сезонность ×0.69; рост спроса ×2.00; исключено разовых крупных заказов: 2; прогноз след. месяц ≈8 шт; остаток 37 + в пути 0,1.0
IEK,114001002_,Мультиметр цифровой Universal M830B IEK (60),12.0,0.0,2.4,0.0,5.0,Низкая,база спроса ≈2 шт/мес (история 26 мес.); сезонность ×2.38; снижение спроса ×0.66; исключено разовых крупных заказов: 1; прогноз след. месяц ≈2 шт; остаток 12 + в пути 0,1.0
IEK,114001010_,Мультиметр цифровой Compact M182 IEK (100),3.0,3.0,1.5,0.0,2.0,Низкая,база спроса ≈2 шт/мес (история 29 мес.); сезонность ×0.75; исключено разовых крупных заказов: 1; прогноз след. месяц ≈2 шт; остаток 3 + в пути 3,1.0
IEK,120100001_, Контактор КМИ-10910  9А  230В (1вел) IEK (1/50),375.0,100.0,41.4,0.0,9.06,Низкая,база спроса ≈34 шт/мес (история 32 мес.); сезонность ×1.28; снижение спроса ×0.93; исключено разовых крупных заказов: 4; прогноз след. месяц ≈41 шт; остаток 375 + в пути 100,5.0
IEK,120100004_, Контактор КМИ-11810 18А 230В (1вел) IEK (1/50),266.0,100.0,67.3,0.0,3.95,Низкая,база спроса ≈75 шт/мес (история 32 мес.); сезонность ×1.39; снижение спроса ×0.65; исключено разовых крупных заказов: 8; прогноз след. месяц ≈67 шт; остаток 266 + в пути 100,5.0
IEK,120100005_,Контактор  КМИ-11860 18А 380В  IP54 (1вел в корпусе) IEK (1/20),19.0,0.0,3.7,0.0,5.14,Низкая,база спроса ≈4 шт/мес (история 20 мес.); сезонность ×1.38; снижение спроса ×0.77; исключено разовых крупных заказов: 1; продажи скорректированы вверх из-за дефицита на складе; прогноз след. месяц ≈4 шт; остаток 19 + в пути 0,1.0
IEK,120100006_, Контактор КМИ-22510 25А 230В (2вел) IEK (1/50),526.0,0.0,222.0,0.0,2.37,Низкая,база спроса ≈136 шт/мес (история 32 мес.); сезонность ×1.33; рост спроса ×1.22; исключено разовых крупных заказов: 6; прогноз след. месяц ≈222 шт; остаток 526 + в пути 0,1.0
IEK,120100008_,Контактор  КМИ-22560 25А 380В  IP54 (2вел в корпусе) IEK (1/16),28.0,0.0,8.5,0.0,3.29,Низкая,база спроса ≈5 шт/мес (история 30 мес.); сезонность ×1.45; рост спроса ×1.11; прогноз след. месяц ≈8 шт; остаток 28 + в пути 0,1.0
IEK,120100010_,Контактор  КМИ-23260 32А 380В  IP54 (2вел в корпусе) IEK (1/16),5.0,2.0,2.0,0.0,2.5,Низкая,база спроса ≈2 шт/мес (история 23 мес.); сезонность ×1.00; рост спроса ×1.02; прогноз след. месяц ≈2 шт; остаток 5 + в пути 2,1.0
IEK,120100011_, Контактор КМИ-34012 40А 230В (3вел) IEK (1/20),114.0,0.0,37.6,0.0,3.03,Низкая,база спроса ≈37 шт/мес (история 32 мес.); сезонность ×1.12; снижение спроса ×0.91; исключено разовых крупных заказов: 2; прогноз след. месяц ≈38 шт; остаток 114 + в пути 0,1.0
IEK,120100013_, Контактор КМИ-35012 50А 230В (3вел) IEK (1/20),96.0,20.0,34.8,0.0,2.76,Низкая,база спроса ≈21 шт/мес (история 32 мес.); сезонность ×1.53; рост спроса ×1.07; прогноз след. месяц ≈35 шт; остаток 96 + в пути 20,1.0
IEK,120100016_, Контактор КМИ-49512 95А 230В (4вел) IEK (1/16),92.0,20.0,11.2,0.0,8.21,Низкая,база спроса ≈26 шт/мес (история 32 мес.); сезонность ×0.61; снижение спроса ×0.71; исключено разовых крупных заказов: 3; прогноз след. месяц ≈11 шт; остаток 92 + в пути 20,1.0
IEK,120100030_, Контактор КМИ-23210 32А 230В (2вел) IEK (1/50),376.0,100.0,126.4,0.0,2.97,Низкая,база спроса ≈122 шт/мес (история 32 мес.); сезонность ×1.37; снижение спроса ×0.76; исключено разовых крупных заказов: 3; прогноз след. месяц ≈126 шт; остаток 376 + в пути 100,1.0
IEK,120100031_,  Механизм блокировки для КМИ (40-95А) IEK,3.0,0.0,1.5,0.0,2.0,Низкая,база спроса ≈2 шт/мес (история 2 мес.); прогноз след. месяц ≈2 шт; остаток 3 + в пути 0,1.0
IEK,120100032_, Контактор КМИ-10910  9А  400В (1вел) IEK (1/50),30.0,0.0,7.5,0.0,4.0,Низкая,база спроса ≈6 шт/мес (история 31 мес.); сезонность ×1.15; рост спроса ×1.04; прогноз след. месяц ≈8 шт; остаток 30 + в пути 0,1.0
IEK,120100033_, Контактор КМИ-11210 12А 400В (1вел) IEK (1/50),48.0,20.0,4.1,0.0,11.71,Низкая,база спроса ≈5 шт/мес (история 26 мес.); сезонность ×1.60; снижение спроса ×0.50; исключено разовых крупных заказов: 2; прогноз след. месяц ≈4 шт; остаток 48 + в пути 20,1.0
IEK,120100035_, Контактор КМИ-22510 25А 400В (2вел) IEK (1/50),143.0,0.0,50.7,0.0,2.82,Низкая,база спроса ≈38 шт/мес (история 32 мес.); сезонность ×1.53; снижение спроса ×0.86; исключено разовых крупных заказов: 1; прогноз след. месяц ≈51 шт; остаток 143 + в пути 0,1.0
IEK,120100036_, Контактор КМИ-23210 32А 400В (2вел) IEK (1/50),103.0,0.0,31.4,0.0,3.28,Низкая,база спроса ≈27 шт/мес (история 32 мес.); сезонность ×1.37; снижение спроса ×0.84; прогноз след. месяц ≈31 шт; остаток 103 + в пути 0,1.0
IEK,120100037_, Контактор КМИ-34012 40А 400В (3вел) IEK (1/20),33.0,0.0,15.2,0.0,2.17,Низкая,база спроса ≈19 шт/мес (история 32 мес.); сезонность ×1.47; снижение спроса ×0.56; прогноз след. месяц ≈15 шт; остаток 33 + в пути 0,1.0
IEK,120100041_, Контактор КМИ-48012 80А 230В (4вел) IEK (1/16),50.0,0.0,13.3,0.0,3.76,Низкая,база спроса ≈18 шт/мес (история 32 мес.); сезонность ×0.65; рост спроса ×1.11; исключено разовых крупных заказов: 1; прогноз след. месяц ≈13 шт; остаток 50 + в пути 0,1.0
IEK,120100042_, Контактор КМИ-48012 80А 400В (4вел) IEK (1/16),30.0,0.0,3.6,0.0,8.33,Низкая,база спроса ≈7 шт/мес (история 28 мес.); сезонность ×0.50; рост спроса ×1.03; исключено разовых крупных заказов: 1; прогноз след. месяц ≈4 шт; остаток 30 + в пути 0,1.0
IEK,120100043_,Контактор  КТИ 5150  150А 230В IEK (1/4) ,28.0,4.0,3.6,0.0,7.78,Низкая,база спроса ≈6 шт/мес (история 30 мес.); сезонность ×1.16; снижение спроса ×0.50; исключено разовых крупных заказов: 1; прогноз след. месяц ≈4 шт; остаток 28 + в пути 4,1.0
IEK,120100044_,Контактор  КТИ 5150  150А 400В IEK (1/4) ,9.0,0.0,3.0,0.0,3.0,Низкая,база спроса ≈3 шт/мес (история 25 мес.); сезонность ×0.67; рост спроса ×1.52; прогноз след. месяц ≈3 шт; остаток 9 + в пути 0,1.0
IEK,120100047_,Контактор  КТИ 5225  225А 230В IEK (1/2) ,4.0,4.0,1.3,0.0,3.08,Низкая,база спроса ≈3 шт/мес (история 23 мес.); сезонность ×0.83; снижение спроса ×0.52; продажи скорректированы вверх из-за дефицита на складе; прогноз след. месяц ≈1 шт; остаток 4 + в пути 4,1.0
IEK,120100055_,Контактор  КМИ-10960 9А 220В  IP54  (1вел в корпусе) IEK (1/20),67.0,30.0,9.3,0.0,7.2,Низкая,база спроса ≈17 шт/мес (история 32 мес.); сезонность ×0.50; рост спроса ×1.08; прогноз след. месяц ≈9 шт; остаток 67 + в пути 30,1.0
IEK,120100057_,Контактор  КМИ-11860 18А 220В  IP54 (1вел в корпусе) IEK (1/20),26.0,10.0,3.8,0.0,6.84,Низкая,база спроса ≈7 шт/мес (история 28 мес.); сезонность ×1.04; снижение спроса ×0.50; прогноз след. месяц ≈4 шт; остаток 26 + в пути 10,1.0
IEK,120100058_,Контактор  КМИ-22560 25А 220В  IP54 (2вел в корпусе) IEK (1/16),39.0,0.0,14.4,0.0,2.71,Низкая,база спроса ≈14 шт/мес (история 26 мес.); сезонность ×1.08; снижение спроса ×0.92; прогноз след. месяц ≈14 шт; остаток 39 + в пути 0,1.0
IEK,120100060_,Контактор  КМИ-35062 50А 220В  IP54 (3вел в корпусе) IEK (1/6),3.0,0.0,0.8,0.0,3.75,Низкая,база спроса ≈1 шт/мес (история 8 мес.); снижение спроса ×0.75; прогноз след. месяц ≈1 шт; остаток 3 + в пути 0,1.0
IEK,120100069_," Пускатель ПРК32-6,3 In=6,3A Ir=4-6,3A Ue 660В IEK (1/50)",23.0,0.0,0.5,0.0,46.0,Низкая,база спроса ≈2 шт/мес (история 31 мес.); сезонность ×0.38; снижение спроса ×0.50; исключено разовых крупных заказов: 1; прогноз след. месяц ≈0 шт; остаток 23 + в пути 0,1.0
IEK,120100070_, Пускатель ПРК32-10 In=10A Ir=6-10A Ue 660В IEK (1/50),22.0,0.0,2.0,0.0,11.0,Низкая,база спроса ≈4 шт/мес (история 26 мес.); сезонность ×1.00; снижение спроса ×0.50; прогноз след. месяц ≈2 шт; остаток 22 + в пути 0,1.0
IEK,120100073_, Пускатель ПРК32-25 In=25A Ir=20-25A Ue 660В IEK (1/50),16.0,0.0,3.4,0.0,4.71,Низкая,база спроса ≈3 шт/мес (история 23 мес.); сезонность ×2.17; снижение спроса ×0.52; прогноз след. месяц ≈3 шт; остаток 16 + в пути 0,1.0
IEK,120100081_, Контактор КМИ-49512 95А 400В (4вел) IEK (1/16),53.0,16.0,7.0,0.0,7.57,Низкая,база спроса ≈12 шт/мес (история 31 мес.); сезонность ×0.58; снижение спроса ×0.96; исключено разовых крупных заказов: 2; прогноз след. месяц ≈7 шт; остаток 53 + в пути 16,1.0
IEK,120100085_,Контактор  КТИ 5185  185А 230В IEK (1/4) ,20.0,4.0,2.5,0.0,8.0,Низкая,база спроса ≈6 шт/мес (история 28 мес.); сезонность ×0.40; снижение спроса ×0.99; прогноз след. месяц ≈2 шт; остаток 20 + в пути 4,1.0
IEK,120100087_,Контактор КТИ 6400  400А 230В IEK (1/4) ,13.0,0.0,4.4,0.0,2.95,Низкая,база спроса ≈2 шт/мес (история 31 мес.); сезонность ×2.75; снижение спроса ×0.96; прогноз след. месяц ≈4 шт; остаток 13 + в пути 0,1.0
IEK,120100088_,Контактор  КТИ 5185  185А 400В IEK (1/4) ,3.0,2.0,0.8,0.0,3.75,Низкая,база спроса ≈2 шт/мес (история 17 мес.); сезонность ×0.50; снижение спроса ×0.80; прогноз след. месяц ≈1 шт; остаток 3 + в пути 2,1.0
IEK,120100118_, Контактор КМИ-46512 65А 230В (4вел) IEK (1/20),184.0,3.0,50.7,0.0,3.63,Низкая,база спроса ≈31 шт/мес (история 32 мес.); сезонность ×1.64; исключено разовых крупных заказов: 4; прогноз след. месяц ≈51 шт; остаток 184 + в пути 3,1.0
IEK,120100119_, Контактор КМИ-46512 65А 400В (4вел) IEK (1/20),61.0,0.0,24.6,0.0,2.48,Низкая,база спроса ≈14 шт/мес (история 32 мес.); сезонность ×1.62; рост спроса ×1.05; прогноз след. месяц ≈25 шт; остаток 61 + в пути 0,1.0
IEK,120100216_,Контактор КМИ-11211 12А 230В/АС3 1Н3 IEK !!!,40.0,0.0,4.0,0.0,10.0,Низкая,база спроса ≈4 шт/мес (история 2 мес.); прогноз след. месяц ≈4 шт; остаток 40 + в пути 0,1.0
IEK,120100220_,Контактор КМ 40-11 АС IEK (6/90) ,10.0,0.0,1.0,0.0,10.0,Низкая,база спроса ≈1 шт/мес (история 1 мес.); прогноз след. месяц ≈1 шт; остаток 10 + в пути 0,1.0
IEK,120100307_,Контактор КМ 20-40М AC IEK,16.0,11.0,0.5,0.0,32.0,Низкая,база спроса ≈3 шт/мес (история 20 мес.); сезонность ×0.33; снижение спроса ×0.53; исключено разовых крупных заказов: 1; прогноз след. месяц ≈0 шт; остаток 16 + в пути 11,1.0
IEK,120100309_,Контактор КМ 63-40М AC/DC IEK,60.0,0.0,8.5,0.0,7.06,Низкая,база спроса ≈11 шт/мес (история 16 мес.); сезонность ×1.00; снижение спроса ×0.80; исключено разовых крупных заказов: 2; прогноз след. месяц ≈8 шт; остаток 60 + в пути 0,1.0
IEK,120100319_,Контактор КМ 25-40М AC/DC IEK !!!,20.0,0.0,1.5,0.0,13.33,Низкая,база спроса ≈2 шт/мес (история 2 мес.); прогноз след. месяц ≈2 шт; остаток 20 + в пути 0,1.0
IEK,120100325_,Контактор КМ 40-20М AC IEK,75.0,0.0,9.6,0.0,7.81,Низкая,база спроса ≈8 шт/мес (история 20 мес.); сезонность ×1.18; рост спроса ×1.01; исключено разовых крупных заказов: 4; прогноз след. месяц ≈10 шт; остаток 75 + в пути 0,1.0
IEK,120300008_,Контактор  КТИ 5115  115А 230В IEK (1/4) ,21.0,0.0,3.3,0.0,6.36,Низкая,база спроса ≈5 шт/мес (история 32 мес.); сезонность ×1.00; снижение спроса ×0.61; исключено разовых крупных заказов: 2; прогноз след. месяц ≈3 шт; остаток 21 + в пути 0,1.0
IEK,120300023_,Контактор  КТИ 5115  115А 400В IEK (1/4) ,6.0,0.0,0.9,0.0,6.67,Низкая,база спроса ≈1 шт/мес (история 17 мес.); сезонность ×1.00; снижение спроса ×0.88; прогноз след. месяц ≈1 шт; остаток 6 + в пути 0,1.0
IEK,130200006_,"Шина ""N"" нулевая 6х9мм 14/1 (крепеж по центру) IEK (10)",214.0,0.0,10.0,0.0,21.4,Низкая,база спроса ≈3 шт/мес (история 26 мес.); сезонность ×1.67; рост спроса ×2.00; прогноз след. месяц ≈10 шт; остаток 214 + в пути 0,10.0
IEK,130200012_,Шина соединительная PIN (штырь) 1ф 63А (1м) IEK (40),279.0,0.0,124.6,0.0,2.24,Низкая,база спроса ≈92 шт/мес (история 32 мес.); сезонность ×1.11; рост спроса ×1.22; исключено разовых крупных заказов: 36; прогноз след. месяц ≈125 шт; остаток 279 + в пути 0,40.0
IEK,130200013_,Шина соединительная PIN (штырь) 3ф 100А (1м) IEK (10),29.0,5.0,13.1,0.0,2.21,Низкая,база спроса ≈10 шт/мес (история 32 мес.); сезонность ×1.10; рост спроса ×1.19; исключено разовых крупных заказов: 2; прогноз след. месяц ≈13 шт; остаток 29 + в пути 5,5.0
IEK,130200016_,Ограничитель на DIN-рейку (металл) IEK (900),704.0,0.0,234.5,0.0,3.0,Низкая,база спроса ≈278 шт/мес (история 32 мес.); сезонность ×1.19; снижение спроса ×0.71; прогноз след. месяц ≈234 шт; остаток 704 + в пути 0,150.0
IEK,130200019_,Свет. индикатор фаз (3-х фазн. на DIN-рейку) IEK (24/480),16.0,0.0,1.5,0.0,10.67,Низкая,база спроса ≈2 шт/мес (история 26 мес.); сезонность ×0.75; снижение спроса ×0.87; исключено разовых крупных заказов: 1; прогноз след. месяц ≈2 шт; остаток 16 + в пути 0,24.0
IEK,130200020_,Замок 18-18\34 IEK,29.0,0.0,2.9,0.0,10.0,Низкая,база спроса ≈3 шт/мес (история 25 мес.); сезонность ×0.70; рост спроса ×1.27; прогноз след. месяц ≈3 шт; остаток 29 + в пути 0,10.0
IEK,130200021_,Замок 18-20\40 IEK,30.0,0.0,15.0,0.0,2.0,Низкая,база спроса ≈6 шт/мес (история 25 мес.); сезонность ×1.29; рост спроса ×2.00; прогноз след. месяц ≈15 шт; остаток 30 + в пути 0,10.0
IEK,130200022_,Замок 20-22\40 IEK,20.0,0.0,2.2,0.0,9.09,Низкая,база спроса ≈4 шт/мес (история 25 мес.); сезонность ×0.50; рост спроса ×1.06; прогноз след. месяц ≈2 шт; остаток 20 + в пути 0,6.0
IEK,130200063_,"Шина ""N"" нулевая 8х12мм 14/2 (крепеж по краям) IEK (10)",62.0,0.0,9.2,0.0,6.74,Низкая,база спроса ≈16 шт/мес (история 28 мес.); сезонность ×0.84; снижение спроса ×0.71; прогноз след. месяц ≈9 шт; остаток 62 + в пути 0,10.0
IEK,130200073_,Замок-защелка с трехгранным ключом IP54 (22-25/44),111.0,0.0,42.1,0.0,2.64,Низкая,база спроса ≈34 шт/мес (история 28 мес.); сезонность ×1.27; снижение спроса ×0.97; прогноз след. месяц ≈42 шт; остаток 111 + в пути 0,6.0
IEK,130200089_,"Шина ""N"" нулевая 6х9мм с изол  12-Д-С IEK (20)",103.0,60.0,25.4,0.0,4.06,Низкая,база спроса ≈21 шт/мес (история 32 мес.); сезонность ×0.62; рост спроса ×2.00; исключено разовых крупных заказов: 4; прогноз след. месяц ≈25 шт; остаток 103 + в пути 60,20.0
IEK,130200127_,"Шина ""N"" нулевая 6х9мм на DIN-рейку в корпусном изоляторе ШНИ 12К IEK (10)",34.0,0.0,12.3,0.0,2.76,Низкая,база спроса ≈6 шт/мес (история 30 мес.); сезонность ×1.23; рост спроса ×1.84; исключено разовых крупных заказов: 1; прогноз след. месяц ≈12 шт; остаток 34 + в пути 0,10.0
IEK,130200133_,"Шина ""N"" нулевая 2х15 групп на DIN-рейку в корпусе  IEK (10)",88.0,0.0,34.3,0.0,2.57,Низкая,база спроса ≈12 шт/мес (история 32 мес.); сезонность ×1.45; рост спроса ×2.00; исключено разовых крупных заказов: 5; прогноз след. месяц ≈34 шт; остаток 88 + в пути 0,10.0
IEK,130200183_,Токоизмерительные клещи Expert 266С IEK (20),31.0,2.0,8.0,0.0,3.88,Низкая,база спроса ≈5 шт/мес (история 32 мес.); сезонность ×1.17; рост спроса ×1.29; исключено разовых крупных заказов: 2; прогноз след. месяц ≈8 шт; остаток 31 + в пути 2,1.0
IEK,130200184_,Мультиметр цифровой Master MAS838L IEK (40),24.0,0.0,3.8,0.0,6.32,Низкая,база спроса ≈5 шт/мес (история 31 мес.); сезонность ×0.67; рост спроса ×1.16; исключено разовых крупных заказов: 2; прогноз след. месяц ≈4 шт; остаток 24 + в пути 0,1.0
IEK,130200301_,"Датчик движения ДД 045 белый E27,до 60 Вт,дальность 6 м IP20 IEK  (50)",9.0,0.0,4.0,0.0,2.25,Низкая,база спроса ≈2 шт/мес (история 8 мес.); рост спроса ×2.00; прогноз след. месяц ≈4 шт; остаток 9 + в пути 0,1.0
IEK,130200378_,Светильник светодиодный аккумуляторный ДБА 3928 15ч 12Вт IEK,59.0,120.0,13.8,0.0,4.28,Низкая,база спроса ≈28 шт/мес (история 28 мес.); сезонность ×0.63; снижение спроса ×0.78; исключено разовых крупных заказов: 1; прогноз след. месяц ≈14 шт; остаток 59 + в пути 120,1.0
IEK,130200409_,"Шина РЕ ""земля"" в комб DIN-изол ""Стойка"" ШНИ-8х12-8-КС-Ж IEK",202.0,0.0,41.3,0.0,4.89,Низкая,база спроса ≈47 шт/мес (история 32 мес.); сезонность ×1.11; снижение спроса ×0.79; исключено разовых крупных заказов: 2; прогноз след. месяц ≈41 шт; остаток 202 + в пути 0,20.0
IEK,130200416_,Сумка монтажника открытого типа BG-05 ARMA2L 5 IEK (1),2.0,0.0,1.0,0.0,2.0,Низкая,база спроса ≈1 шт/мес (история 5 мес.); прогноз след. месяц ≈1 шт; остаток 2 + в пути 0,1.0
IEK,130200419_,Бокорезы усиленные 180мм K4 ARMA2L 5 IEK (1),3.0,0.0,0.9,0.0,3.33,Низкая,база спроса ≈2 шт/мес (история 16 мес.); сезонность ×0.50; снижение спроса ×0.92; прогноз след. месяц ≈1 шт; остаток 3 + в пути 0,1.0
IEK,130200424_,Пассатижи 160мм K4 ARMA2L 5 IEK (1),3.0,0.0,0.6,0.0,5.0,Низкая,база спроса ≈1 шт/мес (история 25 мес.); сезонность ×0.75; снижение спроса ×0.86; прогноз след. месяц ≈1 шт; остаток 3 + в пути 0,1.0
IEK,130200425_,Пассатижи 180мм K4 ARMA2L 5 IEK (1),12.0,0.0,2.5,0.0,4.8,Низкая,база спроса ≈3 шт/мес (история 27 мес.); сезонность ×1.67; снижение спроса ×0.50; исключено разовых крупных заказов: 1; прогноз след. месяц ≈2 шт; остаток 12 + в пути 0,1.0
IEK,130200426_,Пассатижи 200мм K4 ARMA2L 5 IEK (1),8.0,2.0,1.6,0.0,5.0,Низкая,база спроса ≈2 шт/мес (история 26 мес.); сезонность ×1.75; снижение спроса ×0.61; исключено разовых крупных заказов: 2; прогноз след. месяц ≈2 шт; остаток 8 + в пути 2,1.0
IEK,130200432_,Мультиметр цифровой  цифровой DM2A IEK ARMA2L 5 IEK (40) NEW,7.0,2.0,1.3,0.0,5.38,Низкая,база спроса ≈2 шт/мес (история 22 мес.); сезонность ×1.00; снижение спроса ×0.64; исключено разовых крупных заказов: 1; прогноз след. месяц ≈1 шт; остаток 7 + в пути 2,1.0
IEK,130200437_,Токоизмерительные клещи CM1C IEK ARMA2L 5 IEK (30) NEW,9.0,0.0,2.8,0.0,3.21,Низкая,база спроса ≈3 шт/мес (история 27 мес.); сезонность ×0.83; рост спроса ×1.18; прогноз след. месяц ≈3 шт; остаток 9 + в пути 0,1.0
IEK,130200445_,Тестер розеток розеток ST03D ARMA2L 5 IEK (80) NEW,3.0,0.0,0.6,0.0,5.0,Низкая,база спроса ≈1 шт/мес (история 18 мес.); сезонность ×1.00; снижение спроса ×0.64; прогноз след. месяц ≈1 шт; остаток 3 + в пути 0,1.0
IEK,130200492_,Отвертка диэлектрическая PZ/SL1х80 Т2 ARMA2L 5 IEK,15.0,0.0,1.0,0.0,15.0,Низкая,база спроса ≈1 шт/мес (история 3 мес.); прогноз след. месяц ≈1 шт; остаток 15 + в пути 0,1.0
IEK,130200493_,Отвертка диэлектрическая PZ/SL2х100 Т2 ARMA2L 5 IEK,14.0,0.0,1.0,0.0,14.0,Низкая,база спроса ≈1 шт/мес (история 4 мес.); прогноз след. месяц ≈1 шт; остаток 14 + в пути 0,1.0
IEK,130200494_,Отвертка диэлектрическая SLIM PH/SL2х100 Т2 ARMA2L 5  IEK,18.0,0.0,1.0,0.0,18.0,Низкая,база спроса ≈1 шт/мес (история 1 мес.); прогноз след. месяц ≈1 шт; остаток 18 + в пути 0,1.0
IEK,130300003_,Пост тельф.ПКТ-63 (на 6 кноп.) IP54 IEK (5/30),24.0,0.0,1.8,0.0,13.33,Низкая,база спроса ≈3 шт/мес (история 28 мес.); сезонность ×0.67; снижение спроса ×0.88; прогноз след. месяц ≈2 шт; остаток 24 + в пути 0,5.0
IEK,130300004_,Пост тельф.ПКТ-62 (на 4 кноп.) IP54 IEK (5/40),20.0,0.0,9.7,0.0,2.06,Низкая,база спроса ≈3 шт/мес (история 20 мес.); сезонность ×3.00; рост спроса ×1.07; прогноз след. месяц ≈10 шт; остаток 20 + в пути 0,5.0
IEK,130300006_,Отвертка пробник ОП-2Э IEK (120),64.0,0.0,17.6,0.0,3.64,Низкая,база спроса ≈11 шт/мес (история 32 мес.); сезонность ×2.58; снижение спроса ×0.64; исключено разовых крупных заказов: 1; прогноз след. месяц ≈18 шт; остаток 64 + в пути 0,1.0
IEK,130300020_,Расцепитель независимый РН47 на DIN-рейку НОВЫЕ IEK (12/240),103.0,0.0,47.0,0.0,2.19,Низкая,база спроса ≈21 шт/мес (история 31 мес.); сезонность ×1.79; рост спроса ×1.23; исключено разовых крупных заказов: 5; прогноз след. месяц ≈47 шт; остаток 103 + в пути 0,12.0
IEK,130300022_,Кнопка ABLFS-22 (красный неон) IEK (10/200),84.0,0.0,16.4,0.0,5.12,Низкая,база спроса ≈19 шт/мес (история 31 мес.); сезонность ×0.71; рост спроса ×1.23; прогноз след. месяц ≈16 шт; остаток 84 + в пути 0,10.0
IEK,130300039_, ЗНИ 10мм ² (70А) серый  IEK (40),26.0,0.0,5.0,0.0,5.2,Низкая,база спроса ≈5 шт/мес (история 4 мес.); прогноз след. месяц ≈5 шт; остаток 26 + в пути 0,1.0
IEK,130300080_,"Кнопка PPВВ-30N ""ПУСК-СТОП"" Ø30мм IEK (10/200)",131.0,0.0,14.8,0.0,8.85,Низкая,база спроса ≈30 шт/мес (история 32 мес.); сезонность ×0.61; снижение спроса ×0.82; прогноз след. месяц ≈15 шт; остаток 131 + в пути 0,10.0
IEK,130300084_,Звонок ЗД-47 на DIN-рейку IEK (12/240),37.0,0.0,2.3,0.0,16.09,Низкая,база спроса ≈3 шт/мес (история 29 мес.); сезонность ×0.83; снижение спроса ×0.91; исключено разовых крупных заказов: 2; продажи скорректированы вверх из-за дефицита на складе; прогноз след. месяц ≈2 шт; остаток 37 + в пути 0,12.0
IEK,130300090_,"Сизы-1 (2,5-4,5) желтый P7-4 IEK (100)",6.0,0.0,1.0,0.0,6.0,Низкая,база спроса ≈1 шт/мес (история 5 мес.); прогноз след. месяц ≈1 шт; остаток 6 + в пути 0,1.0
IEK,130300091_,"Сизы-1 (4,0-11,0) красный P7-5 IEK (100)",6.0,0.0,2.9,0.0,2.07,Низкая,база спроса ≈2 шт/мес (история 11 мес.); рост спроса ×1.17; прогноз след. месяц ≈3 шт; остаток 6 + в пути 0,1.0
IEK,130300101_,Переключатель AKS-22  (черный с ключом на 2 фикс.полож.) IEK (10/200),22.0,0.0,10.1,0.0,2.18,Низкая,база спроса ≈6 шт/мес (история 18 мес.); сезонность ×1.00; рост спроса ×1.69; продажи скорректированы вверх из-за дефицита на складе; прогноз след. месяц ≈10 шт; остаток 22 + в пути 0,10.0
IEK,130300103_,Приставка ПКИ 11 1з+1р IEK (1/250),221.0,50.0,15.2,0.0,14.54,Низкая,база спроса ≈14 шт/мес (история 32 мес.); сезонность ×1.12; снижение спроса ×0.96; исключено разовых крупных заказов: 1; прогноз след. месяц ≈15 шт; остаток 221 + в пути 50,1.0
IEK,130300105_, ЗВИ 150 ПВХ (16-35мм ² 150А) 12 пар IEK (10),12.0,0.0,5.0,0.0,2.4,Низкая,база спроса ≈5 шт/мес (история 5 мес.); прогноз след. месяц ≈5 шт; остаток 12 + в пути 0,1.0
IEK,130300107_," ЗВИ   3 ПВХ (1,0-2,5мм ² 3А) 12 пар IEK (10)",35.0,0.0,4.0,0.0,8.75,Низкая,база спроса ≈4 шт/мес (история 5 мес.); прогноз след. месяц ≈4 шт; остаток 35 + в пути 0,1.0
IEK,130300108_, ЗВИ  15 ПВХ (4-10мм ² 15А) 12 пар IEK (10),25.0,0.0,4.7,0.0,5.32,Низкая,база спроса ≈5 шт/мес (история 15 мес.); сезонность ×0.77; рост спроса ×1.29; прогноз след. месяц ≈5 шт; остаток 25 + в пути 0,1.0
IEK,130300147_,Клещи обжимн КО-07Е 10-35мм IEK (40) ,7.0,0.0,1.0,0.0,7.0,Низкая,база спроса ≈1 шт/мес (история 12 мес.); сезонность ×1.00; прогноз след. месяц ≈1 шт; остаток 7 + в пути 0,1.0
IEK,130300152_,Приставка ПКИ 22 2з+2р IEK (1/250),248.0,50.0,69.0,0.0,3.59,Низкая,база спроса ≈64 шт/мес (история 31 мес.); сезонность ×1.30; снижение спроса ×0.83; исключено разовых крупных заказов: 2; прогноз след. месяц ≈69 шт; остаток 248 + в пути 50,1.0
IEK,130300154_,"Кнопка APBB-22N ""ПУСК-СТОП"" Ø22мм IEK(10/200)",321.0,80.0,83.2,0.0,3.86,Низкая,база спроса ≈54 шт/мес (история 32 мес.); сезонность ×2.14; снижение спроса ×0.72; прогноз след. месяц ≈83 шт; остаток 321 + в пути 80,10.0
IEK,130300166_,Основание контакт. ДП-33 габарит 00 (160А) IEK  (3/72) !!!,36.0,0.0,9.0,0.0,4.0,Низкая,база спроса ≈9 шт/мес (история 2 мес.); прогноз след. месяц ≈9 шт; остаток 36 + в пути 0,1.0
IEK,130300207_,ОПС1-C 2Р In=20kA Un=400B Im=40kA IEK,12.0,0.0,2.0,0.0,6.0,Низкая,база спроса ≈1 шт/мес (история 8 мес.); рост спроса ×2.00; исключено разовых крупных заказов: 1; прогноз след. месяц ≈2 шт; остаток 12 + в пути 0,1.0
IEK,130300223_, ЗНИ  2.5мм ² (24А) серый  IEK (50),13.0,0.0,3.2,0.0,4.06,Низкая,база спроса ≈6 шт/мес (история 7 мес.); снижение спроса ×0.50; прогноз след. месяц ≈3 шт; остаток 13 + в пути 0,1.0
IEK,130300275_,Сизы-1 (9-25мм) серый IEK (100),2.0,0.0,1.0,0.0,2.0,Низкая,база спроса ≈1 шт/мес (история 1 мес.); прогноз след. месяц ≈1 шт; остаток 2 + в пути 0,1.0
IEK,130300287_,"Датчик движения ДД 008 белый,до 1100 Вт,дальность 12 м IP44 IEK (48)",63.0,0.0,5.5,0.0,11.45,Низкая,база спроса ≈10 шт/мес (история 26 мес.); сезонность ×0.75; снижение спроса ×0.73; исключено разовых крупных заказов: 1; прогноз след. месяц ≈6 шт; остаток 63 + в пути 0,1.0
IEK,130300288_,"Датчик движения ДД 010 белый,до 1100 Вт,дальность 10 м IP44 IEK (48)",12.0,0.0,5.0,0.0,2.4,Низкая,база спроса ≈3 шт/мес (история 22 мес.); сезонность ×1.20; рост спроса ×1.34; прогноз след. месяц ≈5 шт; остаток 12 + в пути 0,1.0
IEK,130300449_,Скрепа СУ-20 IEK (100) ,4.0,0.0,1.5,0.0,2.67,Низкая,база спроса ≈2 шт/мес (история 23 мес.); сезонность ×0.50; рост спроса ×1.50; исключено разовых крупных заказов: 1; прогноз след. месяц ≈2 шт; остаток 4 + в пути 0,1.0
IEK,130300521_,Гильза изолир. фазная ГИФ 50 IEK  (10)(200) ,13.0,0.0,3.7,0.0,3.51,Низкая,база спроса ≈6 шт/мес (история 8 мес.); снижение спроса ×0.62; прогноз след. месяц ≈4 шт; остаток 13 + в пути 0,10.0
IEK,130300529_,Фасадное крепление КФК15-57.6 IEK (50) (150),128.0,50.0,63.8,0.0,2.01,Низкая,база спроса ≈42 шт/мес (история 29 мес.); сезонность ×0.75; рост спроса ×2.00; прогноз след. месяц ≈64 шт; остаток 128 + в пути 50,50.0
IEK,130300533_,Зажим анкерный ЗАС 4х70-95/27400 (HEL-5507) IEK (8),30.0,10.0,4.2,0.0,7.14,Низкая,база спроса ≈6 шт/мес (история 26 мес.); сезонность ×0.71; рост спроса ×1.01; прогноз след. месяц ≈4 шт; остаток 30 + в пути 10,1.0
IEK,130300535_,Крюк КМ-1800 IEK (25),137.0,40.0,22.0,0.0,6.23,Низкая,база спроса ≈26 шт/мес (история 31 мес.); сезонность ×0.42; рост спроса ×2.00; исключено разовых крупных заказов: 1; прогноз след. месяц ≈22 шт; остаток 137 + в пути 40,5.0
IEK,130300536_,Крюк КМ-2800 IEK (25),40.0,0.0,2.3,0.0,17.39,Низкая,база спроса ≈6 шт/мес (история 21 мес.); сезонность ×0.33; рост спроса ×1.16; прогноз след. месяц ≈2 шт; остаток 40 + в пути 0,5.0
IEK,130300538_,Зажим промеж. ЗПС 2х25-4х120/1800/30 (SO130.02) IEK (40),237.0,0.0,69.1,0.0,3.43,Низкая,база спроса ≈56 шт/мес (история 32 мес.); сезонность ×1.26; снижение спроса ×0.99; исключено разовых крупных заказов: 1; прогноз след. месяц ≈69 шт; остаток 237 + в пути 0,40.0
IEK,130300545_,"Клещи обжимн КО-08Е0,5-6мм (шестиграннник) IEK (40)",3.0,0.0,1.0,0.0,3.0,Низкая,база спроса ≈1 шт/мес (история 19 мес.); сезонность ×1.00; рост спроса ×1.04; прогноз след. месяц ≈1 шт; остаток 3 + в пути 0,1.0
IEK,130300546_,"Клещи обжимн КО-01 1,5-6мм IEK (40)",6.0,0.0,2.5,0.0,2.4,Низкая,база спроса ≈3 шт/мес (история 30 мес.); сезонность ×1.17; снижение спроса ×0.81; исключено разовых крупных заказов: 1; прогноз след. месяц ≈2 шт; остаток 6 + в пути 0,1.0
IEK,130300605_," ЗВИ  10 ПВХ (2,5-6мм ² 10А) 12 пар (2 шт/блистер) IEK (50)",12.0,0.0,1.0,0.0,12.0,Низкая,база спроса ≈1 шт/мес (история 3 мес.); прогноз след. месяц ≈1 шт; остаток 12 + в пути 0,1.0
IEK,130300606_,Кронштейн анкерный КАБ-200 IEK !!!,390.0,0.0,2.0,0.0,195.0,Низкая,база спроса ≈8 шт/мес (история 12 мес.); сезонность ×0.12; рост спроса ×2.00; прогноз след. месяц ≈2 шт; остаток 390 + в пути 0,1.0
IEK,130300765_,"Датчик движения МВ 401 белый, 1200 Вт, 360гр. дальность 8 м IP20 IEK (100)",26.0,0.0,0.7,0.0,37.14,Низкая,база спроса ≈5 шт/мес (история 16 мес.); сезонность ×0.18; снижение спроса ×0.79; прогноз след. месяц ≈1 шт; остаток 26 + в пути 0,1.0
IEK,130300769_,Переходник Е27-Е40  ПР27-40-К02 IEK (50) ,34.0,0.0,4.5,0.0,7.56,Низкая,база спроса ≈4 шт/мес (история 2 мес.); прогноз след. месяц ≈4 шт; остаток 34 + в пути 0,1.0
IEK,130300773_,Розетка для плиты РПпл11-01-Ст з/к c/у 32А белая IEK ,3.0,0.0,1.1,0.0,2.73,Низкая,база спроса ≈2 шт/мес (история 19 мес.); сезонность ×0.50; рост спроса ×1.42; прогноз след. месяц ≈1 шт; остаток 3 + в пути 0,10.0
IEK,130300774_,Розетка для плиты РПпл10-01-Ст з/к о/у 32А белая IEK,12.0,0.0,5.5,0.0,2.18,Низкая,база спроса ≈3 шт/мес (история 20 мес.); сезонность ×0.88; рост спроса ×2.00; прогноз след. месяц ≈6 шт; остаток 12 + в пути 0,10.0
IEK,130300775_,Вилка для плиты ВПпл10-01-Ст з/к 32А белая IEK,11.0,0.0,2.3,0.0,4.78,Низкая,база спроса ≈4 шт/мес (история 20 мес.); сезонность ×0.73; снижение спроса ×0.83; прогноз след. месяц ≈2 шт; остаток 11 + в пути 0,10.0
IEK,130300962_,"Амперметр Э47  200/5А кл. точн. 1,5 72х72 IEK (1/100)",5.0,0.0,1.1,0.0,4.55,Низкая,база спроса ≈3 шт/мес (история 15 мес.); сезонность ×0.33; рост спроса ×1.05; прогноз след. месяц ≈1 шт; остаток 5 + в пути 0,1.0
IEK,130300963_,"Амперметр Э47 1000/5A кл. точн. 1,5 72х72 IEK (1/100)",11.0,0.0,1.6,0.0,6.88,Низкая,база спроса ≈2 шт/мес (история 13 мес.); сезонность ×0.75; рост спроса ×1.05; прогноз след. месяц ≈2 шт; остаток 11 + в пути 0,1.0
IEK,130301016_,"Вольтметр Э47 500В кл. точн. 1,5 72х72 IEK (1/100)",16.0,0.0,4.7,0.0,3.4,Низкая,база спроса ≈2 шт/мес (история 26 мес.); сезонность ×2.82; снижение спроса ×0.84; прогноз след. месяц ≈5 шт; остаток 16 + в пути 0,1.0
IEK,130301079_,"Изолента 0,18х19 мм желто-зеленая 20 метров IEK (10) (200)",293.0,0.0,50.5,0.0,5.8,Низкая,база спроса ≈79 шт/мес (история 32 мес.); сезонность ×1.28; снижение спроса ×0.50; исключено разовых крупных заказов: 1; прогноз след. месяц ≈50 шт; остаток 293 + в пути 0,10.0
IEK,130301097_,Пресс гидравл. ПГР-300 IEK ,20.0,5.0,2.1,0.0,9.52,Низкая,база спроса ≈5 шт/мес (история 31 мес.); сезонность ×0.50; снижение спроса ×0.80; прогноз след. месяц ≈2 шт; остаток 20 + в пути 5,1.0
IEK,130301128_,Кронштейн для анкерного зажима КАМ-1500 IEK (10),11.0,0.0,3.5,0.0,3.14,Низкая,база спроса ≈2 шт/мес (история 20 мес.); сезонность ×4.00; снижение спроса ×0.50; прогноз след. месяц ≈4 шт; остаток 11 + в пути 0,10.0
IEK,130301263_,Устройство АВР модульное АВР-1 STANDARD 63А KARAT IEK (6) NEW,2.0,0.0,1.0,0.0,2.0,Низкая,база спроса ≈1 шт/мес (история 11 мес.); прогноз след. месяц ≈1 шт; остаток 2 + в пути 0,1.0
IEK,130301608_,"Колодка клеммная CTS   2,5мм2 серая IEK",454.0,0.0,116.0,0.0,3.91,Низкая,база спроса ≈58 шт/мес (история 21 мес.); сезонность ×1.65; рост спроса ×1.21; прогноз след. месяц ≈116 шт; остаток 454 + в пути 0,100.0
IEK,130301610_,Колодка клеммная CTS   4мм2 серая IEK,225.0,0.0,45.3,0.0,4.97,Низкая,база спроса ≈34 шт/мес (история 19 мес.); сезонность ×1.35; снижение спроса ×0.99; прогноз след. месяц ≈45 шт; остаток 225 + в пути 0,100.0
IEK,130301611_,Колодка клеммная CTS   4мм2 синяя IEK,87.0,0.0,8.3,0.0,10.48,Низкая,база спроса ≈17 шт/мес (история 14 мес.); сезонность ×1.00; снижение спроса ×0.50; прогноз след. месяц ≈8 шт; остаток 87 + в пути 0,100.0
IEK,130301612_,Колодка клеммная CTS   6мм2 серая IEK,56.0,0.0,27.6,0.0,2.03,Низкая,база спроса ≈16 шт/мес (история 18 мес.); сезонность ×1.00; рост спроса ×1.73; прогноз след. месяц ≈28 шт; остаток 56 + в пути 0,100.0
IEK,130301613_,Колодка клеммная CTS   6мм2 синяя IEK,53.0,0.0,6.4,0.0,8.28,Низкая,база спроса ≈8 шт/мес (история 13 мес.); сезонность ×0.75; рост спроса ×1.07; прогноз след. месяц ≈6 шт; остаток 53 + в пути 0,100.0
IEK,130301614_,Колодка клеммная CTS  10мм2 серая IEK,98.0,0.0,27.0,0.0,3.63,Низкая,база спроса ≈8 шт/мес (история 16 мес.); сезонность ×7.20; снижение спроса ×0.50; прогноз след. месяц ≈27 шт; остаток 98 + в пути 0,100.0
IEK,130301615_,Колодка клеммная CTS  10мм2 синяя IEK,87.0,0.0,7.0,0.0,12.43,Низкая,база спроса ≈4 шт/мес (история 14 мес.); сезонность ×2.50; снижение спроса ×0.70; прогноз след. месяц ≈7 шт; остаток 87 + в пути 0,100.0
IEK,130301616_,Колодка клеммная CTS  16мм2 серая IEK,101.0,0.0,0.3,0.0,336.67,Низкая,база спроса ≈4 шт/мес (история 18 мес.); сезонность ×0.13; снижение спроса ×0.50; прогноз след. месяц ≈0 шт; остаток 101 + в пути 0,50.0
IEK,130301617_,Колодка клеммная CTS  16мм2 синяя IEK,56.0,0.0,10.8,0.0,5.19,Низкая,база спроса ≈3 шт/мес (история 14 мес.); сезонность ×3.67; снижение спроса ×0.98; прогноз след. месяц ≈11 шт; остаток 56 + в пути 0,50.0
IEK,130301619_,Колодка клеммная CTS 25мм2 синяя IEK,50.0,0.0,9.0,0.0,5.56,Низкая,база спроса ≈4 шт/мес (история 10 мес.); рост спроса ×2.00; прогноз след. месяц ≈9 шт; остаток 50 + в пути 0,50.0
IEK,130301620_,Колодка клеммная CTS  35мм2 серая IEK,58.0,0.0,5.5,0.0,10.55,Низкая,база спроса ≈11 шт/мес (история 10 мес.); снижение спроса ×0.50; прогноз след. месяц ≈6 шт; остаток 58 + в пути 0,50.0
IEK,130301621_,Колодка клеммная CTS с шестигранником 35мм2 серая IEK,15.0,0.0,3.0,0.0,5.0,Низкая,база спроса ≈6 шт/мес (история 7 мес.); снижение спроса ×0.50; прогноз след. месяц ≈3 шт; остаток 15 + в пути 0,50.0
IEK,130301622_,Колодка клеммная CTS  35мм2 синяя IEK,29.0,0.0,4.0,0.0,7.25,Низкая,база спроса ≈2 шт/мес (история 9 мес.); рост спроса ×2.00; прогноз след. месяц ≈4 шт; остаток 29 + в пути 0,50.0
IEK,130301626_,Колодка клеммная CTS-PEN земля 4мм2 желто-зеленая IEK,179.0,0.0,9.6,0.0,18.65,Низкая,база спроса ≈15 шт/мес (история 19 мес.); сезонность ×1.00; снижение спроса ×0.65; прогноз след. месяц ≈10 шт; остаток 179 + в пути 0,50.0
IEK,130301627_,Колодка клеммная CTS-PEN земля 6мм2 желто-зеленая IEK,70.0,0.0,4.5,0.0,15.56,Низкая,база спроса ≈9 шт/мес (история 10 мес.); снижение спроса ×0.50; прогноз след. месяц ≈4 шт; остаток 70 + в пути 0,50.0
IEK,130301628_,Колодка клеммная CTS-PEN земля 10мм2 желто-зеленая IEK,45.0,0.0,6.4,0.0,7.03,Низкая,база спроса ≈4 шт/мес (история 15 мес.); сезонность ×2.00; снижение спроса ×0.80; прогноз след. месяц ≈6 шт; остаток 45 + в пути 0,50.0
IEK,130301629_,Колодка клеммная CTS-PEN земля 16мм2 желто-зеленая IEK,52.0,0.0,4.7,0.0,11.06,Низкая,база спроса ≈4 шт/мес (история 12 мес.); сезонность ×1.00; рост спроса ×1.19; прогноз след. месяц ≈5 шт; остаток 52 + в пути 0,50.0
IEK,130301630_,Колодка клеммная CTS-PEN земля монтаж неск. напр. 35мм2 IEK,14.0,0.0,2.4,0.0,5.83,Низкая,база спроса ≈4 шт/мес (история 6 мес.); снижение спроса ×0.61; прогноз след. месяц ≈2 шт; остаток 14 + в пути 0,20.0
IEK,130301631_,Колодка клеммная CTS-ML 2 ур. 4мм2 серая IEK,156.0,0.0,37.0,0.0,4.22,Низкая,база спроса ≈37 шт/мес (история 4 мес.); прогноз след. месяц ≈37 шт; остаток 156 + в пути 0,100.0
IEK,130301633_,Колодка клеммная CTS-F с предохранителем 4мм2 серая IEK,58.0,0.0,10.0,0.0,5.8,Низкая,база спроса ≈10 шт/мес (история 4 мес.); прогноз след. месяц ≈10 шт; остаток 58 + в пути 0,100.0
IEK,130301634_,"Колодка клеммная CP 1,5мм2 серая IEK",100.0,0.0,50.0,0.0,2.0,Низкая,база спроса ≈50 шт/мес (история 4 мес.); прогноз след. месяц ≈50 шт; остаток 100 + в пути 0,100.0
IEK,130301638_,"Колодка клеммная CP-MC 3 вывода 2,5мм2 серая IEK",87.0,0.0,12.5,0.0,6.96,Низкая,база спроса ≈25 шт/мес (история 7 мес.); снижение спроса ×0.50; прогноз след. месяц ≈12 шт; остаток 87 + в пути 0,100.0
IEK,130301641_,"Колодка клеммная CP-PEN земля 2,5мм2 желто-зеленая IEK",51.0,0.0,6.8,0.0,7.5,Низкая,база спроса ≈9 шт/мес (история 11 мес.); снижение спроса ×0.76; прогноз след. месяц ≈7 шт; остаток 51 + в пути 0,100.0
IEK,130301642_,"Колодка клеммная CP-MC-PEN земля 3 вывода 2,5мм2 IEK",90.0,0.0,10.0,0.0,9.0,Низкая,база спроса ≈10 шт/мес (история 1 мес.); прогноз след. месяц ≈10 шт; остаток 90 + в пути 0,100.0
IEK,130301644_,"Заглушка для CTS 2,5/4мм2 серая IEK",114.0,0.0,29.7,0.0,3.84,Низкая,база спроса ≈6 шт/мес (история 17 мес.); сезонность ×5.33; снижение спроса ×0.93; прогноз след. месяц ≈30 шт; остаток 114 + в пути 0,50.0
IEK,130301645_,"Заглушка для CTS 2,5/4мм2 синяя IEK",21.0,0.0,2.8,0.0,7.5,Низкая,база спроса ≈4 шт/мес (история 6 мес.); снижение спроса ×0.69; прогноз след. месяц ≈3 шт; остаток 21 + в пути 0,50.0
IEK,130301646_,Заглушка для CTS 6/10мм2 серая IEK,35.0,0.0,6.2,0.0,5.65,Низкая,база спроса ≈5 шт/мес (история 16 мес.); сезонность ×1.30; снижение спроса ×0.95; прогноз след. месяц ≈6 шт; остаток 35 + в пути 0,50.0
IEK,130301648_,"Разделитель для CTS большой 2,5/4мм2 серый IEK",73.0,0.0,6.5,0.0,11.23,Низкая,база спроса ≈6 шт/мес (история 4 мес.); прогноз след. месяц ≈6 шт; остаток 73 + в пути 0,100.0
IEK,130301649_,Разделитель для CTS малый 6/10мм2 серый IEK,32.0,0.0,5.0,0.0,6.4,Низкая,база спроса ≈5 шт/мес (история 3 мес.); прогноз след. месяц ≈5 шт; остаток 32 + в пути 0,50.0
IEK,130301673_,"Блок зажимов БЗН ТВ-1504 1,5 мм2 15А 4 пары IEK",91.0,0.0,40.0,0.0,2.28,Низкая,база спроса ≈40 шт/мес (история 5 мес.); прогноз след. месяц ≈40 шт; остаток 91 + в пути 0,100.0
IEK,130301674_,Блок зажимов БЗН ТВ-1004 10 мм2 100А 4 пары IEK,7.0,0.0,1.0,0.0,7.0,Низкая,база спроса ≈1 шт/мес (история 3 мес.); прогноз след. месяц ≈1 шт; остаток 7 + в пути 0,10.0
IEK,130301676_,"Блок зажимов БЗН ТВ-2506 2,5 мм2 25А 6 пар IEK",39.0,0.0,5.5,0.0,7.09,Низкая,база спроса ≈6 шт/мес (история 2 мес.); прогноз след. месяц ≈6 шт; остаток 39 + в пути 0,50.0
IEK,130301677_,"Блок зажимов БЗН ТВ-4506 4,5 мм2 45А 6 пар IEK",24.0,0.0,2.0,0.0,12.0,Низкая,база спроса ≈2 шт/мес (история 3 мес.); прогноз след. месяц ≈2 шт; остаток 24 + в пути 0,25.0
IEK,130301678_,"Блок зажимов БЗН ТВ-2512 2,5 мм2 25А 12 пар IEK",24.0,0.0,1.5,0.0,16.0,Низкая,база спроса ≈3 шт/мес (история 6 мес.); снижение спроса ×0.50; прогноз след. месяц ≈2 шт; остаток 24 + в пути 0,25.0
IEK,130301679_,"Блок зажимов БЗН ТВ-4512 4,5 мм2 45А 12 пар IEK",10.0,0.0,3.0,0.0,3.33,Низкая,база спроса ≈3 шт/мес (история 3 мес.); прогноз след. месяц ≈3 шт; остаток 10 + в пути 0,20.0
IEK,130301686_,Колодка клеммная CTS-MC-PEN земля 4 вывода 4мм2 IEK,45.0,0.0,4.0,0.0,11.25,Низкая,база спроса ≈4 шт/мес (история 1 мес.); прогноз след. месяц ≈4 шт; остаток 45 + в пути 0,50.0
IEK,130301688_,Колодка клеммная CTS-MC 4 вывода 4мм2 серая IEK,33.0,0.0,6.0,0.0,5.5,Низкая,база спроса ≈6 шт/мес (история 3 мес.); прогноз след. месяц ≈6 шт; остаток 33 + в пути 0,50.0
IEK,130301692_,Колодка клеммная CP-MC 4 вывода 4мм2 серая IEK,45.0,0.0,5.0,0.0,9.0,Низкая,база спроса ≈5 шт/мес (история 1 мес.); прогноз след. месяц ≈5 шт; остаток 45 + в пути 0,50.0
IEK,130301693_,Колодка клеммная CP-MC 3 вывода 10мм2 серая IEK,37.0,0.0,3.5,0.0,10.57,Низкая,база спроса ≈4 шт/мес (история 4 мес.); прогноз след. месяц ≈4 шт; остаток 37 + в пути 0,50.0
IEK,130301694_,"Колодка клеммная CP-ML-PEN 2 ур. земля-низ 1,5мм2 серая IEK",47.0,0.0,1.0,0.0,47.0,Низкая,база спроса ≈1 шт/мес (история 1 мес.); прогноз след. месяц ≈1 шт; остаток 47 + в пути 0,50.0
IEK,130301696_,Колодка клеммная CP-ML 2 ур. 4мм2 серая IEK,43.0,0.0,3.0,0.0,14.33,Низкая,база спроса ≈3 шт/мес (история 2 мес.); прогноз след. месяц ≈3 шт; остаток 43 + в пути 0,50.0
IEK,130301697_,Колодка клеммная CP-PEN земля 4мм2 желто-зеленая IEK,47.0,0.0,9.5,0.0,4.95,Низкая,база спроса ≈10 шт/мес (история 4 мес.); прогноз след. месяц ≈10 шт; остаток 47 + в пути 0,100.0
IEK,130301698_,"Колодка клеммная CP-MC-PEN земля 3 вывода 1,5мм2 IEK",94.0,0.0,5.0,0.0,18.8,Низкая,база спроса ≈5 шт/мес (история 1 мес.); прогноз след. месяц ≈5 шт; остаток 94 + в пути 0,100.0
IEK,130301700_,"Колодка клеммная CP-MC-PEN земля 4 вывода 2,5мм2 IEK",79.0,0.0,10.0,0.0,7.9,Низкая,база спроса ≈10 шт/мес (история 2 мес.); прогноз след. месяц ≈10 шт; остаток 79 + в пути 0,100.0
IEK,130301702_,Колодка клеммная CP-MC-PEN земля 4 вывода 4мм2 IEK,46.0,0.0,3.0,0.0,15.33,Низкая,база спроса ≈3 шт/мес (история 1 мес.); прогноз след. месяц ≈3 шт; остаток 46 + в пути 0,50.0
IEK,130301703_,"Колодка клеммная CP-ML 2 ур. нож. разм. 2,5мм2 серая IEK",49.0,0.0,1.0,0.0,49.0,Низкая,база спроса ≈1 шт/мес (история 1 мес.); прогноз след. месяц ≈1 шт; остаток 49 + в пути 0,50.0
IEK,130301704_,"Колодка клеммная CP-DT измерит. нож. разм. 2,5мм2 серая IEK",90.0,0.0,10.0,0.0,9.0,Низкая,база спроса ≈10 шт/мес (история 1 мес.); прогноз след. месяц ≈10 шт; остаток 90 + в пути 0,100.0
IEK,130301706_,Заглушка для CTS 6/10мм2 синяя IEK,20.0,0.0,4.0,0.0,5.0,Низкая,база спроса ≈4 шт/мес (история 5 мес.); прогноз след. месяц ≈4 шт; остаток 20 + в пути 0,50.0
IEK,130301708_,Заглушка для CTS-ML 2 ур. 4мм2 серая IEK,43.0,0.0,3.0,0.0,14.33,Низкая,база спроса ≈3 шт/мес (история 2 мес.); прогноз след. месяц ≈3 шт; остаток 43 + в пути 0,50.0
IEK,130301712_,Заглушка для CP 4мм2 серая IEK,24.0,0.0,6.0,0.0,4.0,Низкая,база спроса ≈6 шт/мес (история 3 мес.); прогноз след. месяц ≈6 шт; остаток 24 + в пути 0,50.0
IEK,130301716_,"Заглушка для CP-MC 4 вывода 2,5мм2 серая IEK",40.0,0.0,4.0,0.0,10.0,Низкая,база спроса ≈4 шт/мес (история 1 мес.); прогноз след. месяц ≈4 шт; остаток 40 + в пути 0,50.0
IEK,130301717_,Заглушка для CP-MC 3 вывода 4мм2 серая IEK,47.0,0.0,2.0,0.0,23.5,Низкая,база спроса ≈2 шт/мес (история 1 мес.); прогноз след. месяц ≈2 шт; остаток 47 + в пути 0,50.0
IEK,130301721_,Заглушка для CP-ML 2 ур. 4мм2 серая IEK,44.0,0.0,4.0,0.0,11.0,Низкая,база спроса ≈4 шт/мес (история 1 мес.); прогноз след. месяц ≈4 шт; остаток 44 + в пути 0,50.0
IEK,130301726_,Перемычка в сборе для CTS 4мм2 4PIN IEK,93.0,0.0,2.5,0.0,37.2,Низкая,база спроса ≈2 шт/мес (история 2 мес.); прогноз след. месяц ≈2 шт; остаток 93 + в пути 0,100.0
IEK,130301728_,Перемычка в сборе для CTS 35мм2 4PIN IEK,18.0,0.0,1.0,0.0,18.0,Низкая,база спроса ≈1 шт/мес (история 1 мес.); прогноз след. месяц ≈1 шт; остаток 18 + в пути 0,20.0
IEK,130301731_,Перемычка гребенчатая для CTS изолированная 16мм2 10PIN IEK,17.0,0.0,2.0,0.0,8.5,Низкая,база спроса ≈2 шт/мес (история 1 мес.); прогноз след. месяц ≈2 шт; остаток 17 + в пути 0,20.0
IEK,130301733_,Перемычка гребенчатая для CTS-F 4мм2 10PIN IEK,15.0,0.0,1.0,0.0,15.0,Низкая,база спроса ≈1 шт/мес (история 3 мес.); прогноз след. месяц ≈1 шт; остаток 15 + в пути 0,20.0
IEK,130301734_,"Перемычка гребенчатая для CP 1,5мм2 3PIN IEK",42.0,0.0,2.0,0.0,21.0,Низкая,база спроса ≈2 шт/мес (история 1 мес.); прогноз след. месяц ≈2 шт; остаток 42 + в пути 0,50.0
IEK,130301735_,"Перемычка гребенчатая для CP 1,5мм2 4PIN IEK",37.0,0.0,2.0,0.0,18.5,Низкая,база спроса ≈2 шт/мес (история 1 мес.); прогноз след. месяц ≈2 шт; остаток 37 + в пути 0,50.0
IEK,130301737_,Перемычка гребенчатая для CP 4мм2 2PIN IEK,55.0,0.0,7.0,0.0,7.86,Низкая,база спроса ≈7 шт/мес (история 5 мес.); прогноз след. месяц ≈7 шт; остаток 55 + в пути 0,100.0
IEK,130301739_,Вилка закорачивающая для CTS-DT 6мм2 2PIN IEK,20.0,0.0,4.0,0.0,5.0,Низкая,база спроса ≈4 шт/мес (история 1 мес.); прогноз след. месяц ≈4 шт; остаток 20 + в пути 0,25.0
IEK,130500005_,Изолятор SM76 IEK (10),10.0,0.0,4.5,0.0,2.22,Низкая,база спроса ≈9 шт/мес (история 7 мес.); снижение спроса ×0.50; прогноз след. месяц ≈4 шт; остаток 10 + в пути 0,1.0
IEK,130500010_, Сальник PG 16 (9-13мм) IEK (20),5.0,0.0,2.0,0.0,2.5,Низкая,база спроса ≈4 шт/мес (история 7 мес.); снижение спроса ×0.50; прогноз след. месяц ≈2 шт; остаток 5 + в пути 0,1.0
IEK,130500013_, Сальник PG 36 (24-32мм) IEK (20),7.0,0.0,1.0,0.0,7.0,Низкая,база спроса ≈1 шт/мес (история 3 мес.); прогноз след. месяц ≈1 шт; остаток 7 + в пути 0,1.0
IEK,130500015_, Сальник PG 48 (36-44мм) IEK (20),5.0,0.0,2.5,0.0,2.0,Низкая,база спроса ≈2 шт/мес (история 4 мес.); прогноз след. месяц ≈2 шт; остаток 5 + в пути 0,1.0
IEK,130500027_,Изолятор SM35 IEK (10),54.0,0.0,9.3,0.0,5.81,Низкая,база спроса ≈6 шт/мес (история 11 мес.); рост спроса ×1.56; прогноз след. месяц ≈9 шт; остаток 54 + в пути 0,1.0
IEK,130500046_, Сальник PGL 11 (5-8мм) IEK (20) !!!,1497.0,0.0,3.0,0.0,499.0,Низкая,база спроса ≈3 шт/мес (история 4 мес.); прогноз след. месяц ≈3 шт; остаток 1497 + в пути 0,1.0
IEK,130500080_,ОПС1-C 4Р In=20kA Un=400B Im=40kA IEK,8.0,0.0,3.3,0.0,2.42,Низкая,база спроса ≈3 шт/мес (история 7 мес.); рост спроса ×1.11; прогноз след. месяц ≈3 шт; остаток 8 + в пути 0,1.0
IEK,130500085_,ОПС1-D 2Р In=5kA Un=230B Im=10kA IEK,4.0,0.0,1.0,0.0,4.0,Низкая,база спроса ≈1 шт/мес (история 5 мес.); прогноз след. месяц ≈1 шт; остаток 4 + в пути 0,1.0
IEK,130500088_,ОПС1-C 3Р In=20kA Un=400B Im=40kA IEK,3.0,0.0,1.0,0.0,3.0,Низкая,база спроса ≈1 шт/мес (история 5 мес.); прогноз след. месяц ≈1 шт; остаток 3 + в пути 0,1.0
IEK,130500094_,ОПС1-B 4Р In=30kA Un=400B Im=60kA IEK,23.0,0.0,0.7,0.0,32.86,Низкая,база спроса ≈1 шт/мес (история 9 мес.); снижение спроса ×0.67; исключено разовых крупных заказов: 1; прогноз след. месяц ≈1 шт; остаток 23 + в пути 0,1.0
IEK,130500102_,ОПС1-B 3Р In=30kA Un=400B Im=60kA IEK,16.0,0.0,2.5,0.0,6.4,Низкая,база спроса ≈2 шт/мес (история 4 мес.); прогноз след. месяц ≈2 шт; остаток 16 + в пути 0,1.0
IEK,130500136_,ОПС1-C 1Р In=20kA Un=400B Im=40kA IEK,5.0,0.0,2.0,0.0,2.5,Низкая,база спроса ≈2 шт/мес (история 5 мес.); прогноз след. месяц ≈2 шт; остаток 5 + в пути 0,1.0
IEK,130600021_,Тепловое реле РТИ-1314 (7-10А) IEK (1/100),85.0,0.0,6.7,0.0,12.69,Низкая,база спроса ≈11 шт/мес (история 31 мес.); сезонность ×1.25; снижение спроса ×0.50; исключено разовых крупных заказов: 2; прогноз след. месяц ≈7 шт; остаток 85 + в пути 0,1.0
IEK,130600022_,Тепловое реле РТИ-1316 (9-13А) IEK (1/100),52.0,0.0,13.5,0.0,3.85,Низкая,база спроса ≈7 шт/мес (история 31 мес.); сезонность ×1.40; рост спроса ×1.29; прогноз след. месяц ≈14 шт; остаток 52 + в пути 0,1.0
IEK,130600023_,Тепловое реле РТИ-1322 (17-25А) IEK (1/100),121.0,40.0,43.0,0.0,2.81,Низкая,база спроса ≈27 шт/мес (история 32 мес.); сезонность ×1.26; рост спроса ×1.27; исключено разовых крупных заказов: 2; прогноз след. месяц ≈43 шт; остаток 121 + в пути 40,1.0
IEK,130600031_,"Тепловое реле РТИ-1307 (1,6-2,5А) IEK (1/100)",10.0,15.0,4.6,0.0,2.17,Низкая,база спроса ≈6 шт/мес (история 31 мес.); сезонность ×1.30; снижение спроса ×0.61; исключено разовых крупных заказов: 1; прогноз след. месяц ≈5 шт; остаток 10 + в пути 15,1.0
IEK,130600032_,Тепловое реле РТИ-1310 (4-6А) IEK (1/100),60.0,0.0,5.8,0.0,10.34,Низкая,база спроса ≈4 шт/мес (история 32 мес.); сезонность ×1.78; снижение спроса ×0.79; исключено разовых крупных заказов: 2; прогноз след. месяц ≈6 шт; остаток 60 + в пути 0,1.0
IEK,130600051_,Тепловое реле РТИ-3357 (37-50А) IEK (50),27.0,0.0,8.9,0.0,3.03,Низкая,база спроса ≈6 шт/мес (история 28 мес.); сезонность ×2.57; снижение спроса ×0.59; исключено разовых крупных заказов: 1; прогноз след. месяц ≈9 шт; остаток 27 + в пути 0,1.0
IEK,130600052_,"Тепловое реле РТИ-1308 (2,5-4,0А) IEK (1/100)",71.0,0.0,5.5,0.0,12.91,Низкая,база спроса ≈3 шт/мес (история 31 мес.); сезонность ×1.81; снижение спроса ×0.97; прогноз след. месяц ≈6 шт; остаток 71 + в пути 0,1.0
IEK,130600060_,Разъем РРМ78/3(PYF11A) для РЭК78/3(MY3) модульный IEK E-PRO,46.0,0.0,7.2,0.0,6.39,Низкая,база спроса ≈7 шт/мес (история 16 мес.); сезонность ×0.71; рост спроса ×1.43; исключено разовых крупных заказов: 1; прогноз след. месяц ≈7 шт; остаток 46 + в пути 0,1.0
IEK,130600063_,Разъем РРМ77/4(PTF14A) для РЭК77/4(LY4) модульный IEK (10/400),241.0,0.0,25.1,0.0,9.6,Низкая,база спроса ≈36 шт/мес (история 32 мес.); сезонность ×1.37; снижение спроса ×0.51; исключено разовых крупных заказов: 3; прогноз след. месяц ≈25 шт; остаток 241 + в пути 0,10.0
IEK,130600064_,Тепловое реле РТИ-3363 (63-80А) IEK (50),25.0,0.0,4.7,0.0,5.32,Низкая,база спроса ≈4 шт/мес (история 31 мес.); сезонность ×1.30; снижение спроса ×0.87; прогноз след. месяц ≈5 шт; остаток 25 + в пути 0,1.0
IEK,130600066_,Тепловое реле РТИ-3353 (23-32А) IEK (50),47.0,0.0,3.7,0.0,12.7,Низкая,база спроса ≈10 шт/мес (история 29 мес.); сезонность ×0.54; снижение спроса ×0.66; прогноз след. месяц ≈4 шт; остаток 47 + в пути 0,1.0
IEK,130600067_,Тепловое реле РТИ-3361 (55-70А) IEK (50),24.0,0.0,2.3,0.0,10.43,Низкая,база спроса ≈6 шт/мес (история 23 мес.); сезонность ×0.33; рост спроса ×1.16; прогноз след. месяц ≈2 шт; остаток 24 + в пути 0,1.0
IEK,130600076_,"Тепловое реле РТИ-1302 (0,16-0,25А) IEK !!!",8.0,0.0,4.0,0.0,2.0,Низкая,база спроса ≈4 шт/мес (история 3 мес.); прогноз след. месяц ≈4 шт; остаток 8 + в пути 0,1.0
IEK,130600078_,"Тепловое реле РТИ-1304 (0,4-0,63А) IEK (1/100)",9.0,0.0,1.3,0.0,6.92,Низкая,база спроса ≈2 шт/мес (история 16 мес.); сезонность ×0.67; снижение спроса ×0.82; исключено разовых крупных заказов: 1; прогноз след. месяц ≈1 шт; остаток 9 + в пути 0,1.0
IEK,130600079_,"Тепловое реле РТИ-1305 (0,63-1,0А) IEK (1/100)",20.0,4.0,6.7,0.0,2.99,Низкая,база спроса ≈6 шт/мес (история 22 мес.); сезонность ×1.57; снижение спроса ×0.76; прогноз след. месяц ≈7 шт; остаток 20 + в пути 4,1.0
IEK,130600080_,"Тепловое реле РТИ-1306 (1-1,6А) IEK (1/100)",13.0,0.0,4.0,0.0,3.25,Низкая,база спроса ≈3 шт/мес (история 30 мес.); сезонность ×1.67; снижение спроса ×0.80; исключено разовых крупных заказов: 1; прогноз след. месяц ≈4 шт; остаток 13 + в пути 0,1.0
IEK,130600098_,Разъем РРМ77/3(PTF11A) для РЭК77/3(LY3) модульный IEK,17.0,0.0,5.5,0.0,3.09,Низкая,база спроса ≈4 шт/мес (история 22 мес.); сезонность ×2.18; снижение спроса ×0.66; прогноз след. месяц ≈6 шт; остаток 17 + в пути 0,10.0
IEK,130600136_,Реле фаз ORF 03. 3ф 220-460V IEK (1/200),8.0,0.0,3.4,0.0,2.35,Низкая,база спроса ≈3 шт/мес (история 19 мес.); сезонность ×1.33; снижение спроса ×0.79; прогноз след. месяц ≈3 шт; остаток 8 + в пути 0,1.0
IEK,130600138_,Реле фаз ORF 06. 3ф 220-460V IEK (1/200),24.0,6.0,4.6,0.0,5.22,Низкая,база спроса ≈5 шт/мес (история 30 мес.); сезонность ×0.90; рост спроса ×1.02; исключено разовых крупных заказов: 1; прогноз след. месяц ≈5 шт; остаток 24 + в пути 6,1.0
IEK,130600145_,Термостат от 0 до 60 °C NC IEK (200) NEW,117.0,0.0,37.4,0.0,3.13,Низкая,база спроса ≈11 шт/мес (история 28 мес.); сезонность ×5.14; снижение спроса ×0.66; прогноз след. месяц ≈37 шт; остаток 117 + в пути 0,10.0
IEK,130600209_,Реле интерфейсное ORM-1 4C 24В DC с LED и тест. кнопкой ONI ORM-1-4C-DC24V-L-B NEW,14.0,0.0,7.0,0.0,2.0,Низкая,база спроса ≈7 шт/мес (история 2 мес.); прогноз след. месяц ≈7 шт; остаток 14 + в пути 0,20.0
IEK,130600212_,Реле общ. назнач. OGR-2 4C 24В DC ONI OGR-2-4C-DC24V NEW,3.0,0.0,1.5,0.0,2.0,Низкая,база спроса ≈3 шт/мес (история 9 мес.); снижение спроса ×0.50; прогноз след. месяц ≈2 шт; остаток 3 + в пути 0,1.0
IEK,130600215_,Реле общ. назнач. OGR-2 2C 220В AC ONI OGR-2-2C-AC220V NEW,8.0,0.0,2.0,0.0,4.0,Низкая,база спроса ≈2 шт/мес (история 5 мес.); прогноз след. месяц ≈2 шт; остаток 8 + в пути 0,1.0
IEK,130600253_,"Преобраз. частоты A150 380В 3Ф  7,5кВт 17А встр. торм ONI A150-33-75NT NEW(6) NEW",2.0,0.0,1.0,0.0,2.0,Низкая,база спроса ≈1 шт/мес (история 5 мес.); прогноз след. месяц ≈1 шт; остаток 2 + в пути 0,1.0
IEK,130600256_,"Преобраз. частоты A150 380В 3Ф  2,2кВт 6А встр. торм ONI A150-33-22NT NEW (12) NEW",3.0,0.0,1.0,0.0,3.0,Низкая,база спроса ≈1 шт/мес (история 9 мес.); прогноз след. месяц ≈1 шт; остаток 3 + в пути 0,1.0
IEK,130600258_,"Преобраз. частоты A150 380В 3Ф  1,5кВт 5А встр. торм ONI A150-33-15NT NEW (12) NEW",2.0,0.0,1.0,0.0,2.0,Низкая,база спроса ≈1 шт/мес (история 5 мес.); прогноз след. месяц ≈1 шт; остаток 2 + в пути 0,1.0
IEK,130900001_,ВКИ-230 3Р 16А 230\400В IP40 IEK (10/100),57.0,20.0,2.5,0.0,22.8,Низкая,база спроса ≈2 шт/мес (история 28 мес.); сезонность ×0.50; рост спроса ×2.00; прогноз след. месяц ≈2 шт; остаток 57 + в пути 20,10.0
IEK,130900008_,Кнопка ALCLR-22 (черный.на 3 полож) IEK (10/200),48.0,10.0,14.3,0.0,3.36,Низкая,база спроса ≈8 шт/мес (история 28 мес.); сезонность ×3.36; снижение спроса ×0.50; прогноз след. месяц ≈14 шт; остаток 48 + в пути 10,10.0
IEK,130900009_,Кнопка ANE-22 (грибок с фиксац.красн.неон) IEK (10/200),84.0,0.0,39.1,0.0,2.15,Низкая,база спроса ≈33 шт/мес (история 32 мес.); сезонность ×1.00; рост спроса ×1.20; прогноз след. месяц ≈39 шт; остаток 84 + в пути 0,10.0
IEK,130900010_,Переключатель ANC-22-2 (красный неон на 2 полож)  IEK (10/200),23.0,0.0,2.5,0.0,9.2,Низкая,база спроса ≈6 шт/мес (история 20 мес.); сезонность ×0.20; рост спроса ×2.00; прогноз след. месяц ≈2 шт; остаток 23 + в пути 0,10.0
IEK,130900012_, Переключатель ANC-22-2 (зеленый неон на 2 полож)  IEK (10/200),60.0,0.0,28.8,0.0,2.08,Низкая,база спроса ≈23 шт/мес (история 31 мес.); сезонность ×1.30; снижение спроса ×0.96; прогноз след. месяц ≈29 шт; остаток 60 + в пути 0,10.0
IEK,130900017_,Кнопка AEAL-22 (грибок с фиксац.красн) IEK (10/200),155.0,0.0,6.0,0.0,25.83,Низкая,база спроса ≈7 шт/мес (история 32 мес.); сезонность ×1.75; снижение спроса ×0.50; исключено разовых крупных заказов: 1; прогноз след. месяц ≈6 шт; остаток 155 + в пути 0,10.0
IEK,130900019_,"Кнопка SB-7 ""СТОП"" (красная Ø22мм) IEK (10/500)",513.0,100.0,87.7,0.0,5.85,Низкая,база спроса ≈126 шт/мес (история 32 мес.); сезонность ×0.85; снижение спроса ×0.82; исключено разовых крупных заказов: 4; прогноз след. месяц ≈88 шт; остаток 513 + в пути 100,10.0
IEK,130900020_,"Кнопка SB-7 ""ПУСК"" (зеленая Ø22мм) IEK (10/500)",500.0,100.0,112.9,0.0,4.43,Низкая,база спроса ≈158 шт/мес (история 32 мес.); сезонность ×1.00; снижение спроса ×0.72; исключено разовых крупных заказов: 4; прогноз след. месяц ≈113 шт; остаток 500 + в пути 100,10.0
IEK,130900030_,Кнопка AELA-22 (грибок красный неон) IEK (10/200),18.0,0.0,7.5,0.0,2.4,Низкая,база спроса ≈10 шт/мес (история 22 мес.); сезонность ×1.00; снижение спроса ×0.75; прогноз след. месяц ≈8 шт; остаток 18 + в пути 0,10.0
IEK,130900065_,"Кнопка AEA-22  (грибок, красный)  IEK  (10/200)",32.0,0.0,2.2,0.0,14.55,Низкая,база спроса ≈3 шт/мес (история 24 мес.); сезонность ×0.86; снижение спроса ×0.77; прогноз след. месяц ≈2 шт; остаток 32 + в пути 0,10.0
IEK,150100494_, LED ДВО Опал 36w/2800lm 595x595x10 6500K IP20 IEK (драйвера приобретаются отдельно),17.0,0.0,7.0,0.0,2.43,Низкая,база спроса ≈7 шт/мес (история 2 мес.); прогноз след. месяц ≈7 шт; остаток 17 + в пути 0,1.0
IEK,150100666_, ТУТ 12/6 черная IEK (100),385.0,0.0,16.5,0.0,23.33,Низкая,база спроса ≈16 шт/мес (история 2 мес.); прогноз след. месяц ≈16 шт; остаток 385 + в пути 0,1.0
IEK,150100667_, ТУТ 20/10 желтая IEK (100),73.0,0.0,6.0,0.0,12.17,Низкая,база спроса ≈6 шт/мес (история 5 мес.); прогноз след. месяц ≈6 шт; остаток 73 + в пути 0,1.0
IEK,150100720_, ТУТ 20/10 зеленая IEK (100),13.0,0.0,3.0,0.0,4.33,Низкая,база спроса ≈3 шт/мес (история 3 мес.); прогноз след. месяц ≈3 шт; остаток 13 + в пути 0,1.0
IEK,150100854_, ТУТ  2/1 черная IEK (1),150.0,0.0,1.0,0.0,150.0,Низкая,база спроса ≈1 шт/мес (история 3 мес.); прогноз след. месяц ≈1 шт; остаток 150 + в пути 0,1.0
IEK,150100855_, ТУТ 20/10 красная IEK (100),9.0,0.0,2.5,0.0,3.6,Низкая,база спроса ≈5 шт/мес (история 11 мес.); снижение спроса ×0.50; прогноз след. месяц ≈2 шт; остаток 9 + в пути 0,1.0
IEK,150100955_, ТУТ 20/10  черная IEK (100),40.0,0.0,0.0,0.0,99.0,Низкая,база спроса ≈0 шт/мес (история 20 мес.); сезонность ×0.31; снижение спроса ×0.50; исключено разовых крупных заказов: 1; прогноз след. месяц ≈0 шт; остаток 40 + в пути 0,1.0
IEK,150100961_, ТУТ  6/3 черная IEK (200),80.0,0.0,2.5,0.0,32.0,Низкая,база спроса ≈2 шт/мес (история 4 мес.); прогноз след. месяц ≈2 шт; остаток 80 + в пути 0,1.0
IEK,150101010_, ТУТ 40/20 желтая  IEK (50),31.0,0.0,6.5,0.0,4.77,Низкая,база спроса ≈6 шт/мес (история 4 мес.); прогноз след. месяц ≈6 шт; остаток 31 + в пути 0,1.0
IEK,150101103_, ТУТ 30/15 синяя IEK (50),22.0,0.0,6.7,0.0,3.28,Низкая,база спроса ≈7 шт/мес (история 11 мес.); снижение спроса ×0.96; прогноз след. месяц ≈7 шт; остаток 22 + в пути 0,1.0
IEK,150101104_, ТУТ 40/20 синяя IEK (50),16.0,0.0,3.2,0.0,5.0,Низкая,база спроса ≈2 шт/мес (история 11 мес.); рост спроса ×1.61; прогноз след. месяц ≈3 шт; остаток 16 + в пути 0,1.0
IEK,150101155_,"Патрон подвесной E27 со шнуром 1,5м RETRO черный IEK",16.0,0.0,3.7,0.0,4.32,Низкая,база спроса ≈5 шт/мес (история 7 мес.); снижение спроса ×0.74; прогноз след. месяц ≈4 шт; остаток 16 + в пути 0,10.0
IEK,150101158_,"Патрон подвесной E27 со шнуром 1,5м RETRO бронза IEK",37.0,0.0,2.5,0.0,14.8,Низкая,база спроса ≈5 шт/мес (история 7 мес.); снижение спроса ×0.50; прогноз след. месяц ≈2 шт; остаток 37 + в пути 0,1.0
IEK,150101177_,Светильник уличный LED 5103 наст. 10Вт 4000К IP54 черный IEK,13.0,0.0,3.0,0.0,4.33,Низкая,база спроса ≈3 шт/мес (история 2 мес.); прогноз след. месяц ≈3 шт; остаток 13 + в пути 0,1.0
IEK,150101178_,Светильник уличный LED 5103 наст. 10Вт 4000К IP54 серый IEK,19.0,0.0,2.0,0.0,9.5,Низкая,база спроса ≈2 шт/мес (история 1 мес.); прогноз след. месяц ≈2 шт; остаток 19 + в пути 0,1.0
IEK,150101179_,Светильник уличный LED 5111 наст. 6Вт 4000К IP65 белый IEK,8.0,0.0,1.0,0.0,8.0,Низкая,база спроса ≈1 шт/мес (история 5 мес.); прогноз след. месяц ≈1 шт; остаток 8 + в пути 0,1.0
IEK,150101180_,Светильник уличный LED 5111 наст. 6Вт 4000К IP65 черный IEK,46.0,0.0,14.0,0.0,3.29,Низкая,база спроса ≈7 шт/мес (история 9 мес.); рост спроса ×2.00; прогноз след. месяц ≈14 шт; остаток 46 + в пути 0,1.0
IEK,150101183_,Светильник уличный 5101 настенный E27 IP54 черный IEK,34.0,0.0,3.5,0.0,9.71,Низкая,база спроса ≈5 шт/мес (история 15 мес.); сезонность ×1.20; снижение спроса ×0.58; прогноз след. месяц ≈4 шт; остаток 34 + в пути 0,1.0
IEK,150101188_,Светильник уличный 5107 настенный GU10 IP65 белый IEK,75.0,0.0,2.5,0.0,30.0,Низкая,база спроса ≈2 шт/мес (история 2 мес.); прогноз след. месяц ≈2 шт; остаток 75 + в пути 0,1.0
IEK,150101189_,Светильник уличный 5107 настенный GU10 IP65 черный IEK,24.0,0.0,5.9,0.0,4.07,Низкая,база спроса ≈6 шт/мес (история 17 мес.); сезонность ×1.00; рост спроса ×1.05; прогноз след. месяц ≈6 шт; остаток 24 + в пути 0,1.0
IEK,150101190_,Светильник уличный 5107 настенный GU10 IP65 серый IEK,48.0,0.0,2.9,0.0,16.55,Низкая,база спроса ≈7 шт/мес (история 12 мес.); сезонность ×0.29; рост спроса ×1.47; прогноз след. месяц ≈3 шт; остаток 48 + в пути 0,1.0
IEK,150101191_,Светильник уличный 5108 настенный 2хGU10 IP65 белый IEK,36.0,0.0,5.5,0.0,6.55,Низкая,база спроса ≈6 шт/мес (история 7 мес.); снижение спроса ×0.85; прогноз след. месяц ≈6 шт; остаток 36 + в пути 0,1.0
IEK,150101193_,Светильник уличный 5108 настенный 2хGU10 IP65 серый IEK,26.0,0.0,0.7,0.0,37.14,Низкая,база спроса ≈12 шт/мес (история 16 мес.); сезонность ×0.08; снижение спроса ×0.68; прогноз след. месяц ≈1 шт; остаток 26 + в пути 0,1.0
IEK,150101194_,Светильник уличный 5220 настенный GU10 IP65 белый IEK,78.0,0.0,1.5,0.0,52.0,Низкая,база спроса ≈2 шт/мес (история 2 мес.); прогноз след. месяц ≈2 шт; остаток 78 + в пути 0,1.0
IEK,150101195_,Светильник уличный 5220 настенный GU10 IP65 черный IEK,78.0,0.0,1.0,0.0,78.0,Низкая,база спроса ≈1 шт/мес (история 1 мес.); прогноз след. месяц ≈1 шт; остаток 78 + в пути 0,1.0
IEK,150101196_,Светильник уличный 5220 настенный GU10 IP65 серый IEK,78.0,0.0,1.0,0.0,78.0,Низкая,база спроса ≈1 шт/мес (история 1 мес.); прогноз след. месяц ≈1 шт; остаток 78 + в пути 0,1.0
IEK,150101197_,Светильник уличный 5221 настенный 2хGU10 IP65 белый IEK,54.0,0.0,2.5,0.0,21.6,Низкая,база спроса ≈2 шт/мес (история 2 мес.); прогноз след. месяц ≈2 шт; остаток 54 + в пути 0,1.0
IEK,150101198_,Светильник уличный 5221 настенный 2хGU10 IP65 черный IEK,20.0,0.0,1.5,0.0,13.33,Низкая,база спроса ≈3 шт/мес (история 8 мес.); снижение спроса ×0.50; прогноз след. месяц ≈2 шт; остаток 20 + в пути 0,1.0
IEK,150101199_,Светильник уличный 5221 настенный 2хGU10 IP65 серый IEK,23.0,0.0,6.0,0.0,3.83,Низкая,база спроса ≈12 шт/мес (история 7 мес.); снижение спроса ×0.50; прогноз след. месяц ≈6 шт; остаток 23 + в пути 0,1.0
IEK,150101203_,Светильник уличный 5110 потолочный GU10 IP65 белый IEK,79.0,0.0,20.0,0.0,3.95,Низкая,база спроса ≈20 шт/мес (история 1 мес.); прогноз след. месяц ≈20 шт; остаток 79 + в пути 0,1.0
IEK,150101204_,Светильник уличный 5110 потолочный GU10 IP65 черный IEK,110.0,0.0,44.5,0.0,2.47,Низкая,база спроса ≈44 шт/мес (история 2 мес.); прогноз след. месяц ≈44 шт; остаток 110 + в пути 0,1.0
IEK,150101205_,Светильник уличный 5110 потолочный GU10 IP65 серый IEK,68.0,0.0,31.0,0.0,2.19,Низкая,база спроса ≈31 шт/мес (история 1 мес.); прогноз след. месяц ≈31 шт; остаток 68 + в пути 0,1.0
IEK,150101207_,Светильник уличный 5112 настенный GU10 IP65 серый IEK,71.0,0.0,4.0,0.0,17.75,Низкая,база спроса ≈4 шт/мес (история 2 мес.); прогноз след. месяц ≈4 шт; остаток 71 + в пути 0,1.0
IEK,150101208_,Светильник уличный 5113 настенный 2хGU10 IP65 черный IEK,66.0,0.0,17.0,0.0,3.88,Низкая,база спроса ≈8 шт/мес (история 10 мес.); рост спроса ×2.00; прогноз след. месяц ≈17 шт; остаток 66 + в пути 0,1.0
IEK,150101209_,Светильник уличный 5113 настенный 2хGU10 IP65 серый IEK,30.0,0.0,1.2,0.0,25.0,Низкая,база спроса ≈2 шт/мес (история 8 мес.); снижение спроса ×0.50; прогноз след. месяц ≈1 шт; остаток 30 + в пути 0,1.0
IEK,150101210_,Светильник уличный 5222 потолочный GU10 IP65 белый IEK,87.0,0.0,3.0,0.0,29.0,Низкая,база спроса ≈3 шт/мес (история 1 мес.); прогноз след. месяц ≈3 шт; остаток 87 + в пути 0,1.0
IEK,151000059_,НПП 1101-100  бел/круг IEK(8) ,122.0,0.0,49.6,0.0,2.46,Низкая,база спроса ≈32 шт/мес (история 29 мес.); сезонность ×1.94; снижение спроса ×0.80; прогноз след. месяц ≈50 шт; остаток 122 + в пути 0,1.0
IEK,151000061_,НПП 1102-100  бел/круг с реш. IEK(8),73.0,0.0,19.4,0.0,3.76,Низкая,база спроса ≈16 шт/мес (история 26 мес.); сезонность ×1.05; рост спроса ×1.19; прогноз след. месяц ≈19 шт; остаток 73 + в пути 0,1.0
IEK,151000082_,НПП 1401-60  бел/овал IP54 IEK(12) ,14.0,0.0,3.8,0.0,3.68,Низкая,база спроса ≈3 шт/мес (история 19 мес.); сезонность ×1.50; снижение спроса ×0.84; прогноз след. месяц ≈4 шт; остаток 14 + в пути 0,1.0
IEK,151000084_,НПП 1402-60  черн/овал с реш. IP54 IEK(12) !!!,3.0,0.0,1.0,0.0,3.0,Низкая,база спроса ≈1 шт/мес (история 1 мес.); прогноз след. месяц ≈1 шт; остаток 3 + в пути 0,1.0
IEK,151000558_,"Блок ав-го питания БАП58-1,0 IEK (5) ",12.0,0.0,1.7,0.0,7.06,Низкая,база спроса ≈5 шт/мес (история 14 мес.); сезонность ×0.40; снижение спроса ×0.86; прогноз след. месяц ≈2 шт; остаток 12 + в пути 0,1.0
IEK,151000606_,Отвертка Master 4х100мм IEK (12) ,2.0,0.0,1.0,0.0,2.0,Низкая,база спроса ≈1 шт/мес (история 2 мес.); прогноз след. месяц ≈1 шт; остаток 2 + в пути 0,1.0
IEK,151000691_,"Датчик движения ДД 009 черный,до 1100 Вт,дальность 12 м IP44 IEK (48)",26.0,10.0,5.8,0.0,4.48,Низкая,база спроса ≈6 шт/мес (история 27 мес.); сезонность ×1.33; снижение спроса ×0.75; прогноз след. месяц ≈6 шт; остаток 26 + в пути 10,1.0
IEK,151000692_,"Датчик движения ДД 010 черный,до 1100 Вт,дальность 10 м IP44 IEK (48)",4.0,0.0,1.6,0.0,2.5,Низкая,база спроса ≈2 шт/мес (история 14 мес.); сезонность ×1.00; снижение спроса ×0.78; прогноз след. месяц ≈2 шт; остаток 4 + в пути 0,1.0
IEK,151000693_,"Датчик движения ДД 012 черный,до 1100 Вт,дальность 10 м IP44 IEK (48)",2.0,0.0,1.0,0.0,2.0,Низкая,база спроса ≈1 шт/мес (история 3 мес.); прогноз след. месяц ≈1 шт; остаток 2 + в пути 0,1.0
IEK,151000783_,Дальномер лазерный DM60 Professional IEK,2.0,0.0,1.0,0.0,2.0,Низкая,база спроса ≈1 шт/мес (история 1 мес.); прогноз след. месяц ≈1 шт; остаток 2 + в пути 0,1.0
IEK,200400001_, I1  выкл. 1кл. 10А КВАРТА ВС 10-1-0-КБ (200),169.0,0.0,44.1,0.0,3.83,Низкая,база спроса ≈41 шт/мес (история 31 мес.); сезонность ×0.62; рост спроса ×1.72; продажи скорректированы вверх из-за дефицита на складе; прогноз след. месяц ≈44 шт; остаток 169 + в пути 0,10.0
IEK,200400003_, I2  выкл. 2кл. 10А КВАРТА ВС 10-2-0-КБ (200) ,51.0,0.0,8.2,0.0,6.22,Низкая,база спроса ≈13 шт/мес (история 27 мес.); сезонность ×0.37; рост спроса ×1.74; прогноз след. месяц ≈8 шт; остаток 51 + в пути 0,10.0
IEK,200400004_, I4  выкл. 2кл. с инд.10А КВАРТА ВС 10-2-1-КБ (200),12.0,0.0,2.5,0.0,4.8,Низкая,база спроса ≈4 шт/мес (история 20 мес.); сезонность ×1.17; снижение спроса ×0.50; прогноз след. месяц ≈2 шт; остаток 12 + в пути 0,10.0
IEK,200400011_,I11 розетка тел. КВАРТА РТ10-КБ (10/200),24.0,0.0,4.0,0.0,6.0,Низкая,база спроса ≈4 шт/мес (история 1 мес.); прогноз след. месяц ≈4 шт; остаток 24 + в пути 0,10.0
IEK,200400014_,I14 роз. 2-я комп+тел КВАРТА РК/Т12-КБ (200) ,9.0,0.0,1.0,0.0,9.0,Низкая,база спроса ≈1 шт/мес (история 1 мес.); прогноз след. месяц ≈1 шт; остаток 9 + в пути 0,10.0
IEK,200400016_,I15 Рамка 2-я КВАРТА (760) ,4.0,0.0,1.6,0.0,2.5,Низкая,база спроса ≈2 шт/мес (история 22 мес.); сезонность ×1.58; снижение спроса ×0.50; прогноз след. месяц ≈2 шт; остаток 4 + в пути 0,38.0
IEK,200400017_,I16 Рамка 3-я КВАРТА (500) ,23.0,0.0,6.3,0.0,3.65,Низкая,база спроса ≈3 шт/мес (история 21 мес.); сезонность ×1.75; рост спроса ×1.16; прогноз след. месяц ≈6 шт; остаток 23 + в пути 0,25.0
IEK,200400022_,I21 выкл. 2кл. с инд. о/у 10А ОКТАВА ВС 20-2-1-ОБ (36/432) ,19.0,0.0,7.6,0.0,2.5,Низкая,база спроса ≈2 шт/мес (история 21 мес.); сезонность ×2.75; рост спроса ×1.38; исключено разовых крупных заказов: 1; прогноз след. месяц ≈8 шт; остаток 19 + в пути 0,36.0
IEK,200400025_,I24 роз. 2-я о/у 10А ОКТАВА РС 22-2-0-ОБ (24/288),82.0,0.0,36.9,0.0,2.22,Низкая,база спроса ≈22 шт/мес (история 32 мес.); сезонность ×3.34; снижение спроса ×0.50; исключено разовых крупных заказов: 1; прогноз след. месяц ≈37 шт; остаток 82 + в пути 0,24.0
IEK,200400032_,ЛВО 1501 белый б/с Е27 2х26 (Downlight) IEK !!!,24.0,0.0,3.5,0.0,6.86,Низкая,база спроса ≈4 шт/мес (история 2 мес.); прогноз след. месяц ≈4 шт; остаток 24 + в пути 0,1.0
IEK,200400085_,"  F/UTP (24 AWG), кат.5Е экран, 4 пары, серый  305м ITK",9084.0,0.0,1756.9,0.0,5.17,Низкая,база спроса ≈1698 шт/мес (история 32 мес.); сезонность ×1.08; снижение спроса ×0.96; прогноз след. месяц ≈1757 шт; остаток 9084 + в пути 0,1.0
IEK,200400101_, I6 роз. с/у з/к 16А КВАРТА РС 10-3-КБ (200),314.0,0.0,15.9,0.0,19.75,Низкая,база спроса ≈9 шт/мес (история 30 мес.); сезонность ×0.89; рост спроса ×2.00; исключено разовых крупных заказов: 1; прогноз след. месяц ≈16 шт; остаток 314 + в пути 0,10.0
IEK,200400250_,"F/UTP (24 AWG), кат.5Е экран, 4 пары, LDPE внеш.черный 305м ITK ",4950.0,0.0,910.2,0.0,5.44,Низкая,база спроса ≈614 шт/мес (история 32 мес.); сезонность ×0.74; рост спроса ×2.00; прогноз след. месяц ≈910 шт; остаток 4950 + в пути 0,1.0
IEK,200400264_,Инструмент обжим. RJ-45/12/11 с храп. мех. ITK ,6.0,0.0,0.9,0.0,6.67,Низкая,база спроса ≈1 шт/мес (история 25 мес.); сезонность ×0.50; рост спроса ×1.56; прогноз след. месяц ≈1 шт; остаток 6 + в пути 0,1.0
IEK,200400329_,"U/UTP кат.6 4х2х0,57 PVCLS нг(А)-LSLTx белый (305м) ITK",2440.0,0.0,305.0,0.0,8.0,Низкая,база спроса ≈305 шт/мес (история 2 мес.); прогноз след. месяц ≈305 шт; остаток 2440 + в пути 0,1.0
IEK,200400330_,"U/UTP кат.6 4х2х0,57 LSZH нг(А)-HF оранжевый (305м)  ITK ",1760.0,0.0,115.0,0.0,15.3,Низкая,база спроса ≈115 шт/мес (история 5 мес.); прогноз след. месяц ≈115 шт; остаток 1760 + в пути 0,1.0
IEK,240100002_,"Хомут 2,5х150 IEK (100)",172.0,0.0,2.2,0.0,78.18,Низкая,база спроса ≈5 шт/мес (история 27 мес.); сезонность ×0.67; снижение спроса ×0.59; прогноз след. месяц ≈2 шт; остаток 172 + в пути 0,20.0
IEK,240100003_,"Хомут 3,6х100 IEK (100)",56.0,0.0,8.0,0.0,7.0,Низкая,база спроса ≈3 шт/мес (история 22 мес.); сезонность ×1.21; рост спроса ×2.00; прогноз след. месяц ≈8 шт; остаток 56 + в пути 0,20.0
IEK,240100004_," Хомут 3,6х150 IEK (100)",88.0,0.0,15.4,0.0,5.71,Низкая,база спроса ≈17 шт/мес (история 32 мес.); сезонность ×1.08; снижение спроса ×0.85; исключено разовых крупных заказов: 3; прогноз след. месяц ≈15 шт; остаток 88 + в пути 0,20.0
IEK,240100005_," Хомут 3,6х200 IEK (100)",763.0,200.0,263.3,0.0,2.9,Низкая,база спроса ≈164 шт/мес (история 32 мес.); сезонность ×1.37; рост спроса ×1.17; исключено разовых крупных заказов: 4; прогноз след. месяц ≈263 шт; остаток 763 + в пути 200,20.0
IEK,240100006_," Хомут 3,6х300 IEK (100)",620.0,100.0,43.7,0.0,14.19,Низкая,база спроса ≈89 шт/мес (история 32 мес.); сезонность ×0.76; снижение спроса ×0.64; исключено разовых крупных заказов: 4; прогноз след. месяц ≈44 шт; остаток 620 + в пути 100,20.0
IEK,240100007_," Хомут 3,6х350 IEK (100)",96.0,0.0,13.4,0.0,7.16,Низкая,база спроса ≈18 шт/мес (история 31 мес.); сезонность ×0.58; рост спроса ×1.28; прогноз след. месяц ≈13 шт; остаток 96 + в пути 0,20.0
IEK,240100011_,"Хомут 4,8х450 IEK (100)",55.0,0.0,9.1,0.0,6.04,Низкая,база спроса ≈19 шт/мес (история 27 мес.); сезонность ×0.44; рост спроса ×1.08; прогноз след. месяц ≈9 шт; остаток 55 + в пути 0,10.0
IEK,240100013_," Хомут 7,6х500 IEK (100)",89.0,0.0,8.6,0.0,10.35,Низкая,база спроса ≈7 шт/мес (история 29 мес.); сезонность ×1.25; снижение спроса ×0.97; прогноз след. месяц ≈9 шт; остаток 89 + в пути 0,5.0
IEK,240100026_," Хомут 4,8х250 IEK (100)",166.0,0.0,32.1,0.0,5.17,Низкая,база спроса ≈24 шт/мес (история 32 мес.); сезонность ×0.67; рост спроса ×2.00; исключено разовых крупных заказов: 1; прогноз след. месяц ≈32 шт; остаток 166 + в пути 0,10.0
IEK,240100028_," Хомут 2,5х100 IEK (100)",121.0,0.0,28.7,0.0,4.22,Низкая,база спроса ≈21 шт/мес (история 32 мес.); сезонность ×0.98; рост спроса ×1.41; исключено разовых крупных заказов: 3; прогноз след. месяц ≈29 шт; остаток 121 + в пути 0,20.0
IEK,240100029_,"Хомут 2,5х200 IEK (100)",316.0,0.0,80.7,0.0,3.92,Низкая,база спроса ≈20 шт/мес (история 25 мес.); сезонность ×2.54; рост спроса ×1.58; прогноз след. месяц ≈81 шт; остаток 316 + в пути 0,20.0
IEK,240100091_," Хомут 2,5х100 черные IEK (100)",187.0,0.0,62.7,0.0,2.98,Низкая,база спроса ≈40 шт/мес (история 32 мес.); сезонность ×2.42; снижение спроса ×0.65; исключено разовых крупных заказов: 5; прогноз след. месяц ≈63 шт; остаток 187 + в пути 0,20.0
IEK,240100092_," Хомут 2,5х200 черные IEK (100)",5.0,0.0,2.0,0.0,2.5,Низкая,база спроса ≈2 шт/мес (история 4 мес.); прогноз след. месяц ≈2 шт; остаток 5 + в пути 0,1.0
IEK,240100094_," Хомут 4,8х300 черные IEK (100)",883.0,300.0,345.7,0.0,2.55,Низкая,база спроса ≈256 шт/мес (история 32 мес.); сезонность ×1.63; снижение спроса ×0.83; исключено разовых крупных заказов: 5; прогноз след. месяц ≈346 шт; остаток 883 + в пути 300,10.0
IEK,240100095_,Площадка (самоклеющаяся) черная 20х20 IEK (100),29.0,10.0,4.1,0.0,7.07,Низкая,база спроса ≈7 шт/мес (история 31 мес.); сезонность ×0.92; снижение спроса ×0.69; исключено разовых крупных заказов: 1; прогноз след. месяц ≈4 шт; остаток 29 + в пути 10,10.0
IEK,240100096_,Площадка (самоклеющаяся) черная 25х25 IEK (100),16.0,0.0,1.9,0.0,8.42,Низкая,база спроса ≈3 шт/мес (история 27 мес.); сезонность ×0.75; снижение спроса ×0.82; прогноз след. месяц ≈2 шт; остаток 16 + в пути 0,5.0
IEK,240100107_,"Хомут 7,6х300 IEK (100)",50.0,0.0,22.9,0.0,2.18,Низкая,база спроса ≈16 шт/мес (история 28 мес.); сезонность ×1.55; снижение спроса ×0.93; исключено разовых крупных заказов: 1; прогноз след. месяц ≈23 шт; остаток 50 + в пути 0,5.0
IEK,240100111_,Дюбель-хомут 11-18мм нейлон бел. IEK (100),517.0,0.0,83.2,0.0,6.21,Низкая,база спроса ≈114 шт/мес (история 32 мес.); сезонность ×1.42; снижение спроса ×0.52; исключено разовых крупных заказов: 1; прогноз след. месяц ≈83 шт; остаток 517 + в пути 0,5.0
IEK,240100185_," Хомут 4,8х200 IEK (100)",44.0,0.0,15.8,0.0,2.78,Низкая,база спроса ≈9 шт/мес (история 32 мес.); сезонность ×1.45; рост спроса ×1.17; прогноз след. месяц ≈16 шт; остаток 44 + в пути 0,10.0
IEK,240100208_," Хомут 4,8х200 черные (100) IEK",510.0,150.0,238.2,0.0,2.14,Низкая,база спроса ≈134 шт/мес (история 32 мес.); сезонность ×1.68; рост спроса ×1.06; исключено разовых крупных заказов: 6; прогноз след. месяц ≈238 шт; остаток 510 + в пути 150,10.0
IEK,240100209_,Площадка (самоклеющаяся) черная 40х40 IEK (100),3.0,0.0,1.0,0.0,3.0,Низкая,база спроса ≈1 шт/мес (история 13 мес.); сезонность ×1.00; рост спроса ×1.01; прогноз след. месяц ≈1 шт; остаток 3 + в пути 0,5.0
IEK,240200011_,Круглая скоба 10мм IEK (100),7.0,0.0,1.0,0.0,7.0,Низкая,база спроса ≈1 шт/мес (история 5 мес.); прогноз след. месяц ≈1 шт; остаток 7 + в пути 0,1.0
IEK,240200029_,Плоская скоба 12мм IEK (100),3.0,0.0,1.0,0.0,3.0,Низкая,база спроса ≈1 шт/мес (история 5 мес.); прогноз след. месяц ≈1 шт; остаток 3 + в пути 0,1.0
IEK,240200032_,Плоская скоба 14мм IEK (100),59.0,0.0,1.0,0.0,59.0,Низкая,база спроса ≈1 шт/мес (история 8 мес.); прогноз след. месяц ≈1 шт; остаток 59 + в пути 0,1.0
IEK,240300014_,"Маркер МК1-2,5мм символ ""1"" 1000шт\ролл IEK ",4.0,3.0,0.8,0.0,5.0,Низкая,база спроса ≈1 шт/мес (история 24 мес.); сезонность ×1.50; снижение спроса ×0.53; прогноз след. месяц ≈1 шт; остаток 4 + в пути 3,1.0
IEK,240300020_,"Маркер МК1-2,5мм символ ""7"" 1000шт\ролл IEK",2.0,0.0,1.0,0.0,2.0,Низкая,база спроса ≈1 шт/мес (история 12 мес.); сезонность ×1.00; прогноз след. месяц ≈1 шт; остаток 2 + в пути 0,1.0
IEK,240300027_,"Маркер МК0-1,5мм символ ""1"" 1000шт\ролл IEK",10.0,4.0,3.8,0.0,2.63,Низкая,база спроса ≈4 шт/мес (история 30 мес.); сезонность ×1.29; снижение спроса ×0.83; прогноз след. месяц ≈4 шт; остаток 10 + в пути 4,1.0
IEK,240300034_,"Маркер МК0-1,5мм символ ""5"" 1000шт\ролл IEK",3.0,5.0,1.5,0.0,2.0,Низкая,база спроса ≈2 шт/мес (история 29 мес.); сезонность ×1.25; снижение спроса ×0.58; прогноз след. месяц ≈2 шт; остаток 3 + в пути 5,1.0
IEK,240300035_,"Маркер МК0-1,5мм символ ""0"" 1000шт\ролл IEK",9.0,4.0,4.3,0.0,2.09,Низкая,база спроса ≈4 шт/мес (история 28 мес.); сезонность ×1.17; снижение спроса ×0.97; прогноз след. месяц ≈4 шт; остаток 9 + в пути 4,1.0
IEK,240300050_,"Маркер МК0-1,5мм символ ""3"" 1000шт\ролл IEK",8.0,0.0,3.3,0.0,2.42,Низкая,база спроса ≈3 шт/мес (история 29 мес.); сезонность ×1.17; снижение спроса ×0.95; прогноз след. месяц ≈3 шт; остаток 8 + в пути 0,1.0
IEK,240300051_,"Маркер МК0-1,5мм символ ""4"" 1000шт\ролл IEK",8.0,4.0,3.3,0.0,2.42,Низкая,база спроса ≈3 шт/мес (история 29 мес.); сезонность ×1.17; снижение спроса ×0.95; прогноз след. месяц ≈3 шт; остаток 8 + в пути 4,1.0
IEK,240300052_,"Маркер МК0-1,5мм символ ""6"" 1000шт\ролл IEK",3.0,4.0,1.4,0.0,2.14,Низкая,база спроса ≈2 шт/мес (история 29 мес.); сезонность ×1.25; снижение спроса ×0.55; прогноз след. месяц ≈1 шт; остаток 3 + в пути 4,1.0
IEK,240300053_,"Маркер МК0-1,5мм символ ""7"" 1000шт\ролл IEK",11.0,0.0,2.6,0.0,4.23,Низкая,база спроса ≈2 шт/мес (история 28 мес.); сезонность ×1.25; рост спроса ×1.02; прогноз след. месяц ≈3 шт; остаток 11 + в пути 0,1.0
IEK,240300054_,"Маркер МК0-1,5мм символ ""8"" 1000шт\ролл IEK",10.0,3.0,3.2,0.0,3.12,Низкая,база спроса ≈2 шт/мес (история 29 мес.); сезонность ×1.50; рост спроса ×1.05; прогноз след. месяц ≈3 шт; остаток 10 + в пути 3,1.0
IEK,240300055_,"Маркер МК0-1,5мм символ ""9"" 1000шт\ролл IEK",7.0,5.0,2.7,0.0,2.59,Низкая,база спроса ≈2 шт/мес (история 29 мес.); сезонность ×1.50; снижение спроса ×0.90; прогноз след. месяц ≈3 шт; остаток 7 + в пути 5,1.0
IEK,250200007_, ЩМП- 3 IP 54 (650х500х220) IEK,33.0,0.0,15.2,0.0,2.17,Низкая,база спроса ≈7 шт/мес (история 28 мес.); сезонность ×2.00; рост спроса ×1.15; исключено разовых крупных заказов: 2; продажи скорректированы вверх из-за дефицита на складе; прогноз след. месяц ≈15 шт; остаток 33 + в пути 0,1.0
IEK,250200008_, ЩМП- 4 IP 31 (800х650х250) IEK,13.0,0.0,3.8,0.0,3.42,Низкая,база спроса ≈2 шт/мес (история 27 мес.); сезонность ×1.83; рост спроса ×1.24; исключено разовых крупных заказов: 1; прогноз след. месяц ≈4 шт; остаток 13 + в пути 0,1.0
IEK,250200009_, ЩМП- 4 IP 54 (800х650х250) IEK,8.0,0.0,3.9,0.0,2.05,Низкая,база спроса ≈3 шт/мес (история 20 мес.); сезонность ×1.45; рост спроса ×1.02; исключено разовых крупных заказов: 1; прогноз след. месяц ≈4 шт; остаток 8 + в пути 0,1.0
IEK,250200011_,ЩРВ  24 (405x320x120) IP30 TITAN 3 IEK   ,11.0,0.0,3.3,0.0,3.33,Низкая,база спроса ≈5 шт/мес (история 21 мес.); сезонность ×0.90; снижение спроса ×0.74; прогноз след. месяц ≈3 шт; остаток 11 + в пути 0,1.0
IEK,250200015_,ЩРН  18 (265x440x120) IP31 TITAN 3 IEK   ,25.0,0.0,4.8,0.0,5.21,Низкая,база спроса ≈4 шт/мес (история 25 мес.); сезонность ×1.64; снижение спроса ×0.82; прогноз след. месяц ≈5 шт; остаток 25 + в пути 0,1.0
IEK,250200020_,ЩРН   9 (325x280x135) IP31 TITAN 3 IEK   ,7.0,0.0,2.9,0.0,2.41,Низкая,база спроса ≈2 шт/мес (история 23 мес.); сезонность ×2.50; снижение спроса ×0.50; исключено разовых крупных заказов: 1; прогноз след. месяц ≈3 шт; остаток 7 + в пути 0,1.0
IEK,250200023_,ЩУРв-3-30зо (550x500x165) IEK,1.0,0.0,0.0,0.0,99.0,Низкая,база спроса ≈0 шт/мес (история 2 мес.); прогноз след. месяц ≈0 шт; остаток 1 + в пути 0,1.0
IEK,250200025_,ЩУРн-1-12зо (395x310x165) IEK,11.0,0.0,1.8,0.0,6.11,Низкая,база спроса ≈1 шт/мес (история 30 мес.); сезонность ×1.00; рост спроса ×2.00; исключено разовых крупных заказов: 1; прогноз след. месяц ≈2 шт; остаток 11 + в пути 0,1.0
IEK,250200026_,ЩУРн-3-12зо (550x320x175) IEK,10.0,0.0,3.9,0.0,2.56,Низкая,база спроса ≈3 шт/мес (история 29 мес.); сезонность ×2.40; снижение спроса ×0.50; исключено разовых крупных заказов: 1; прогноз след. месяц ≈4 шт; остаток 10 + в пути 0,1.0
IEK,250200027_,ЩУРн-3-30зо (540x490x165) IEK,11.0,4.0,4.7,0.0,2.34,Низкая,база спроса ≈2 шт/мес (история 28 мес.); сезонность ×1.17; рост спроса ×1.80; прогноз след. месяц ≈5 шт; остаток 11 + в пути 4,1.0
IEK,250200028_,ЩУРн-3-48зо (600x540x165) IEK,15.0,0.0,3.1,0.0,4.84,Низкая,база спроса ≈2 шт/мес (история 30 мес.); сезонность ×2.17; снижение спроса ×0.95; прогноз след. месяц ≈3 шт; остаток 15 + в пути 0,1.0
IEK,250200029_,Заглушка 12 модулей серая,55.0,0.0,20.0,0.0,2.75,Низкая,база спроса ≈20 шт/мес (история 4 мес.); прогноз след. месяц ≈20 шт; остаток 55 + в пути 0,1.0
IEK,250200037_, ЩМП- 7 IP 31 (1320х750х300) IEK,3.0,0.0,1.5,0.0,2.0,Низкая,база спроса ≈1 шт/мес (история 16 мес.); сезонность ×1.50; прогноз след. месяц ≈2 шт; остаток 3 + в пути 0,1.0
IEK,250200041_, ЩМП- 5 IP 31 (1000х650х300) IEK,8.0,0.0,1.8,0.0,4.44,Низкая,база спроса ≈1 шт/мес (история 20 мес.); сезонность ×1.50; рост спроса ×1.43; прогноз след. месяц ≈2 шт; остаток 8 + в пути 0,1.0
IEK,250200042_, ЩМП- 5 IP 54 (1000х650х300) IEK,15.0,0.0,1.7,0.0,8.82,Низкая,база спроса ≈4 шт/мес (история 28 мес.); сезонность ×0.75; снижение спроса ×0.55; исключено разовых крупных заказов: 1; прогноз след. месяц ≈2 шт; остаток 15 + в пути 0,1.0
IEK,250200050_, ЩМП- 6 IP 31 (1200х750х300) IEK,6.0,0.0,2.9,0.0,2.07,Низкая,база спроса ≈3 шт/мес (история 14 мес.); сезонность ×1.00; рост спроса ×1.10; прогноз след. месяц ≈3 шт; остаток 6 + в пути 0,1.0
IEK,250200051_, ЩМП- 6 IP 54 (1200х750х300) IEK,3.0,0.0,0.6,0.0,5.0,Низкая,база спроса ≈1 шт/мес (история 9 мес.); снижение спроса ×0.60; прогноз след. месяц ≈1 шт; остаток 3 + в пути 0,1.0
IEK,250200077_,ЩРН  72з (540x600x120)  IP31 TITAN 3 IEK   ,7.0,0.0,3.2,0.0,2.19,Низкая,база спроса ≈1 шт/мес (история 20 мес.); сезонность ×3.50; снижение спроса ×0.90; прогноз след. месяц ≈3 шт; остаток 7 + в пути 0,1.0
IEK,250200078_,ЩЭ 3 (1010x970x155) IP31 IEK,14.0,0.0,6.0,0.0,2.33,Низкая,база спроса ≈6 шт/мес (история 1 мес.); прогноз след. месяц ≈6 шт; остаток 14 + в пути 0,1.0
IEK,250600001_,ЩРВ-П 12 IEK (10) MKP12-V-04-12-41,96.0,0.0,26.4,0.0,3.64,Низкая,база спроса ≈9 шт/мес (история 32 мес.); сезонность ×1.51; рост спроса ×1.86; исключено разовых крупных заказов: 3; прогноз след. месяц ≈26 шт; остаток 96 + в пути 0,10.0
IEK,250600002_,ЩРВ-П 18 IEK (10) MKP12-V-04-18-41,72.0,0.0,26.8,0.0,2.69,Низкая,база спроса ≈13 шт/мес (история 32 мес.); сезонность ×1.03; рост спроса ×2.00; исключено разовых крупных заказов: 2; прогноз след. месяц ≈27 шт; остаток 72 + в пути 0,10.0
IEK,250600003_,ЩРВ-П 24 IEK (10) MKP12-V-04-24-41,50.0,10.0,13.3,0.0,3.76,Низкая,база спроса ≈11 шт/мес (история 32 мес.); сезонность ×1.26; снижение спроса ×0.99; исключено разовых крупных заказов: 5; прогноз след. месяц ≈13 шт; остаток 50 + в пути 10,10.0
IEK,250600004_,ЩРВ-П 36 IEK (5) MKP12-V-04-36-41,31.0,0.0,6.9,0.0,4.49,Низкая,база спроса ≈11 шт/мес (история 32 мес.); сезонность ×0.59; рост спроса ×1.04; исключено разовых крупных заказов: 1; прогноз след. месяц ≈7 шт; остаток 31 + в пути 0,5.0
IEK,250600006_,ЩРВ-П  8 IEK (20) MKP12-V-04-08-41,40.0,0.0,12.8,0.0,3.12,Низкая,база спроса ≈3 шт/мес (история 31 мес.); сезонность ×2.14; рост спроса ×2.00; исключено разовых крупных заказов: 2; прогноз след. месяц ≈13 шт; остаток 40 + в пути 0,20.0
IEK,250600007_,ЩРН-П 12 IEK (10) MKP12-N-04-12-41,334.0,0.0,137.0,0.0,2.44,Низкая,база спроса ≈58 шт/мес (история 32 мес.); сезонность ×1.87; рост спроса ×1.26; исключено разовых крупных заказов: 12; прогноз след. месяц ≈137 шт; остаток 334 + в пути 0,10.0
IEK,250600009_,ЩРН-П 24 IEK (10) MKP12-N-04-24-41,43.0,20.0,16.6,0.0,2.59,Низкая,база спроса ≈16 шт/мес (история 32 мес.); сезонность ×1.33; снижение спроса ×0.75; исключено разовых крупных заказов: 5; прогноз след. месяц ≈17 шт; остаток 43 + в пути 20,10.0
IEK,250600012_,ЩРН-П 36 IEK (5) MKP12-N-04-36-41,21.0,0.0,5.3,0.0,3.96,Низкая,база спроса ≈5 шт/мес (история 32 мес.); сезонность ×1.24; снижение спроса ×0.87; прогноз след. месяц ≈5 шт; остаток 21 + в пути 0,5.0
IEK,250600013_,Пост кноп (корпус) КП-102 (2 мест.бел.) IEK (10/100),346.0,0.0,39.2,0.0,8.83,Низкая,база спроса ≈88 шт/мес (история 30 мес.); сезонность ×0.55; снижение спроса ×0.80; прогноз след. месяц ≈39 шт; остаток 346 + в пути 0,10.0
IEK,250600015_,Пост кноп (корпус) КП-104 (4 мест.бел.) IEK (10/50),16.0,0.0,2.7,0.0,5.93,Низкая,база спроса ≈2 шт/мес (история 26 мес.); сезонность ×0.75; рост спроса ×1.55; прогноз след. месяц ≈3 шт; остаток 16 + в пути 0,10.0
IEK,250600020_,ЩРВ-П  4 IEK (20) MKP12-V-04-04-41,15.0,0.0,1.1,0.0,13.64,Низкая,база спроса ≈4 шт/мес (история 16 мес.); сезонность ×0.25; рост спроса ×1.09; прогноз след. месяц ≈1 шт; остаток 15 + в пути 0,20.0
IEK,250600021_,ЩРН-П  4 IEK (20) MKP12-N-04-04-41,81.0,0.0,19.2,0.0,4.22,Низкая,база спроса ≈6 шт/мес (история 32 мес.); сезонность ×1.49; рост спроса ×2.00; исключено разовых крупных заказов: 4; прогноз след. месяц ≈19 шт; остаток 81 + в пути 0,20.0
IEK,250600030_,Пост кноп (корпус) КП-101 (1 мест.бел.) IEK (10/100),359.0,0.0,60.5,0.0,5.93,Низкая,база спроса ≈80 шт/мес (история 32 мес.); сезонность ×1.10; снижение спроса ×0.68; исключено разовых крупных заказов: 1; прогноз след. месяц ≈60 шт; остаток 359 + в пути 0,10.0
IEK,250600034_,Бокс КМПн-12 IP55 !!!,7.0,0.0,1.0,0.0,7.0,Низкая,база спроса ≈1 шт/мес (история 3 мес.); прогноз след. месяц ≈1 шт; остаток 7 + в пути 0,1.0
IEK,250600041_,ЩУРн-П 3/8 IP55 (365х225х120) IEK,23.0,0.0,4.4,0.0,5.23,Низкая,база спроса ≈4 шт/мес (история 30 мес.); сезонность ×1.18; снижение спроса ×0.90; исключено разовых крупных заказов: 2; прогноз след. месяц ≈4 шт; остаток 23 + в пути 0,1.0
IEK,250600116_,ЩРН-П  9 PRIME IEK (20) !!!,3.0,0.0,1.0,0.0,3.0,Низкая,база спроса ≈1 шт/мес (история 4 мес.); прогноз след. месяц ≈1 шт; остаток 3 + в пути 0,1.0
IEK,250600129_, ЩМПп- 1 (400х300х220) IP65 IEK ,45.0,0.0,1.4,0.0,32.14,Низкая,база спроса ≈6 шт/мес (история 31 мес.); сезонность ×0.52; снижение спроса ×0.50; исключено разовых крупных заказов: 2; прогноз след. месяц ≈1 шт; остаток 45 + в пути 0,1.0
IEK,250600131_, ЩМПп- 3 (600х400х200)  IP65 IEK ,21.0,6.0,6.6,0.0,3.18,Низкая,база спроса ≈8 шт/мес (история 30 мес.); сезонность ×1.07; снижение спроса ×0.78; исключено разовых крупных заказов: 1; прогноз след. месяц ≈7 шт; остаток 21 + в пути 6,1.0
IEK,250600132_, ЩМПп- 4 (800х600х260)  IP65 IEK,2.0,0.0,1.0,0.0,2.0,Низкая,база спроса ≈1 шт/мес (история 14 мес.); сезонность ×1.00; прогноз след. месяц ≈1 шт; остаток 2 + в пути 0,1.0
IEK,250600152_,ЩУРн-П 3/6 IP66 KREPTA 5 PC IEK E-PRO,4.0,0.0,1.5,0.0,2.67,Низкая,база спроса ≈2 шт/мес (история 2 мес.); прогноз след. месяц ≈2 шт; остаток 4 + в пути 0,1.0
IEK,250600175_,ЩРН-П  8 модулей навесн. пластик IP41 GENERICA (20),30.0,0.0,13.7,0.0,2.19,Низкая,база спроса ≈7 шт/мес (история 28 мес.); сезонность ×2.00; снижение спроса ×0.94; исключено разовых крупных заказов: 1; прогноз след. месяц ≈14 шт; остаток 30 + в пути 0,1.0
IEK,250600182_,ЩРВ-П  8 модулей встр. пластик IP41 GENERICA (20),27.0,0.0,3.5,0.0,7.71,Низкая,база спроса ≈2 шт/мес (история 17 мес.); сезонность ×1.75; снижение спроса ×0.88; прогноз след. месяц ≈4 шт; остаток 27 + в пути 0,1.0
IEK,250600183_,ЩРВ-П 12 модулей встр. пластик IP41 GENERICA (10),93.0,0.0,8.9,0.0,10.45,Низкая,база спроса ≈3 шт/мес (история 26 мес.); сезонность ×1.52; рост спроса ×2.00; исключено разовых крупных заказов: 1; прогноз след. месяц ≈9 шт; остаток 93 + в пути 0,1.0
IEK,250600184_,ЩРВ-П 18 модулей встр. пластик IP41 GENERICA (10),62.0,0.0,14.1,0.0,4.4,Низкая,база спроса ≈3 шт/мес (история 19 мес.); сезонность ×3.83; рост спроса ×1.28; исключено разовых крупных заказов: 1; прогноз след. месяц ≈14 шт; остаток 62 + в пути 0,1.0
IEK,250600185_,ЩРВ-П 24 модуля встр. пластик IP41 GENERICA (10),10.0,0.0,2.5,0.0,4.0,Низкая,база спроса ≈1 шт/мес (история 24 мес.); сезонность ×2.07; рост спроса ×1.03; исключено разовых крупных заказов: 1; прогноз след. месяц ≈2 шт; остаток 10 + в пути 0,1.0
IEK,250600275_,ЩРН  36 (1х36мод) 585х310х140 IP54 TITAN 5 IEK,18.0,0.0,0.0,0.0,99.0,Низкая,база спроса ≈1 шт/мес (история 17 мес.); сезонность ×0.00; снижение спроса ×0.50; исключено разовых крупных заказов: 1; прогноз след. месяц ≈0 шт; остаток 18 + в пути 0,1.0
IEK,250600276_,ЩРН  48 (2х24мод) 460х570х140 IP54 TITAN 5 IEK,2.0,0.0,1.0,0.0,2.0,Низкая,база спроса ≈1 шт/мес (история 5 мес.); прогноз след. месяц ≈1 шт; остаток 2 + в пути 0,1.0
IEK,250600277_,ЩРН  72 (2х36мод) 585х570х140 IP54 TITAN 5 IEK,4.0,0.0,1.1,0.0,3.64,Низкая,база спроса ≈1 шт/мес (история 12 мес.); сезонность ×1.00; рост спроса ×1.11; прогноз след. месяц ≈1 шт; остаток 4 + в пути 0,1.0
IEK,250600278_,ЩРН 120 (2х60мод) 835х570х140 IP54 TITAN 5 IEK,7.0,0.0,1.9,0.0,3.68,Низкая,база спроса ≈2 шт/мес (история 13 мес.); сезонность ×1.00; снижение спроса ×0.94; исключено разовых крупных заказов: 1; прогноз след. месяц ≈2 шт; остаток 7 + в пути 0,1.0
IEK,250600279_,ЩРН 144 (2х72мод) 960х570х140 IP54 TITAN 5 IEK,3.0,0.0,0.8,0.0,3.75,Низкая,база спроса ≈1 шт/мес (история 6 мес.); снижение спроса ×0.80; прогноз след. месяц ≈1 шт; остаток 3 + в пути 0,1.0
IEK,250600287_,ЩРВ-П 36 IP41 KREPTA 3 черный IEK E-PRO,6.0,0.0,1.8,0.0,3.33,Низкая,база спроса ≈2 шт/мес (история 13 мес.); сезонность ×0.50; рост спроса ×2.00; прогноз след. месяц ≈2 шт; остаток 6 + в пути 0,1.0
IEK,250600289_,ЩРН  24 (1х24мод) 460х310х140 IP54 TITAN 5 IEK,21.0,0.0,6.9,0.0,3.04,Низкая,база спроса ≈3 шт/мес (история 16 мес.); сезонность ×5.00; снижение спроса ×0.52; прогноз след. месяц ≈7 шт; остаток 21 + в пути 0,1.0
IEK,250600290_,ЩМП  400х300х200 IP66  TITAN 5 IEK,18.0,0.0,0.5,0.0,36.0,Низкая,база спроса ≈3 шт/мес (история 17 мес.); сезонность ×0.33; снижение спроса ×0.54; прогноз след. месяц ≈0 шт; остаток 18 + в пути 0,1.0
IEK,250600293_,ЩМП  800х600х250 IP66  TITAN 5 IEK,19.0,0.0,2.2,0.0,8.64,Низкая,база спроса ≈2 шт/мес (история 15 мес.); сезонность ×1.00; рост спроса ×1.10; исключено разовых крупных заказов: 1; прогноз след. месяц ≈2 шт; остаток 19 + в пути 0,1.0
IEK,250600309_,ЩМПп 300х200х130мм прозр. IP66 TETRA IEK,7.0,0.0,1.0,0.0,7.0,Низкая,база спроса ≈1 шт/мес (история 2 мес.); прогноз след. месяц ≈1 шт; остаток 7 + в пути 0,1.0
IEK,250600310_,ЩМПп 350х250х150мм прозр. IP66 TETRA IEK,5.0,0.0,1.0,0.0,5.0,Низкая,база спроса ≈1 шт/мес (история 3 мес.); прогноз след. месяц ≈1 шт; остаток 5 + в пути 0,1.0
IEK,250600311_,ЩМПп 400х300х170мм прозр. IP66 TETRA IEK,6.0,0.0,1.0,0.0,6.0,Низкая,база спроса ≈1 шт/мес (история 3 мес.); прогноз след. месяц ≈1 шт; остаток 6 + в пути 0,1.0
IEK,250600313_,ЩМПп 500х400х180мм прозр. IP66 TETRA IEK,8.0,0.0,1.0,0.0,8.0,Низкая,база спроса ≈1 шт/мес (история 1 мес.); прогноз след. месяц ≈1 шт; остаток 8 + в пути 0,1.0
IEK,250600314_,ЩМПп 300х200х130мм серый. IP66 TETRA IEK,5.0,0.0,1.0,0.0,5.0,Низкая,база спроса ≈1 шт/мес (история 3 мес.); прогноз след. месяц ≈1 шт; остаток 5 + в пути 0,1.0
IEK,250600315_,ЩМПп 350х250х150мм серый. IP66 TETRA IEK,11.0,0.0,1.0,0.0,11.0,Низкая,база спроса ≈1 шт/мес (история 5 мес.); прогноз след. месяц ≈1 шт; остаток 11 + в пути 0,1.0
IEK,250600316_,ЩМПп 400х300х170мм серый. IP66 TETRA IEK,8.0,0.0,1.0,0.0,8.0,Низкая,база спроса ≈1 шт/мес (история 1 мес.); прогноз след. месяц ≈1 шт; остаток 8 + в пути 0,1.0
IEK,250600318_,ЩМПп 500х400х180мм серый. IP66 TETRA IEK,6.0,0.0,1.5,0.0,4.0,Низкая,база спроса ≈2 шт/мес (история 2 мес.); прогноз след. месяц ≈2 шт; остаток 6 + в пути 0,1.0
IEK,251400017_,ЩРВ-П 12 черн. прозр. дверь IP41 TEKFOR IEK,8.0,0.0,0.9,0.0,8.89,Низкая,база спроса ≈2 шт/мес (история 18 мес.); сезонность ×0.50; рост спроса ×1.05; прогноз след. месяц ≈1 шт; остаток 8 + в пути 0,1.0
IEK,251400019_,ЩРВ-П 24 черн. прозр. дверь IP41 TEKFOR IEK,42.0,0.0,1.4,0.0,30.0,Низкая,база спроса ≈8 шт/мес (история 21 мес.); сезонность ×0.29; снижение спроса ×0.66; исключено разовых крупных заказов: 3; прогноз след. месяц ≈1 шт; остаток 42 + в пути 0,1.0
IEK,251400020_,ЩРВ-П 36 черн. прозр. дверь IP41 TEKFOR IEK,90.0,0.0,8.7,0.0,10.34,Низкая,база спроса ≈10 шт/мес (история 17 мес.); сезонность ×1.00; снижение спроса ×0.91; исключено разовых крупных заказов: 4; прогноз след. месяц ≈9 шт; остаток 90 + в пути 0,1.0
IEK,251400021_,КМПн 6 черн. прозр. дверь IP65 TEKFOR IEK,17.0,0.0,1.9,0.0,8.95,Низкая,база спроса ≈3 шт/мес (история 17 мес.); сезонность ×1.00; снижение спроса ×0.72; прогноз след. месяц ≈2 шт; остаток 17 + в пути 0,1.0
IEK,251400022_,КМПн 8  черн. прозр. дверь IP65 TEKFOR IEK,9.0,0.0,1.0,0.0,9.0,Низкая,база спроса ≈1 шт/мес (история 15 мес.); сезонность ×1.00; прогноз след. месяц ≈1 шт; остаток 9 + в пути 0,1.0
IEK,251400024_,КМПн-18  черн. прозр. дверь IP65 TEKFOR IEK,11.0,0.0,1.0,0.0,11.0,Низкая,база спроса ≈2 шт/мес (история 11 мес.); снижение спроса ×0.50; исключено разовых крупных заказов: 1; прогноз след. месяц ≈1 шт; остаток 11 + в пути 0,1.0
IEK,251400025_,КМПн-24  черн. прозр. дверь IP65 TEKFOR IEK,5.0,0.0,0.9,0.0,5.56,Низкая,база спроса ≈2 шт/мес (история 12 мес.); сезонность ×0.50; снижение спроса ×0.93; прогноз след. месяц ≈1 шт; остаток 5 + в пути 0,1.0
IEK,251400026_,КМПн-36  черн. прозр. дверь IP65 TEKFOR IEK,5.0,0.0,2.5,0.0,2.0,Низкая,база спроса ≈1 шт/мес (история 14 мес.); сезонность ×5.00; снижение спроса ×0.61; прогноз след. месяц ≈2 шт; остаток 5 + в пути 0,1.0
IEK,251400027_,КМПн-54 черн. прозр. дверь IP65 TEKFOR IEK,12.0,0.0,0.6,0.0,20.0,Низкая,база спроса ≈2 шт/мес (история 16 мес.); сезонность ×0.33; снижение спроса ×0.88; прогноз след. месяц ≈1 шт; остаток 12 + в пути 0,1.0
IEK,251400028_,ЩРН-П 24 бел. дверь IP41 TEKFOR IEK,10.0,12.0,4.2,0.0,2.38,Низкая,база спроса ≈1 шт/мес (история 18 мес.); сезонность ×3.00; рост спроса ×1.39; исключено разовых крупных заказов: 2; прогноз след. месяц ≈4 шт; остаток 10 + в пути 12,1.0
IEK,251400029_,ЩРН-П 36 бел. дверь IP41 TEKFOR IEK,10.0,2.0,3.1,0.0,3.23,Низкая,база спроса ≈2 шт/мес (история 17 мес.); сезонность ×1.50; снижение спроса ×0.89; прогноз след. месяц ≈3 шт; остаток 10 + в пути 2,1.0
IEK,251400030_,ЩРВ-П 54 черн. прозр. дверь IP41 TEKFOR IEK,29.0,20.0,5.1,0.0,5.69,Низкая,база спроса ≈14 шт/мес (история 17 мес.); сезонность ×0.36; рост спроса ×1.01; исключено разовых крупных заказов: 2; прогноз след. месяц ≈5 шт; остаток 29 + в пути 20,1.0
IEK,251400032_,ЩРН-П 12 бел. дверь IP41 TEKFOR IEK,4.0,0.0,1.7,0.0,2.35,Низкая,база спроса ≈1 шт/мес (история 20 мес.); сезонность ×1.33; снижение спроса ×0.98; исключено разовых крупных заказов: 2; прогноз след. месяц ≈2 шт; остаток 4 + в пути 0,1.0
IEK,251400033_,ЩРН-П 54 бел. дверь IP41 TEKFOR IEK,17.0,0.0,4.3,0.0,3.95,Низкая,база спроса ≈6 шт/мес (история 16 мес.); сезонность ×0.80; снижение спроса ×0.84; исключено разовых крупных заказов: 1; продажи скорректированы вверх из-за дефицита на складе; прогноз след. месяц ≈4 шт; остаток 17 + в пути 0,1.0
IEK,251400040_,ЩРН-П  8  черн. прозр. дверь IP41 TEKFOR IEK,77.0,0.0,3.1,0.0,24.84,Низкая,база спроса ≈3 шт/мес (история 18 мес.); сезонность ×2.00; снижение спроса ×0.58; исключено разовых крупных заказов: 1; прогноз след. месяц ≈3 шт; остаток 77 + в пути 0,1.0
IEK,251400041_,ЩРН-П 12 черн. прозр. дверь IP41 TEKFOR IEK,22.0,0.0,5.3,0.0,4.15,Низкая,база спроса ≈4 шт/мес (история 20 мес.); сезонность ×1.88; снижение спроса ×0.68; исключено разовых крупных заказов: 1; прогноз след. месяц ≈5 шт; остаток 22 + в пути 0,1.0
IEK,251400044_,ЩРН-П 54 черн. прозр. дверь IP41 TEKFOR IEK,12.0,0.0,1.7,0.0,7.06,Низкая,база спроса ≈4 шт/мес (история 15 мес.); сезонность ×0.50; снижение спроса ×0.85; исключено разовых крупных заказов: 1; продажи скорректированы вверх из-за дефицита на складе; прогноз след. месяц ≈2 шт; остаток 12 + в пути 0,1.0
IEK,251400045_,КМПн 2 белый IP41 TEKFOR Mini  IEK,58.0,0.0,9.7,0.0,5.98,Низкая,база спроса ≈10 шт/мес (история 18 мес.); сезонность ×1.92; снижение спроса ×0.50; прогноз след. месяц ≈10 шт; остаток 58 + в пути 0,12.0
IEK,251400047_,КМПн 6 белый IP41 TEKFOR Mini  IEK,71.0,0.0,8.4,0.0,8.45,Низкая,база спроса ≈6 шт/мес (история 15 мес.); сезонность ×2.50; снижение спроса ×0.56; исключено разовых крупных заказов: 1; прогноз след. месяц ≈8 шт; остаток 71 + в пути 0,8.0
IEK,251400049_,ЩРН-П  6  черн. пр. дв. IP41 UNION Compact IEK,8.0,0.0,3.3,0.0,2.42,Низкая,база спроса ≈1 шт/мес (история 13 мес.); сезонность ×2.00; рост спроса ×1.66; прогноз след. месяц ≈3 шт; остаток 8 + в пути 0,8.0
IEK,251400051_,ЩРН-П 12  черн. пр. дв. IP41 UNION Compact IEK,81.0,0.0,14.6,0.0,5.55,Низкая,база спроса ≈7 шт/мес (история 19 мес.); сезонность ×2.86; снижение спроса ×0.70; исключено разовых крупных заказов: 1; прогноз след. месяц ≈15 шт; остаток 81 + в пути 0,8.0
IEK,251400052_,ЩРН-П 18  черн. пр. дв. IP41 UNION Compact IEK,9.0,0.0,3.1,0.0,2.9,Низкая,база спроса ≈2 шт/мес (история 19 мес.); сезонность ×1.00; рост спроса ×1.41; исключено разовых крупных заказов: 1; продажи скорректированы вверх из-за дефицита на складе; прогноз след. месяц ≈3 шт; остаток 9 + в пути 0,4.0
IEK,251400053_,ЩРВ-П  6  черн. пр. дв. IP41 UNION Compact IEK,3.0,0.0,0.5,0.0,6.0,Низкая,база спроса ≈1 шт/мес (история 6 мес.); снижение спроса ×0.50; прогноз след. месяц ≈0 шт; остаток 3 + в пути 0,8.0
IEK,251400054_,ЩРВ-П  8  черн. пр. дв. IP41 UNION Compact IEK,8.0,0.0,1.5,0.0,5.33,Низкая,база спроса ≈2 шт/мес (история 4 мес.); прогноз след. месяц ≈2 шт; остаток 8 + в пути 0,8.0
IEK,251400055_,ЩРВ-П 12  черн. пр. дв. IP41 UNION Compact IEK,12.0,0.0,0.9,0.0,13.33,Низкая,база спроса ≈2 шт/мес (история 10 мес.); снижение спроса ×0.57; прогноз след. месяц ≈1 шт; остаток 12 + в пути 0,8.0
IEK,251400056_,ЩРВ-П 18 черн. пр. дв.   IP41 UNION Compact IEK,48.0,0.0,5.0,0.0,9.6,Низкая,база спроса ≈2 шт/мес (история 20 мес.); сезонность ×1.43; рост спроса ×2.00; исключено разовых крупных заказов: 2; прогноз след. месяц ≈5 шт; остаток 48 + в пути 0,4.0
IEK,251400057_,ЩРН-П  4  бел. дв. IP41 UNION Compact IEK,9.0,0.0,1.0,0.0,9.0,Низкая,база спроса ≈1 шт/мес (история 5 мес.); прогноз след. месяц ≈1 шт; остаток 9 + в пути 0,8.0
IEK,251400058_,ЩРН-П  6  бел. дв. IP41 UNION Compact IEK,13.0,0.0,1.3,0.0,10.0,Низкая,база спроса ≈1 шт/мес (история 11 мес.); рост спроса ×1.33; исключено разовых крупных заказов: 1; прогноз след. месяц ≈1 шт; остаток 13 + в пути 0,8.0
IEK,251400059_,ЩРН-П  8  бел. дв. IP41 UNION Compact IEK,9.0,0.0,1.0,0.0,9.0,Низкая,база спроса ≈1 шт/мес (история 9 мес.); исключено разовых крупных заказов: 1; прогноз след. месяц ≈1 шт; остаток 9 + в пути 0,8.0
IEK,251400060_,ЩРН-П 12  бел. дв. IP41 UNION Compact IEK,5.0,0.0,2.0,0.0,2.5,Низкая,база спроса ≈2 шт/мес (история 9 мес.); прогноз след. месяц ≈2 шт; остаток 5 + в пути 0,8.0
IEK,251400061_,ЩРН-П 18  бел. дв. IP41 UNION Compact IEK,2.0,0.0,1.0,0.0,2.0,Низкая,база спроса ≈1 шт/мес (история 6 мес.); продажи скорректированы вверх из-за дефицита на складе; прогноз след. месяц ≈1 шт; остаток 2 + в пути 0,4.0
IEK,251400062_,ЩРВ-П  8  бел. дв. IP41 UNION Compact IEK,7.0,0.0,1.0,0.0,7.0,Низкая,база спроса ≈1 шт/мес (история 6 мес.); прогноз след. месяц ≈1 шт; остаток 7 + в пути 0,8.0
IEK,251400063_,ЩРВ-П 12  бел. дв. IP41 UNION Compact IEK,12.0,0.0,1.7,0.0,7.06,Низкая,база спроса ≈1 шт/мес (история 9 мес.); рост спроса ×1.67; прогноз след. месяц ≈2 шт; остаток 12 + в пути 0,8.0
IEK,251400064_,ЩРВ-П 18  бел. дв. IP41 UNION Compact IEK,15.0,0.0,0.8,0.0,18.75,Низкая,база спроса ≈2 шт/мес (история 8 мес.); снижение спроса ×0.50; прогноз след. месяц ≈1 шт; остаток 15 + в пути 0,4.0
IEK,251400065_,ЩРН  12 (1х12мод) 335х310х140 IP54 TITAN 5 IEK,17.0,0.0,0.0,0.0,99.0,Низкая,база спроса ≈2 шт/мес (история 15 мес.); сезонность ×0.00; снижение спроса ×0.77; исключено разовых крупных заказов: 1; прогноз след. месяц ≈0 шт; остаток 17 + в пути 0,1.0
IEK,251400066_,ЩРН  48 (1х48мод) 710х310х140 IP54 TITAN 5 IEK,4.0,0.0,1.0,0.0,4.0,Низкая,база спроса ≈1 шт/мес (история 9 мес.); прогноз след. месяц ≈1 шт; остаток 4 + в пути 0,1.0
IEK,251400067_,ЩРН  60 (1х60мод) 835х310х140 IP54 TITAN 5 IEK,3.0,0.0,0.5,0.0,6.0,Низкая,база спроса ≈1 шт/мес (история 10 мес.); снижение спроса ×0.50; прогноз след. месяц ≈0 шт; остаток 3 + в пути 0,1.0
IEK,251400068_,ЩРН  72 (1х72мод) 960х310х140 IP54 TITAN 5 IEK,3.0,0.0,1.0,0.0,3.0,Низкая,база спроса ≈1 шт/мес (история 7 мес.); прогноз след. месяц ≈1 шт; остаток 3 + в пути 0,1.0
IEK,251400069_,ЩРН  84 (1х84мод) 1085х310х140 IP54 TITAN 5 IEK,2.0,0.0,1.0,0.0,2.0,Низкая,база спроса ≈1 шт/мес (история 5 мес.); прогноз след. месяц ≈1 шт; остаток 2 + в пути 0,1.0
IEK,251400070_,ЩРН  96 (2х48мод) 710х570х140 IP54 TITAN 5 IEK,10.0,0.0,4.5,0.0,2.22,Низкая,база спроса ≈3 шт/мес (история 18 мес.); сезонность ×1.33; рост спроса ×1.06; исключено разовых крупных заказов: 1; прогноз след. месяц ≈4 шт; остаток 10 + в пути 0,1.0
IEK,251400071_,ЩРН 168 (2х84мод) 1085х570х140 IP54 TITAN 5 IEK,2.0,0.0,1.0,0.0,2.0,Низкая,база спроса ≈1 шт/мес (история 8 мес.); прогноз след. месяц ≈1 шт; остаток 2 + в пути 0,1.0
IEK,251400072_,ЩРН 180 (3х60мод) 835х830х140 IP54 TITAN 5 IEK,4.0,0.0,1.0,0.0,4.0,Низкая,база спроса ≈1 шт/мес (история 7 мес.); прогноз след. месяц ≈1 шт; остаток 4 + в пути 0,1.0
IEK,251400075_,ЩРВ  24 (1х24мод) 505х365х130 IP31 TITAN 5 IEK,3.0,0.0,1.0,0.0,3.0,Низкая,база спроса ≈1 шт/мес (история 3 мес.); прогноз след. месяц ≈1 шт; остаток 3 + в пути 0,1.0
IEK,251400076_,ЩРВ  36 (1х36мод) 630х365х130 IP31 TITAN 5 IEK,2.0,0.0,1.0,0.0,2.0,Низкая,база спроса ≈1 шт/мес (история 3 мес.); прогноз след. месяц ≈1 шт; остаток 2 + в пути 0,1.0
IEK,251400077_,ЩРВ  48 (1х48мод) 755х365х130 IP31 TITAN 5 IEK,2.0,0.0,1.0,0.0,2.0,Низкая,база спроса ≈1 шт/мес (история 4 мес.); прогноз след. месяц ≈1 шт; остаток 2 + в пути 0,1.0
IEK,251400078_,ЩРВ  60 (1х60мод) 880х365х130 IP31 TITAN 5 IEK,3.0,0.0,0.8,0.0,3.75,Низкая,база спроса ≈1 шт/мес (история 7 мес.); снижение спроса ×0.80; прогноз след. месяц ≈1 шт; остаток 3 + в пути 0,1.0
IEK,251400079_,ЩРВ  72 (1х72мод) 1005х365х130 IP31 TITAN 5 IEK,2.0,0.0,1.0,0.0,2.0,Низкая,база спроса ≈1 шт/мес (история 9 мес.); прогноз след. месяц ≈1 шт; остаток 2 + в пути 0,1.0
IEK,251400080_,ЩРВ  84 (1х84мод) 1130х365х130 IP31 TITAN 5 IEK,3.0,0.0,1.0,0.0,3.0,Низкая,база спроса ≈2 шт/мес (история 6 мес.); снижение спроса ×0.67; прогноз след. месяц ≈1 шт; остаток 3 + в пути 0,1.0
IEK,251400084_,ЩРВ 120 (2х60мод) 880х625х130 IP31 TITAN 5 IEK,2.0,1.0,0.8,0.0,2.5,Низкая,база спроса ≈1 шт/мес (история 10 мес.); снижение спроса ×0.75; прогноз след. месяц ≈1 шт; остаток 2 + в пути 1,1.0
IEK,251400086_,ЩРВ 168 (2х84мод) 1130х625х130 IP31 TITAN 5 IEK,4.0,0.0,0.7,0.0,5.71,Низкая,база спроса ≈1 шт/мес (история 6 мес.); снижение спроса ×0.67; продажи скорректированы вверх из-за дефицита на складе; прогноз след. месяц ≈1 шт; остаток 4 + в пути 0,1.0
IEK,251400092_,ЩМП  300х300х150 IP66  TITAN 5 IEK,17.0,0.0,4.4,0.0,3.86,Низкая,база спроса ≈3 шт/мес (история 16 мес.); сезонность ×2.00; снижение спроса ×0.74; исключено разовых крупных заказов: 1; прогноз след. месяц ≈4 шт; остаток 17 + в пути 0,1.0
IEK,251400093_,ЩМП  300х300х200 IP66  TITAN 5 IEK,12.0,0.0,1.2,0.0,10.0,Низкая,база спроса ≈2 шт/мес (история 17 мес.); сезонность ×1.00; снижение спроса ×0.58; исключено разовых крупных заказов: 1; прогноз след. месяц ≈1 шт; остаток 12 + в пути 0,1.0
IEK,251400095_,ЩМП  300х400х200 IP66  TITAN 5 IEK,3.0,0.0,1.0,0.0,3.0,Низкая,база спроса ≈1 шт/мес (история 5 мес.); прогноз след. месяц ≈1 шт; остаток 3 + в пути 0,1.0
IEK,251400096_,ЩМП  400х300х150 IP66  TITAN 5 IEK,16.0,0.0,1.4,0.0,11.43,Низкая,база спроса ≈2 шт/мес (история 12 мес.); сезонность ×1.00; снижение спроса ×0.72; прогноз след. месяц ≈1 шт; остаток 16 + в пути 0,1.0
IEK,251400097_,ЩМП  400х400х150 IP66  TITAN 5 IEK,3.0,0.0,1.0,0.0,3.0,Низкая,база спроса ≈1 шт/мес (история 4 мес.); прогноз след. месяц ≈1 шт; остаток 3 + в пути 0,1.0
IEK,251400098_,ЩМП  400х400х200 IP66  TITAN 5 IEK,8.0,0.0,1.0,0.0,8.0,Низкая,база спроса ≈1 шт/мес (история 13 мес.); сезонность ×1.00; исключено разовых крупных заказов: 1; прогноз след. месяц ≈1 шт; остаток 8 + в пути 0,1.0
IEK,251400104_,ЩМП  500х300х200 IP66  TITAN 5 IEK,2.0,0.0,1.0,0.0,2.0,Низкая,база спроса ≈1 шт/мес (история 4 мес.); прогноз след. месяц ≈1 шт; остаток 2 + в пути 0,1.0
IEK,251400106_,ЩМП  500х400х200 IP66  TITAN 5 IEK,13.0,0.0,1.0,0.0,13.0,Низкая,база спроса ≈2 шт/мес (история 17 мес.); сезонность ×0.50; исключено разовых крупных заказов: 2; прогноз след. месяц ≈1 шт; остаток 13 + в пути 0,1.0
IEK,251400107_,ЩМП  500х500х200 IP66  TITAN 5 IEK,2.0,0.0,1.0,0.0,2.0,Низкая,база спроса ≈1 шт/мес (история 5 мес.); прогноз след. месяц ≈1 шт; остаток 2 + в пути 0,1.0
IEK,251400112_,ЩМП  600х400х250 IP66  TITAN 5 IEK,2.0,0.0,1.0,0.0,2.0,Низкая,база спроса ≈1 шт/мес (история 9 мес.); прогноз след. месяц ≈1 шт; остаток 2 + в пути 0,1.0
IEK,251400114_,ЩМП  600х500х150 IP66  TITAN 5 IEK,3.0,0.0,1.0,0.0,3.0,Низкая,база спроса ≈1 шт/мес (история 3 мес.); прогноз след. месяц ≈1 шт; остаток 3 + в пути 0,1.0
IEK,251400115_,ЩМП  600х500х250 IP66  TITAN 5 IEK,5.0,0.0,0.7,0.0,7.14,Низкая,база спроса ≈1 шт/мес (история 7 мес.); снижение спроса ×0.67; прогноз след. месяц ≈1 шт; остаток 5 + в пути 0,1.0
IEK,251400117_,ЩМП  600х600х400 IP66  TITAN 5 IEK,5.0,0.0,1.0,0.0,5.0,Низкая,база спроса ≈1 шт/мес (история 1 мес.); прогноз след. месяц ≈1 шт; остаток 5 + в пути 0,1.0
IEK,251400118_,ЩМП  700х500х200 IP66  TITAN 5 IEK,12.0,0.0,0.5,0.0,24.0,Низкая,база спроса ≈1 шт/мес (история 11 мес.); снижение спроса ×0.50; прогноз след. месяц ≈0 шт; остаток 12 + в пути 0,1.0
IEK,251400119_,ЩМП  700х500х250 IP66  TITAN 5 IEK,4.0,0.0,0.8,0.0,5.0,Низкая,база спроса ≈2 шт/мес (история 10 мес.); снижение спроса ×0.50; прогноз след. месяц ≈1 шт; остаток 4 + в пути 0,1.0
IEK,251400120_,ЩМП  800х600х200 IP66  TITAN 5 IEK,2.0,0.0,1.0,0.0,2.0,Низкая,база спроса ≈1 шт/мес (история 5 мес.); прогноз след. месяц ≈1 шт; остаток 2 + в пути 0,1.0
IEK,251400121_,ЩМП  800х600х300 IP66  TITAN 5 IEK,7.0,0.0,2.7,0.0,2.59,Низкая,база спроса ≈2 шт/мес (история 12 мес.); сезонность ×1.50; снижение спроса ×0.90; исключено разовых крупных заказов: 1; прогноз след. месяц ≈3 шт; остаток 7 + в пути 0,1.0
IEK,251400124_,ЩМП  800х800х300 IP66  TITAN 5 IEK,2.0,0.0,1.0,0.0,2.0,Низкая,база спроса ≈1 шт/мес (история 3 мес.); прогноз след. месяц ≈1 шт; остаток 2 + в пути 0,1.0
IEK,251400127_,ЩМП 1000х600х300 IP66  TITAN 5 IEK,9.0,2.0,2.8,0.0,3.21,Низкая,база спроса ≈2 шт/мес (история 15 мес.); сезонность ×1.50; снижение спроса ×0.83; прогноз след. месяц ≈3 шт; остаток 9 + в пути 2,1.0
IEK,251400128_,ЩМП 1000х600х400 IP66  TITAN 5 IEK,2.0,0.0,1.0,0.0,2.0,Низкая,база спроса ≈1 шт/мес (история 3 мес.); прогноз след. месяц ≈1 шт; остаток 2 + в пути 0,1.0
IEK,251400131_,ЩМП 1200х600х300 IP66  TITAN 5 IEK,3.0,0.0,1.0,0.0,3.0,Низкая,база спроса ≈1 шт/мес (история 8 мес.); прогноз след. месяц ≈1 шт; остаток 3 + в пути 0,1.0
IEK,251400132_,ЩМП 1200х600х400 IP66  TITAN 5 IEK,5.0,0.0,1.0,0.0,5.0,Низкая,база спроса ≈1 шт/мес (история 1 мес.); прогноз след. месяц ≈1 шт; остаток 5 + в пути 0,1.0
IEK,251400133_,ЩМП 1200х800х300 IP66  TITAN 5 IEK,5.0,0.0,1.0,0.0,5.0,Низкая,база спроса ≈1 шт/мес (история 8 мес.); исключено разовых крупных заказов: 1; прогноз след. месяц ≈1 шт; остаток 5 + в пути 0,1.0
IEK,251400134_,ЩМП 1200х800х400 IP66  TITAN 5 IEK,4.0,0.0,0.8,0.0,5.0,Низкая,база спроса ≈1 шт/мес (история 7 мес.); снижение спроса ×0.75; прогноз след. месяц ≈1 шт; остаток 4 + в пути 0,1.0
IEK,251400137_,ЩРН-П 12 прозр. дверь IP40 KREPTA 5 IEK,34.0,0.0,1.0,0.0,34.0,Низкая,база спроса ≈1 шт/мес (история 4 мес.); прогноз след. месяц ≈1 шт; остаток 34 + в пути 0,1.0
IEK,251400138_,ЩРН-П 24 прозр. дверь IP40 KREPTA 5 IEK,9.0,0.0,1.0,0.0,9.0,Низкая,база спроса ≈1 шт/мес (история 6 мес.); прогноз след. месяц ≈1 шт; остаток 9 + в пути 0,1.0
IEK,251400139_,ЩРВ-П 24 прозр. дверь IP40 KREPTA 5 IEK,18.0,0.0,1.0,0.0,18.0,Низкая,база спроса ≈1 шт/мес (история 1 мес.); прогноз след. месяц ≈1 шт; остаток 18 + в пути 0,1.0
IEK,251400140_,ЩРН-П 12 белая дверь IP40 KREPTA 5 IEK,34.0,0.0,2.0,0.0,17.0,Низкая,база спроса ≈2 шт/мес (история 2 мес.); прогноз след. месяц ≈2 шт; остаток 34 + в пути 0,1.0
IEK,251400141_,ЩРН-П 24 белая дверь IP40 KREPTA 5 IEK,13.0,0.0,1.0,0.0,13.0,Низкая,база спроса ≈1 шт/мес (история 2 мес.); прогноз след. месяц ≈1 шт; остаток 13 + в пути 0,1.0
IEK,251400142_,ЩРВ-П 24 белая дверь IP40 KREPTA 5 IEK,14.0,0.0,1.0,0.0,14.0,Низкая,база спроса ≈1 шт/мес (история 4 мес.); прогноз след. месяц ≈1 шт; остаток 14 + в пути 0,1.0
IEK,251400143_,ЩРН 12  (240х330х120) IP54 TITAN 3 IEK      ,29.0,0.0,4.7,0.0,6.17,Низкая,база спроса ≈10 шт/мес (история 19 мес.); сезонность ×0.75; снижение спроса ×0.64; исключено разовых крупных заказов: 3; прогноз след. месяц ≈5 шт; остаток 29 + в пути 0,1.0
IEK,251400144_,ЩРН 24  (410х330х120) IP54 TITAN 3 IEK,27.0,5.0,11.7,0.0,2.31,Низкая,база спроса ≈8 шт/мес (история 19 мес.); сезонность ×1.86; снижение спроса ×0.76; исключено разовых крупных заказов: 2; прогноз след. месяц ≈12 шт; остаток 27 + в пути 5,1.0
IEK,251400145_,ЩРН 36 (540х330х120) IP54 TITAN 3 IEK,4.0,3.0,1.1,0.0,3.64,Низкая,база спроса ≈2 шт/мес (история 14 мес.); сезонность ×0.40; рост спроса ×1.06; продажи скорректированы вверх из-за дефицита на складе; прогноз след. месяц ≈1 шт; остаток 4 + в пути 3,1.0
IEK,251400146_,ЩРН 48 (670х330х120) IP54 TITAN 3 IEK,20.0,0.0,2.2,0.0,9.09,Низкая,база спроса ≈4 шт/мес (история 15 мес.); сезонность ×1.00; снижение спроса ×0.54; исключено разовых крупных заказов: 1; прогноз след. месяц ≈2 шт; остаток 20 + в пути 0,1.0
IEK,251400147_,ЩРН 54 (540х440х120) IP54 TITAN 3 IEK,5.0,0.0,1.5,0.0,3.33,Низкая,база спроса ≈2 шт/мес (история 11 мес.); прогноз след. месяц ≈2 шт; остаток 5 + в пути 0,1.0
IEK,260100157_, Наконечник медно-луженный JG - 120  IEK (30),1390.0,1200.0,665.1,0.0,2.09,Низкая,база спроса ≈445 шт/мес (история 32 мес.); сезонность ×1.23; рост спроса ×1.22; исключено разовых крупных заказов: 5; прогноз след. месяц ≈665 шт; остаток 1390 + в пути 1200,30.0
IEK,260100169_, Наконечник медно-луженный JG -  70  IEK (50),3771.0,0.0,1856.2,0.0,2.03,Низкая,база спроса ≈1241 шт/мес (история 31 мес.); сезонность ×1.25; рост спроса ×1.20; исключено разовых крупных заказов: 5; прогноз след. месяц ≈1856 шт; остаток 3771 + в пути 0,50.0
IEK,270200059_,Предохранитель ППНИ-37  (400А) габарит 2 IEK (1/24) !!!,12.0,0.0,6.0,0.0,2.0,Низкая,база спроса ≈6 шт/мес (история 1 мес.); прогноз след. месяц ≈6 шт; остаток 12 + в пути 0,1.0
IEK,270200129_,Предохранитель ППНИ-33   (25А) габарит 00 IEK (3/90) !!!,47.0,0.0,2.5,0.0,18.8,Низкая,база спроса ≈2 шт/мес (история 2 мес.); прогноз след. месяц ≈2 шт; остаток 47 + в пути 0,1.0
IEK,270200130_,Предохранитель ППНИ-33   (32А) габарит 00 IEK (3/90)  !!!,69.0,0.0,15.0,0.0,4.6,Низкая,база спроса ≈15 шт/мес (история 1 мес.); прогноз след. месяц ≈15 шт; остаток 69 + в пути 0,1.0
IEK,270300001_, Ящик  ЯТП(укп) 220/12 IEK (1),24.0,4.0,4.5,0.0,5.33,Низкая,база спроса ≈4 шт/мес (история 30 мес.); сезонность ×1.55; снижение спроса ×0.66; исключено разовых крупных заказов: 1; прогноз след. месяц ≈4 шт; остаток 24 + в пути 4,1.0
IEK,270300003_, Ящик  ЯТП(укп) 230/36 IEK  (1),166.0,0.0,44.3,0.0,3.75,Низкая,база спроса ≈38 шт/мес (история 31 мес.); сезонность ×1.11; рост спроса ×1.06; исключено разовых крупных заказов: 1; прогноз след. месяц ≈44 шт; остаток 166 + в пути 0,1.0
IEK,270300025_," Трансформатор тока ТТИ-40  400/5А  5ВА  класс 0,5  IEK",73.0,0.0,6.5,0.0,11.23,Низкая,база спроса ≈13 шт/мес (история 27 мес.); сезонность ×0.88; снижение спроса ×0.57; прогноз след. месяц ≈6 шт; остаток 73 + в пути 0,1.0
IEK,270300130_,"Трансформатор тока ТТИ-А  500\5А 5ВА кл.т.0,5 IEK (36) !!!",6.0,0.0,3.0,0.0,2.0,Низкая,база спроса ≈3 шт/мес (история 1 мес.); прогноз след. месяц ≈3 шт; остаток 6 + в пути 0,1.0
IEK,270300150_,Кабель-канал перфорированный  60х60 ИМПАКТ IEK (16),68.0,0.0,28.3,0.0,2.4,Низкая,база спроса ≈48 шт/мес (история 30 мес.); сезонность ×0.54; рост спроса ×1.09; исключено разовых крупных заказов: 2; прогноз след. месяц ≈28 шт; остаток 68 + в пути 0,16.0
IEK,270300224_,Обогреватель на DIN-рейку 100Вт IP20 IEK (50) NEW,43.0,10.0,3.3,0.0,13.03,Низкая,база спроса ≈5 шт/мес (история 26 мес.); сезонность ×1.26; снижение спроса ×0.50; исключено разовых крупных заказов: 1; прогноз след. месяц ≈3 шт; остаток 43 + в пути 10,1.0
IEK,270300253_,Ящик  ЯТП(укп) 230/12 IP54 IEK (1),2.0,0.0,1.0,0.0,2.0,Низкая,база спроса ≈1 шт/мес (история 7 мес.); прогноз след. месяц ≈1 шт; остаток 2 + в пути 0,1.0
IEK,270300254_,Ящик  ЯТП(укп) 230/36 IP54 IEK (1),9.0,0.0,1.3,0.0,6.92,Низкая,база спроса ≈2 шт/мес (история 12 мес.); сезонность ×0.50; рост спроса ×1.33; прогноз след. месяц ≈1 шт; остаток 9 + в пути 0,1.0
IEK,270300262_,Обогреватель на DIN-рейку 30Вт IP20 IEK (50) NEW,7.0,0.0,1.4,0.0,5.0,Низкая,база спроса ≈2 шт/мес (история 15 мес.); сезонность ×1.00; снижение спроса ×0.72; прогноз след. месяц ≈1 шт; остаток 7 + в пути 0,1.0
IEK,270300263_,Обогреватель на DIN-рейку 45Вт IP20 IEK (50) NEW,10.0,0.0,1.8,0.0,5.56,Низкая,база спроса ≈4 шт/мес (история 11 мес.); снижение спроса ×0.53; прогноз след. месяц ≈2 шт; остаток 10 + в пути 0,1.0
IEK,270300264_,Обогреватель на DIN-рейку 75Вт IP20 IEK (50) NEW,2.0,0.0,1.0,0.0,2.0,Низкая,база спроса ≈1 шт/мес (история 8 мес.); прогноз след. месяц ≈1 шт; остаток 2 + в пути 0,1.0
IEK,270300267_,Обогреватель на DIN-рейку в корп.(встр.вент.) 150Вт IP20 IEK (38) NEW,2.0,0.0,1.0,0.0,2.0,Низкая,база спроса ≈2 шт/мес (история 6 мес.); снижение спроса ×0.50; прогноз след. месяц ≈1 шт; остаток 2 + в пути 0,1.0
IEK,270300281_,Фильтр c защитным кожухом 97x97мм для вент-ра 21 м3/час IEK (20) NEW,9.0,0.0,2.0,0.0,4.5,Низкая,база спроса ≈2 шт/мес (история 11 мес.); снижение спроса ×0.80; прогноз след. месяц ≈2 шт; остаток 9 + в пути 0,1.0
IEK,270300282_,Фильтр c защитным кожухом 125x125мм для вент-ра 55м3/час IEK (24) NEW,3.0,0.0,1.4,0.0,2.14,Низкая,база спроса ≈2 шт/мес (история 10 мес.); снижение спроса ×0.71; прогноз след. месяц ≈1 шт; остаток 3 + в пути 0,1.0
IEK,270300283_,Фильтр c защитным кожухом 176x176мм для вен-ра 102м3/час IEK (8) NEW,2.0,0.0,1.0,0.0,2.0,Низкая,база спроса ≈1 шт/мес (история 3 мес.); прогноз след. месяц ≈1 шт; остаток 2 + в пути 0,1.0
IEK,270300284_,Вентилятор с фильтром 55 куб.м./час IP55 IEK (12) NEW,8.0,0.0,2.0,0.0,4.0,Низкая,база спроса ≈2 шт/мес (история 17 мес.); сезонность ×1.00; прогноз след. месяц ≈2 шт; остаток 8 + в пути 0,1.0
IEK,270300285_,Вентилятор с фильтром 102 куб.м./час IP55 IEK (8) NEW,6.0,0.0,2.3,0.0,2.61,Низкая,база спроса ≈2 шт/мес (история 14 мес.); сезонность ×1.50; снижение спроса ×0.67; прогноз след. месяц ≈2 шт; остаток 6 + в пути 0,1.0
IEK,270300288_,Вентилятор с фильтром ВФИ 105 м3/час IP55 IEK (20) NEW,13.0,0.0,4.9,0.0,2.65,Низкая,база спроса ≈4 шт/мес (история 26 мес.); сезонность ×2.50; снижение спроса ×0.55; прогноз след. месяц ≈5 шт; остаток 13 + в пути 0,1.0
IEK,270300290_,Вентилятор с фильтром ВФИ 380 м3/час IP55 IEK (8) NEW,6.0,0.0,2.5,0.0,2.4,Низкая,база спроса ≈3 шт/мес (история 13 мес.); сезонность ×1.00; снижение спроса ×0.83; прогноз след. месяц ≈2 шт; остаток 6 + в пути 0,1.0
IEK,270300291_,Вентилятор с фильтром ВФИ 480 м3/час IP55 IEK (5) NEW,10.0,0.0,2.0,0.0,5.0,Низкая,база спроса ≈4 шт/мес (история 8 мес.); снижение спроса ×0.50; прогноз след. месяц ≈2 шт; остаток 10 + в пути 0,1.0
IEK,270300292_,Вентилятор с фильтром ВФИ 550 м3/час IP55 IEK (5) NEW,2.0,0.0,0.8,0.0,2.5,Низкая,база спроса ≈2 шт/мес (история 6 мес.); снижение спроса ×0.50; прогноз след. месяц ≈1 шт; остаток 2 + в пути 0,1.0
IEK,270300295_,Фильтр c решеткой для вентилятора ВФИ 65-105 м3/час IEK (56) NEW,27.0,0.0,5.5,0.0,4.91,Низкая,база спроса ≈6 шт/мес (история 28 мес.); сезонность ×0.92; исключено разовых крупных заказов: 1; прогноз след. месяц ≈6 шт; остаток 27 + в пути 0,1.0
IEK,270300296_,Фильтр c решеткой для вентилятора ВФИ 200 м3/час IEK (28) NEW,10.0,0.0,3.1,0.0,3.23,Низкая,база спроса ≈4 шт/мес (история 14 мес.); сезонность ×0.88; снижение спроса ×0.81; прогноз след. месяц ≈3 шт; остаток 10 + в пути 0,1.0
IEK,270300297_,Фильтр c решеткой для вентилятора ВФИ 380 м3/час IEK (28) NEW,13.0,0.0,2.2,0.0,5.91,Низкая,база спроса ≈5 шт/мес (история 14 мес.); сезонность ×0.93; снижение спроса ×0.50; прогноз след. месяц ≈2 шт; остаток 13 + в пути 0,1.0
IEK,270300298_,Фильтр c решеткой для вентилятора ВФИ 480-700 м3/час IEK (19) NEW,9.0,0.0,1.5,0.0,6.0,Низкая,база спроса ≈3 шт/мес (история 8 мес.); снижение спроса ×0.50; прогноз след. месяц ≈2 шт; остаток 9 + в пути 0,1.0
IEK,270300299_,Термостат двухканальный УККт от 0 до +60°C NO+NC IEK (100) NEW,21.0,0.0,9.3,0.0,2.26,Низкая,база спроса ≈4 шт/мес (история 26 мес.); сезонность ×1.56; рост спроса ×1.33; исключено разовых крупных заказов: 2; прогноз след. месяц ≈9 шт; остаток 21 + в пути 0,1.0
IEK,270300300_,Термостат двухканальный от 0 до +60°C NO+NO IEK (100) NEW,4.0,0.0,0.9,0.0,4.44,Низкая,база спроса ≈2 шт/мес (история 14 мес.); сезонность ×0.67; снижение спроса ×0.89; прогноз след. месяц ≈1 шт; остаток 4 + в пути 0,1.0
IEK,270300301_,"Гигростат электронный УККг от 40 до 0,9 RH IEK (100) NEW",2.0,0.0,1.0,0.0,2.0,Низкая,база спроса ≈1 шт/мес (история 1 мес.); прогноз след. месяц ≈1 шт; остаток 2 + в пути 0,1.0
IEK,270300303_,"Гигротерм от 0 до +60°C от 50 до 0,9 RH IEK (60) NEW",3.0,0.0,1.0,0.0,3.0,Низкая,база спроса ≈1 шт/мес (история 1 мес.); прогноз след. месяц ≈1 шт; остаток 3 + в пути 0,1.0
IEK,270300305_,Устройство компенсации давления УКД D=37мм IP55 IEK (200) NEW,6.0,0.0,1.0,0.0,6.0,Низкая,база спроса ≈1 шт/мес (история 5 мес.); прогноз след. месяц ≈1 шт; остаток 6 + в пути 0,1.0
IEK,270400021_,Рубильник  ВР-32-35  В31250-250А IEK (12) !!!,40.0,0.0,1.0,0.0,40.0,Низкая,база спроса ≈1 шт/мес (история 1 мес.); прогноз след. месяц ≈1 шт; остаток 40 + в пути 0,1.0
IEK,270400035_,Рубильник  трехпозиционный ВРТ-63 2P 63А IEK,3.0,0.0,0.8,0.0,3.75,Низкая,база спроса ≈2 шт/мес (история 18 мес.); сезонность ×0.67; снижение спроса ×0.77; исключено разовых крупных заказов: 1; продажи скорректированы вверх из-за дефицита на складе; прогноз след. месяц ≈1 шт; остаток 3 + в пути 0,6.0
IEK,270400043_,Рубильник  трехпозиционный ВРТ-63 4п 63А IEK,16.0,0.0,6.0,0.0,2.67,Низкая,база спроса ≈3 шт/мес (история 8 мес.); рост спроса ×2.00; продажи скорректированы вверх из-за дефицита на складе; прогноз след. месяц ≈6 шт; остаток 16 + в пути 0,3.0
IEK,270400046_,Рубильник  трехпозиционный ВРТ-63 1P 63А IEK,24.0,0.0,4.0,0.0,6.0,Низкая,база спроса ≈4 шт/мес (история 5 мес.); прогноз след. месяц ≈4 шт; остаток 24 + в пути 0,12.0
IEK,270400047_,Рубильник  трехпозиционный ВРТ-63 3P 63А IEK,16.0,0.0,6.9,0.0,2.32,Низкая,база спроса ≈3 шт/мес (история 14 мес.); сезонность ×2.67; снижение спроса ×0.86; продажи скорректированы вверх из-за дефицита на складе; прогноз след. месяц ≈7 шт; остаток 16 + в пути 0,4.0
IEK,280100004_,Кабель-канал 16х16 белый ЭЛЕКОР IEK (84),971.0,0.0,240.5,0.0,4.04,Низкая,база спроса ≈326 шт/мес (история 32 мес.); сезонность ×1.21; снижение спроса ×0.61; исключено разовых крупных заказов: 1; прогноз след. месяц ≈240 шт; остаток 971 + в пути 0,84.0
IEK,280100005_,Кабель-канал 20х10 белый ЭЛЕКОР IEK (96),282.0,0.0,101.7,0.0,2.77,Низкая,база спроса ≈46 шт/мес (история 31 мес.); сезонность ×2.18; рост спроса ×1.01; прогноз след. месяц ≈102 шт; остаток 282 + в пути 0,96.0
IEK,280100006_,Кабель-канал 15х10 белый ЭЛЕКОР IEK (144) ,662.0,0.0,16.0,0.0,41.38,Низкая,база спроса ≈34 шт/мес (история 31 мес.); сезонность ×0.94; снижение спроса ×0.50; прогноз след. месяц ≈16 шт; остаток 662 + в пути 0,144.0
IEK,280100007_,Кабель-канал 25х16 белый ЭЛЕКОР IEK (50),3510.0,500.0,926.6,0.0,3.79,Низкая,база спроса ≈874 шт/мес (история 32 мес.); сезонность ×1.38; снижение спроса ×0.77; исключено разовых крупных заказов: 1; прогноз след. месяц ≈927 шт; остаток 3510 + в пути 500,50.0
IEK,280100009_,Кабель-канал 40х16 белый ЭЛЕКОР IEK (30),218.0,0.0,32.5,0.0,6.71,Низкая,база спроса ≈22 шт/мес (история 25 мес.); сезонность ×2.95; снижение спроса ×0.50; прогноз след. месяц ≈32 шт; остаток 218 + в пути 0,30.0
IEK,280100012_,Кабель-канал 60х40 белый ЭЛЕКОР IEK (18),556.0,540.0,167.8,0.0,3.31,Низкая,база спроса ≈177 шт/мес (история 32 мес.); сезонность ×0.74; рост спроса ×1.28; прогноз след. месяц ≈168 шт; остаток 556 + в пути 540,18.0
IEK,280100014_,Кабель-канал 80х40 белый ЭЛЕКОР IEK (10),40.0,0.0,9.5,0.0,4.21,Низкая,база спроса ≈12 шт/мес (история 25 мес.); сезонность ×1.50; снижение спроса ×0.53; прогноз след. месяц ≈10 шт; остаток 40 + в пути 0,10.0
IEK,280100015_,Кабель-канал 80х60 белый ЭЛЕКОР IEK (8),12.0,0.0,1.5,0.0,8.0,Низкая,база спроса ≈3 шт/мес (история 15 мес.); сезонность ×1.00; снижение спроса ×0.50; прогноз след. месяц ≈2 шт; остаток 12 + в пути 0,8.0
IEK,280100016_,Кабель-канал 25х25 белый ЭЛЕКОР IEK (32),1036.0,0.0,120.8,0.0,8.58,Низкая,база спроса ≈268 шт/мес (история 32 мес.); сезонность ×0.71; снижение спроса ×0.63; прогноз след. месяц ≈121 шт; остаток 1036 + в пути 0,32.0
IEK,280100103_,Кабель-канал напольный 70х16  ЭЛЕКОР (42м),3127.0,546.0,1186.6,0.0,2.64,Низкая,база спроса ≈999 шт/мес (история 32 мес.); сезонность ×1.42; снижение спроса ×0.84; исключено разовых крупных заказов: 3; прогноз след. месяц ≈1187 шт; остаток 3127 + в пути 546,42.0
IEK,280100116_,Внешний изменяемый угол  80х40  ПРАЙМЕР (108),42.0,0.0,4.5,0.0,9.33,Низкая,база спроса ≈10 шт/мес (история 29 мес.); сезонность ×0.90; снижение спроса ×0.50; прогноз след. месяц ≈4 шт; остаток 42 + в пути 0,12.0
IEK,280100117_,Внутренний изменяемый угол  80х40  ПРАЙМЕР (108),71.0,0.0,13.8,0.0,5.14,Низкая,база спроса ≈20 шт/мес (история 32 мес.); сезонность ×1.36; снижение спроса ×0.50; прогноз след. месяц ≈14 шт; остаток 71 + в пути 0,12.0
IEK,280100118_,Заглушка  80х40  ПРАЙМЕР (216),230.0,0.0,50.2,0.0,4.58,Низкая,база спроса ≈46 шт/мес (история 31 мес.); сезонность ×1.00; рост спроса ×1.08; исключено разовых крупных заказов: 1; прогноз след. месяц ≈50 шт; остаток 230 + в пути 0,12.0
IEK,280100119_,Выключатель 2-кл  на 2 модуля ВК1-22-00-П ПРАЙМЕР (100),20.0,0.0,2.1,0.0,9.52,Низкая,база спроса ≈5 шт/мес (история 24 мес.); сезонность ×0.82; снижение спроса ×0.50; прогноз след. месяц ≈2 шт; остаток 20 + в пути 0,10.0
IEK,280100120_,Выключатель 1-кл  на 2 модуля ВК0-21-00-П ПРАЙМЕР (100),47.0,0.0,10.1,0.0,4.65,Низкая,база спроса ≈12 шт/мес (история 29 мес.); сезонность ×1.62; снижение спроса ×0.53; прогноз след. месяц ≈10 шт; остаток 47 + в пути 0,10.0
IEK,280100124_,Плоский изменяемый угол 100х40  ПРАЙМЕР (96),58.0,0.0,7.1,0.0,8.17,Низкая,база спроса ≈8 шт/мес (история 29 мес.); сезонность ×1.57; снижение спроса ×0.54; прогноз след. месяц ≈7 шт; остаток 58 + в пути 0,12.0
IEK,280100125_,Плоский изменяемый угол  80х40  ПРАЙМЕР (96),68.0,0.0,13.6,0.0,5.0,Низкая,база спроса ≈13 шт/мес (история 27 мес.); сезонность ×2.07; снижение спроса ×0.50; прогноз след. месяц ≈14 шт; остаток 68 + в пути 0,12.0
IEK,280100126_,Рамка и суппорт  на 4 модуля 60 мм ПРАЙМЕР (160),154.0,0.0,20.2,0.0,7.62,Низкая,база спроса ≈43 шт/мес (история 30 мес.); сезонность ×0.59; снижение спроса ×0.80; прогноз след. месяц ≈20 шт; остаток 154 + в пути 0,10.0
IEK,280100127_,Рамка и суппорт  на 4 модуля 75 мм ПРАЙМЕР (160),161.0,0.0,14.5,0.0,11.1,Низкая,база спроса ≈55 шт/мес (история 31 мес.); сезонность ×0.32; снижение спроса ×0.84; прогноз след. месяц ≈14 шт; остаток 161 + в пути 0,10.0
IEK,280100128_,Рамка и суппорт  универсал. на 2 модуля  ПРАЙМЕР (180),856.0,0.0,96.0,0.0,8.92,Низкая,база спроса ≈174 шт/мес (история 32 мес.); сезонность ×1.10; снижение спроса ×0.50; исключено разовых крупных заказов: 2; прогноз след. месяц ≈96 шт; остаток 856 + в пути 0,10.0
IEK,280100131_,"Розетка с з/к 2к, 2 модуля (белая) РКС-20-30-П ПРАЙМЕР (100)",1439.0,0.0,338.4,0.0,4.25,Низкая,база спроса ≈412 шт/мес (история 32 мес.); сезонность ×1.07; снижение спроса ×0.77; прогноз след. месяц ≈338 шт; остаток 1439 + в пути 0,10.0
IEK,280100132_,"Розетка с з/к 2к, 2 модуля (красная) РКС-20-32-П ПРАЙМЕР (10)",314.0,0.0,109.3,0.0,2.87,Низкая,база спроса ≈56 шт/мес (история 32 мес.); сезонность ×2.63; снижение спроса ×0.74; прогноз след. месяц ≈109 шт; остаток 314 + в пути 0,10.0
IEK,280100134_,Соединитель на стык боковой высотой 40 мм.  ПРАЙМЕР (1440),274.0,0.0,20.0,0.0,13.7,Низкая,база спроса ≈84 шт/мес (история 29 мес.); сезонность ×0.48; снижение спроса ×0.50; прогноз след. месяц ≈20 шт; остаток 274 + в пути 0,40.0
IEK,280100135_,Т-угол 100х40  ПРАЙМЕР (108),36.0,0.0,11.0,0.0,3.27,Низкая,база спроса ≈5 шт/мес (история 26 мес.); сезонность ×2.69; снижение спроса ×0.78; прогноз след. месяц ≈11 шт; остаток 36 + в пути 0,12.0
IEK,280100137_,Соеденитель на стык лицевой  для крышки 75 мм ПРАЙМЕР (720),111.0,0.0,36.0,0.0,3.08,Низкая,база спроса ≈19 шт/мес (история 26 мес.); сезонность ×0.95; рост спроса ×2.00; прогноз след. месяц ≈36 шт; остаток 111 + в пути 0,20.0
IEK,280100139_,Рамка и суппорт  на 6 модулей 60 мм ПРАЙМЕР (120),83.0,0.0,9.6,0.0,8.65,Низкая,база спроса ≈40 шт/мес (история 30 мес.); сезонность ×0.47; снижение спроса ×0.50; исключено разовых крупных заказов: 1; прогноз след. месяц ≈10 шт; остаток 83 + в пути 0,10.0
IEK,280100140_,Рамка и суппорт  на 6 модулей 75 мм ПРАЙМЕР (120),137.0,0.0,22.6,0.0,6.06,Низкая,база спроса ≈38 шт/мес (история 31 мес.); сезонность ×0.82; снижение спроса ×0.73; прогноз след. месяц ≈23 шт; остаток 137 + в пути 0,10.0
IEK,280100141_,Разделительная перегородка высотой 40мм ПРАЙМЕР (160),246.0,0.0,12.1,0.0,20.33,Низкая,база спроса ≈43 шт/мес (история 14 мес.); сезонность ×0.35; снижение спроса ×0.80; прогноз след. месяц ≈12 шт; остаток 246 + в пути 0,160.0
IEK,280100338_,Кабель-канал 40х25 черный ЭЛЕКОР IEK (24),62.0,0.0,31.0,0.0,2.0,Низкая,база спроса ≈18 шт/мес (история 26 мес.); сезонность ×0.88; рост спроса ×1.89; прогноз след. месяц ≈31 шт; остаток 62 + в пути 0,24.0
IEK,280100339_,Кабель-канал 12х12 дуб ЭЛЕКОР IEK (120),56.0,0.0,8.3,0.0,6.75,Низкая,база спроса ≈8 шт/мес (история 17 мес.); сезонность ×1.00; рост спроса ×1.01; прогноз след. месяц ≈8 шт; остаток 56 + в пути 0,120.0
IEK,280100340_,Кабель-канал 15х10 дуб ЭЛЕКОР IEK (144),88.0,0.0,13.8,0.0,6.38,Низкая,база спроса ≈8 шт/мес (история 14 мес.); сезонность ×1.00; рост спроса ×1.72; продажи скорректированы вверх из-за дефицита на складе; прогноз след. месяц ≈14 шт; остаток 88 + в пути 0,144.0
IEK,280100342_,Кабель-канал 20х10 дуб ЭЛЕКОР IEK (96),98.0,0.0,46.1,0.0,2.13,Низкая,база спроса ≈16 шт/мес (история 21 мес.); сезонность ×3.88; снижение спроса ×0.74; прогноз след. месяц ≈46 шт; остаток 98 + в пути 0,96.0
IEK,280100343_,Кабель-канал 40х16 дуб ЭЛЕКОР IEK (30),38.0,0.0,5.3,0.0,7.17,Низкая,база спроса ≈9 шт/мес (история 11 мес.); снижение спроса ×0.59; прогноз след. месяц ≈5 шт; остаток 38 + в пути 0,30.0
IEK,280100351_,Угол внутренний КМВ 40х16 дуб ЭЛЕКОР IEK (4шт/компл) ,17.0,0.0,1.5,0.0,11.33,Низкая,база спроса ≈2 шт/мес (история 2 мес.); прогноз след. месяц ≈2 шт; остаток 17 + в пути 0,1.0
IEK,280100352_,Угол внутренний КМВ 40х25 дуб ЭЛЕКОР IEK (4шт/компл) ,60.0,0.0,4.0,0.0,15.0,Низкая,база спроса ≈4 шт/мес (история 1 мес.); прогноз след. месяц ≈4 шт; остаток 60 + в пути 0,1.0
IEK,280100358_,Поворот 90град КМП 25х16 дуб ЭЛЕКОР IEK (4шт/компл) ,4.0,0.0,2.0,0.0,2.0,Низкая,база спроса ≈2 шт/мес (история 3 мес.); прогноз след. месяц ≈2 шт; остаток 4 + в пути 0,1.0
IEK,280100364_,Соединитель на стык КМС 40х25 дуб ЭЛЕКОР IEK (4шт/компл),53.0,0.0,9.0,0.0,5.89,Низкая,база спроса ≈9 шт/мес (история 2 мес.); прогноз след. месяц ≈9 шт; остаток 53 + в пути 0,1.0
IEK,280100372_,Угол Т-образный КМТ 40х25 дуб ЭЛЕКОР IEK (4шт/компл) ,49.0,0.0,3.0,0.0,16.33,Низкая,база спроса ≈3 шт/мес (история 1 мес.); прогноз след. месяц ≈3 шт; остаток 49 + в пути 0,1.0
IEK,280100373_,Кабель-канал 12х12 сосна ЭЛЕКОР IEK (120),120.0,0.0,9.5,0.0,12.63,Низкая,база спроса ≈19 шт/мес (история 7 мес.); снижение спроса ×0.50; прогноз след. месяц ≈10 шт; остаток 120 + в пути 0,120.0
IEK,280100374_,Кабель-канал 15х10 сосна ЭЛЕКОР IEK (144),94.0,0.0,7.5,0.0,12.53,Низкая,база спроса ≈15 шт/мес (история 9 мес.); снижение спроса ×0.50; прогноз след. месяц ≈8 шт; остаток 94 + в пути 0,144.0
IEK,280100375_,Кабель-канал 16х16 сосна ЭЛЕКОР IEK (84),98.0,0.0,13.8,0.0,7.1,Низкая,база спроса ≈27 шт/мес (история 24 мес.); сезонность ×0.76; снижение спроса ×0.68; прогноз след. месяц ≈14 шт; остаток 98 + в пути 0,84.0
IEK,280100376_,Кабель-канал 20х10 сосна ЭЛЕКОР IEK (96),90.0,0.0,28.0,0.0,3.21,Низкая,база спроса ≈14 шт/мес (история 11 мес.); рост спроса ×2.00; прогноз след. месяц ≈28 шт; остаток 90 + в пути 0,96.0
IEK,280100377_,Кабель-канал 25х16 сосна ЭЛЕКОР IEK (50),300.0,0.0,13.5,0.0,22.22,Низкая,база спроса ≈27 шт/мес (история 21 мес.); сезонность ×1.00; снижение спроса ×0.50; продажи скорректированы вверх из-за дефицита на складе; прогноз след. месяц ≈14 шт; остаток 300 + в пути 0,50.0
IEK,280100378_,Кабель-канал 40х16 сосна ЭЛЕКОР IEK (30),38.0,0.0,14.0,0.0,2.71,Низкая,база спроса ≈7 шт/мес (история 7 мес.); рост спроса ×2.00; прогноз след. месяц ≈14 шт; остаток 38 + в пути 0,30.0
IEK,280100379_,Кабель-канал 40х25 сосна ЭЛЕКОР IEK (18),38.0,0.0,4.8,0.0,7.92,Низкая,база спроса ≈8 шт/мес (история 22 мес.); сезонность ×0.89; снижение спроса ×0.72; прогноз след. месяц ≈5 шт; остаток 38 + в пути 0,18.0
IEK,280100380_,Угол внешний КМН 16х16 сосна ЭЛЕКОР IEK (4шт/компл) ,28.0,0.0,2.0,0.0,14.0,Низкая,база спроса ≈2 шт/мес (история 1 мес.); прогноз след. месяц ≈2 шт; остаток 28 + в пути 0,1.0
IEK,280100384_,Угол внутренний КМВ 16х16 сосна ЭЛЕКОР IEK (4шт/компл) ,6.0,0.0,2.0,0.0,3.0,Низкая,база спроса ≈2 шт/мес (история 1 мес.); прогноз след. месяц ≈2 шт; остаток 6 + в пути 0,1.0
IEK,280100390_,Заглушка КМЗ 25х16 сосна ЭЛЕКОР IEK (4шт/компл)  ,64.0,0.0,7.0,0.0,9.14,Низкая,база спроса ≈7 шт/мес (история 1 мес.); прогноз след. месяц ≈7 шт; остаток 64 + в пути 0,1.0
IEK,280100396_,Поворот 90град КМП 40х25 сосна ЭЛЕКОР IEK (4шт/компл) ,4.0,0.0,2.0,0.0,2.0,Низкая,база спроса ≈2 шт/мес (история 1 мес.); прогноз след. месяц ≈2 шт; остаток 4 + в пути 0,1.0
IEK,280100398_,Соединитель на стык КМС 25х16 сосна ЭЛЕКОР IEK (4шт/компл),76.0,0.0,0.0,0.0,99.0,Низкая,база спроса ≈0 шт/мес (история 2 мес.); прогноз след. месяц ≈0 шт; остаток 76 + в пути 0,1.0
IEK,280100401_,Кабель-канал 12х12 ольха ЭЛЕКОР IEK (120),48.0,0.0,5.4,0.0,8.89,Низкая,база спроса ≈8 шт/мес (история 13 мес.); сезонность ×1.00; снижение спроса ×0.67; прогноз след. месяц ≈5 шт; остаток 48 + в пути 0,120.0
IEK,280100402_,Кабель-канал 15х10 ольха ЭЛЕКОР IEK (144),6.0,0.0,2.3,0.0,2.61,Низкая,база спроса ≈3 шт/мес (история 9 мес.); снижение спроса ×0.78; прогноз след. месяц ≈2 шт; остаток 6 + в пути 0,144.0
IEK,280100403_,Кабель-канал 16х16 ольха ЭЛЕКОР IEK (84),140.0,0.0,26.4,0.0,5.3,Низкая,база спроса ≈25 шт/мес (история 21 мес.); сезонность ×2.10; снижение спроса ×0.50; прогноз след. месяц ≈26 шт; остаток 140 + в пути 0,84.0
IEK,280100405_,Кабель-канал 25х16 ольха ЭЛЕКОР IEK (50),150.0,0.0,6.3,0.0,23.81,Низкая,база спроса ≈20 шт/мес (история 30 мес.); сезонность ×0.30; рост спроса ×1.04; прогноз след. месяц ≈6 шт; остаток 150 + в пути 0,50.0
IEK,280100406_,Кабель-канал 40х16 ольха ЭЛЕКОР IEK (30),256.0,0.0,1.1,0.0,232.73,Низкая,база спроса ≈10 шт/мес (история 13 мес.); сезонность ×0.20; снижение спроса ×0.57; прогноз след. месяц ≈1 шт; остаток 256 + в пути 0,30.0
IEK,280100407_,Кабель-канал 40х25 ольха ЭЛЕКОР IEK (18),30.0,0.0,12.5,0.0,2.4,Низкая,база спроса ≈10 шт/мес (история 16 мес.); сезонность ×1.00; рост спроса ×1.25; прогноз след. месяц ≈12 шт; остаток 30 + в пути 0,18.0
IEK,280100409_,Кабель-канал 15х10 черный ЭЛЕКОР IEK (144м),142.0,0.0,20.7,0.0,6.86,Низкая,база спроса ≈18 шт/мес (история 21 мес.); сезонность ×1.06; рост спроса ×1.09; прогноз след. месяц ≈21 шт; остаток 142 + в пути 0,144.0
IEK,280100410_,Кабель-канал 20х10 черный ЭЛЕКОР IEK (96м),138.0,0.0,44.8,0.0,3.08,Низкая,база спроса ≈9 шт/мес (история 23 мес.); сезонность ×2.58; рост спроса ×2.00; прогноз след. месяц ≈45 шт; остаток 138 + в пути 0,96.0
IEK,280100412_,Кабель-канал 40х16 черный ЭЛЕКОР IEK (30),8.0,0.0,3.0,0.0,2.67,Низкая,база спроса ≈6 шт/мес (история 8 мес.); снижение спроса ×0.50; прогноз след. месяц ≈3 шт; остаток 8 + в пути 0,30.0
IEK,280100414_,Кабель-канал 60х40 черный ЭЛЕКОР IEK (18),34.0,0.0,7.2,0.0,4.72,Низкая,база спроса ≈10 шт/мес (история 20 мес.); сезонность ×1.50; снижение спроса ×0.50; прогноз след. месяц ≈7 шт; остаток 34 + в пути 0,18.0
IEK,280100415_,Кабель-канал 60х60 черный ЭЛЕКОР IEK (12),12.0,0.0,2.0,0.0,6.0,Низкая,база спроса ≈2 шт/мес (история 3 мес.); прогноз след. месяц ≈2 шт; остаток 12 + в пути 0,12.0
IEK,280100416_,Кабель-канал 80х40 черный ЭЛЕКОР IEK (10),20.0,0.0,6.0,0.0,3.33,Низкая,база спроса ≈6 шт/мес (история 9 мес.); прогноз след. месяц ≈6 шт; остаток 20 + в пути 0,10.0
IEK,280100417_,Кабель-канал 80х60 черный ЭЛЕКОР IEK (8),10.0,0.0,3.0,0.0,3.33,Низкая,база спроса ≈3 шт/мес (история 4 мес.); прогноз след. месяц ≈3 шт; остаток 10 + в пути 0,8.0
IEK,280100418_,Кабель-канал 100х40 черный ЭЛЕКОР IEK (8),8.0,0.0,2.0,0.0,4.0,Низкая,база спроса ≈2 шт/мес (история 2 мес.); прогноз след. месяц ≈2 шт; остаток 8 + в пути 0,8.0
IEK,280100419_,Кабель-канал 100х60 черный ЭЛЕКОР IEK (8),24.0,0.0,9.3,0.0,2.58,Низкая,база спроса ≈7 шт/мес (история 14 мес.); сезонность ×1.14; рост спроса ×1.17; прогноз след. месяц ≈9 шт; остаток 24 + в пути 0,8.0
IEK,280100423_,Угол внешний КМН 25х16 черный ЭЛЕКОР IEK (4шт/компл) ,63.0,0.0,4.0,0.0,15.75,Низкая,база спроса ≈4 шт/мес (история 3 мес.); прогноз след. месяц ≈4 шт; остаток 63 + в пути 0,1.0
IEK,280100425_,Угол внешний КМН 60х40 черный ЭЛЕКОР IEK (4шт/компл) ,28.0,0.0,3.0,0.0,9.33,Низкая,база спроса ≈3 шт/мес (история 5 мес.); прогноз след. месяц ≈3 шт; остаток 28 + в пути 0,1.0
IEK,280100426_,Угол внешний КМН 100х60 черный ЭЛЕКОР IEK (2шт/компл) ,48.0,0.0,1.0,0.0,48.0,Низкая,база спроса ≈1 шт/мес (история 1 мес.); прогноз след. месяц ≈1 шт; остаток 48 + в пути 0,1.0
IEK,280100430_,Угол внутренний КМВ 25х16 черный ЭЛЕКОР IEK (4шт/компл) ,3.0,0.0,1.0,0.0,3.0,Низкая,база спроса ≈1 шт/мес (история 1 мес.); прогноз след. месяц ≈1 шт; остаток 3 + в пути 0,1.0
IEK,280100431_,Угол внутренний КМВ 40х25 черный ЭЛЕКОР IEK (4шт/компл) ,27.0,0.0,3.0,0.0,9.0,Низкая,база спроса ≈3 шт/мес (история 4 мес.); прогноз след. месяц ≈3 шт; остаток 27 + в пути 0,1.0
IEK,280100434_,Заглушка КМЗ 15х10 черный ЭЛЕКОР IEK (4шт/компл)  ,36.0,0.0,4.0,0.0,9.0,Низкая,база спроса ≈4 шт/мес (история 1 мес.); прогноз след. месяц ≈4 шт; остаток 36 + в пути 0,1.0
IEK,280100444_,Поворот 90град КМП 25х16 черный ЭЛЕКОР IEK (4шт/компл) ,9.0,0.0,4.0,0.0,2.25,Низкая,база спроса ≈4 шт/мес (история 5 мес.); прогноз след. месяц ≈4 шт; остаток 9 + в пути 0,1.0
IEK,280100451_,Соединитель на стык КМС 25х16 черный ЭЛЕКОР IEK (4шт/компл),76.0,0.0,4.0,0.0,19.0,Низкая,база спроса ≈4 шт/мес (история 1 мес.); прогноз след. месяц ≈4 шт; остаток 76 + в пути 0,1.0
IEK,280100455_,Угол Т-образный КМТ 15х10 черный ЭЛЕКОР IEK (4шт/компл) ,28.0,0.0,1.0,0.0,28.0,Низкая,база спроса ≈1 шт/мес (история 1 мес.); прогноз след. месяц ≈1 шт; остаток 28 + в пути 0,1.0
IEK,280100459_,Угол Т-образный КМТ 40х25 черный ЭЛЕКОР IEK (4шт/компл) ,147.0,0.0,4.5,0.0,32.67,Низкая,база спроса ≈4 шт/мес (история 4 мес.); прогноз след. месяц ≈4 шт; остаток 147 + в пути 0,1.0
IEK,280200031_,Внешний угол КМН 100х40 Белый ЭЛЕКОР IEK (2) ,45.0,0.0,8.8,0.0,5.11,Низкая,база спроса ≈6 шт/мес (история 25 мес.); сезонность ×2.79; снижение спроса ×0.50; прогноз след. месяц ≈9 шт; остаток 45 + в пути 0,11.0
IEK,280200032_,Внешний угол КМН 100х60 Белый ЭЛЕКОР IEK (2),61.0,0.0,19.7,0.0,3.1,Низкая,база спроса ≈34 шт/мес (история 31 мес.); сезонность ×1.04; снижение спроса ×0.55; прогноз след. месяц ≈20 шт; остаток 61 + в пути 0,6.0
IEK,280200035_,Внешний угол КМН 20х10 Белый ЭЛЕКОР IEK (4),156.0,0.0,78.0,0.0,2.0,Низкая,база спроса ≈27 шт/мес (история 23 мес.); сезонность ×5.78; снижение спроса ×0.50; прогноз след. месяц ≈78 шт; остаток 156 + в пути 0,1.0
IEK,280200036_,Внешний угол КМН 60х40 Белый ЭЛЕКОР IEK (4),194.0,0.0,11.2,0.0,17.32,Низкая,база спроса ≈46 шт/мес (история 30 мес.); сезонность ×0.49; снижение спроса ×0.50; прогноз след. месяц ≈11 шт; остаток 194 + в пути 0,1.0
IEK,280200039_,Внутренний угол КМВ 20х10 Белый ЭЛЕКОР IEK (4),113.0,0.0,0.5,0.0,226.0,Низкая,база спроса ≈23 шт/мес (история 24 мес.); сезонность ×0.04; снижение спроса ×0.50; прогноз след. месяц ≈0 шт; остаток 113 + в пути 0,1.0
IEK,280200040_,Внутренний угол КМВ 40х16 Белый ЭЛЕКОР IEK (4),236.0,0.0,14.8,0.0,15.95,Низкая,база спроса ≈20 шт/мес (история 20 мес.); сезонность ×1.15; снижение спроса ×0.64; прогноз след. месяц ≈15 шт; остаток 236 + в пути 0,1.0
IEK,280200045_,Заглушка КМЗ 15х10 Белый ЭЛЕКОР IEK (4) ,110.0,0.0,22.9,0.0,4.8,Низкая,база спроса ≈10 шт/мес (история 24 мес.); сезонность ×4.40; снижение спроса ×0.50; прогноз след. месяц ≈23 шт; остаток 110 + в пути 0,1.0
IEK,280200047_,Заглушка КМЗ 20х10 Белый ЭЛЕКОР IEK (4),66.0,0.0,1.3,0.0,50.77,Низкая,база спроса ≈14 шт/мес (история 20 мес.); сезонность ×0.14; снижение спроса ×0.70; прогноз след. месяц ≈1 шт; остаток 66 + в пути 0,1.0
IEK,280200048_,Заглушка КМЗ 40х16 Белый ЭЛЕКОР IEK (4),189.0,0.0,41.2,0.0,4.59,Низкая,база спроса ≈27 шт/мес (история 23 мес.); сезонность ×3.06; снижение спроса ×0.50; прогноз след. месяц ≈41 шт; остаток 189 + в пути 0,1.0
IEK,280200050_,Поворот 90° КМП 100х40 Белый ЭЛЕКОР IEK (2),23.0,0.0,0.0,0.0,99.0,Низкая,база спроса ≈9 шт/мес (история 25 мес.); сезонность ×-0.14; снижение спроса ×0.53; прогноз след. месяц ≈0 шт; остаток 23 + в пути 0,6.0
IEK,280200052_,Поворот 90° КМП 15х10 Белый ЭЛЕКОР IEK (4),138.0,0.0,21.0,0.0,6.57,Низкая,база спроса ≈18 шт/мес (история 30 мес.); сезонность ×1.79; снижение спроса ×0.67; прогноз след. месяц ≈21 шт; остаток 138 + в пути 0,1.0
IEK,280200055_,Поворот 90° КМП 40х16 Белый ЭЛЕКОР IEK (4),145.0,0.0,20.1,0.0,7.21,Низкая,база спроса ≈30 шт/мес (история 22 мес.); сезонность ×1.13; снижение спроса ×0.59; прогноз след. месяц ≈20 шт; остаток 145 + в пути 0,1.0
IEK,280200057_,Поворот 90° КМП 60х40 Белый ЭЛЕКОР IEK (4),150.0,15.0,39.0,0.0,3.85,Низкая,база спроса ≈49 шт/мес (история 30 мес.); сезонность ×0.94; снижение спроса ×0.84; продажи скорректированы вверх из-за дефицита на складе; прогноз след. месяц ≈39 шт; остаток 150 + в пути 15,1.0
IEK,280200058_,Соединитель на стык КМС 100х40 Белый ЭЛЕКОР IEK (2),38.0,0.0,4.2,0.0,9.05,Низкая,база спроса ≈16 шт/мес (история 18 мес.); сезонность ×0.51; снижение спроса ×0.50; прогноз след. месяц ≈4 шт; остаток 38 + в пути 0,39.0
IEK,280200059_,Соединитель на стык КМС 100х60 Белый ЭЛЕКОР IEK (2),203.0,52.0,78.4,0.0,2.59,Низкая,база спроса ≈33 шт/мес (история 28 мес.); сезонность ×1.42; рост спроса ×1.68; продажи скорректированы вверх из-за дефицита на складе; прогноз след. месяц ≈78 шт; остаток 203 + в пути 52,26.0
IEK,280200061_,Соединитель на стык КМС 16х16 Белый ЭЛЕКОР IEK (4),95.0,0.0,21.7,0.0,4.38,Низкая,база спроса ≈12 шт/мес (история 17 мес.); сезонность ×2.35; снижение спроса ×0.79; прогноз след. месяц ≈22 шт; остаток 95 + в пути 0,1.0
IEK,280200062_,Соединитель на стык КМС 20х10 Белый ЭЛЕКОР IEK (4),53.0,0.0,12.5,0.0,4.24,Низкая,база спроса ≈25 шт/мес (история 15 мес.); сезонность ×1.00; снижение спроса ×0.50; прогноз след. месяц ≈12 шт; остаток 53 + в пути 0,1.0
IEK,280200063_,Соединитель на стык КМС 40х16 Белый ЭЛЕКОР IEK (4),334.0,0.0,16.5,0.0,20.24,Низкая,база спроса ≈15 шт/мес (история 15 мес.); сезонность ×1.00; рост спроса ×1.10; прогноз след. месяц ≈16 шт; остаток 334 + в пути 0,1.0
IEK,280200064_,Соединитель на стык КМС 40х25 Белый ЭЛЕКОР IEK (4),509.0,0.0,213.1,0.0,2.39,Низкая,база спроса ≈91 шт/мес (история 26 мес.); сезонность ×2.73; снижение спроса ×0.85; прогноз след. месяц ≈213 шт; остаток 509 + в пути 0,1.0
IEK,280200069_,Т-образный угол КМТ 16х16 Белый ЭЛЕКОР IEK (4),98.0,0.0,21.1,0.0,4.64,Низкая,база спроса ≈16 шт/мес (история 19 мес.); сезонность ×0.81; рост спроса ×1.62; прогноз след. месяц ≈21 шт; остаток 98 + в пути 0,1.0
IEK,280200070_,Т-образный угол КМТ 20х10 Белый ЭЛЕКОР IEK (4),67.0,0.0,6.1,0.0,10.98,Низкая,база спроса ≈9 шт/мес (история 14 мес.); сезонность ×1.00; снижение спроса ×0.65; прогноз след. месяц ≈6 шт; остаток 67 + в пути 0,1.0
IEK,280200071_,Т-образный угол КМТ 40х16 Белый ЭЛЕКОР IEK (4),86.0,0.0,19.0,0.0,4.53,Низкая,база спроса ≈11 шт/мес (история 14 мес.); сезонность ×1.00; рост спроса ×1.73; прогноз след. месяц ≈19 шт; остаток 86 + в пути 0,1.0
IEK,280200072_,Т-образный угол КМТ 40х25 Белый ЭЛЕКОР IEK (4),214.0,0.0,19.7,0.0,10.86,Низкая,база спроса ≈19 шт/мес (история 28 мес.); сезонность ×0.68; рост спроса ×1.52; прогноз след. месяц ≈20 шт; остаток 214 + в пути 0,1.0
IEK,280200080_,Заглушка КМЗ 25х16 Белый ЭЛЕКОР IEK (4),313.0,0.0,28.3,0.0,11.06,Низкая,база спроса ≈48 шт/мес (история 31 мес.); сезонность ×1.00; снижение спроса ×0.59; прогноз след. месяц ≈28 шт; остаток 313 + в пути 0,1.0
IEK,280200081_,Заглушка КМЗ 40х25 Белый ЭЛЕКОР IEK (4) ,258.0,0.0,30.4,0.0,8.49,Низкая,база спроса ≈60 шт/мес (история 31 мес.); сезонность ×0.97; снижение спроса ×0.52; исключено разовых крупных заказов: 1; прогноз след. месяц ≈30 шт; остаток 258 + в пути 0,1.0
IEK,280200082_,Поворот 90° КМП 20х10 Белый ЭЛЕКОР IEK (4),73.0,0.0,26.7,0.0,2.73,Низкая,база спроса ≈24 шт/мес (история 21 мес.); сезонность ×1.12; снижение спроса ×0.99; прогноз след. месяц ≈27 шт; остаток 73 + в пути 0,1.0
IEK,280200083_,Соединитель на стык КМС 25х16 Белый ЭЛЕКОР IEK (4),250.0,25.0,32.0,0.0,7.81,Низкая,база спроса ≈44 шт/мес (история 30 мес.); сезонность ×0.37; рост спроса ×2.00; продажи скорректированы вверх из-за дефицита на складе; прогноз след. месяц ≈32 шт; остаток 250 + в пути 25,1.0
IEK,280200084_,Т-образный угол КМТ 25х16 Белый ЭЛЕКОР IEK (4) ,171.0,15.0,49.6,0.0,3.45,Низкая,база спроса ≈52 шт/мес (история 30 мес.); сезонность ×1.20; снижение спроса ×0.79; прогноз след. месяц ≈50 шт; остаток 171 + в пути 15,1.0
IEK,280200085_,Внутренний угол КМВ 15х10 Белый ЭЛЕКОР IEK (4),71.0,5.0,30.2,0.0,2.35,Низкая,база спроса ≈12 шт/мес (история 30 мес.); сезонность ×4.83; снижение спроса ×0.50; прогноз след. месяц ≈30 шт; остаток 71 + в пути 5,1.0
IEK,280200087_,Внешний угол КМН 25х16 Белый ЭЛЕКОР IEK (4),271.0,5.0,20.2,0.0,13.42,Низкая,база спроса ≈46 шт/мес (история 30 мес.); сезонность ×0.89; снижение спроса ×0.50; прогноз след. месяц ≈20 шт; остаток 271 + в пути 5,1.0
IEK,280200088_,Внешний угол КМН 40х16 Белый ЭЛЕКОР IEK (4),435.0,0.0,46.6,0.0,9.33,Низкая,база спроса ≈11 шт/мес (история 19 мес.); сезонность ×3.96; рост спроса ×1.09; прогноз след. месяц ≈47 шт; остаток 435 + в пути 0,1.0
IEK,280200108_,Внешний угол КМН 40х25 Белый ЭЛЕКОР IEK (4),184.0,10.0,64.5,0.0,2.85,Низкая,база спроса ≈73 шт/мес (история 30 мес.); сезонность ×0.47; рост спроса ×1.90; прогноз след. месяц ≈64 шт; остаток 184 + в пути 10,1.0
IEK,280200109_,Внутренний угол КМВ 100х40 Белый ЭЛЕКОР IEK (2),44.0,16.0,12.7,0.0,3.46,Низкая,база спроса ≈14 шт/мес (история 16 мес.); сезонность ×1.11; снижение спроса ×0.84; прогноз след. месяц ≈13 шт; остаток 44 + в пути 16,8.0
IEK,280200166_,Внешний изменяемый угол 100х40  ПРАЙМЕР (108),37.0,0.0,7.8,0.0,4.74,Низкая,база спроса ≈15 шт/мес (история 31 мес.); сезонность ×0.50; рост спроса ×1.03; прогноз след. месяц ≈8 шт; остаток 37 + в пути 0,12.0
IEK,280200167_,Внутренний изменяемый угол 100х40  ПРАЙМЕР (108),97.0,0.0,11.7,0.0,8.29,Низкая,база спроса ≈30 шт/мес (история 32 мес.); сезонность ×0.66; снижение спроса ×0.58; прогноз след. месяц ≈12 шт; остаток 97 + в пути 0,12.0
IEK,280200252_,Разъём RJ-45 UTP для кабеля кат.5Е ITK ,4113.0,3000.0,884.2,0.0,4.65,Низкая,база спроса ≈1185 шт/мес (история 32 мес.); сезонность ×1.31; снижение спроса ×0.57; прогноз след. месяц ≈884 шт; остаток 4113 + в пути 3000,20.0
IEK,280300003_,Кронштейн настенный осн.100мм. IEK (4),138.0,0.0,51.0,0.0,2.71,Низкая,база спроса ≈18 шт/мес (история 30 мес.); сезонность ×2.18; рост спроса ×1.27; прогноз след. месяц ≈51 шт; остаток 138 + в пути 0,4.0
IEK,280300005_,Крышка на лоток осн. 100мм. IEK (6),672.0,0.0,139.4,0.0,4.82,Низкая,база спроса ≈165 шт/мес (история 32 мес.); сезонность ×1.69; снижение спроса ×0.50; исключено разовых крупных заказов: 1; прогноз след. месяц ≈139 шт; остаток 672 + в пути 0,6.0
IEK,280300007_,Крышка на лоток осн. 200мм. IEK (6),287.0,0.0,28.0,0.0,10.25,Низкая,база спроса ≈66 шт/мес (история 32 мес.); сезонность ×0.85; снижение спроса ×0.50; исключено разовых крупных заказов: 1; прогноз след. месяц ≈28 шт; остаток 287 + в пути 0,6.0
IEK,280300009_,Крышка на лоток осн. 400мм. IEK (6),63.0,0.0,2.6,0.0,24.23,Низкая,база спроса ≈8 шт/мес (история 22 мес.); сезонность ×0.68; снижение спроса ×0.50; прогноз след. месяц ≈3 шт; остаток 63 + в пути 0,6.0
IEK,280300011_,Крышка на лоток осн.  50мм. IEK (6),279.0,0.0,66.4,0.0,4.2,Низкая,база спроса ≈38 шт/мес (история 32 мес.); сезонность ×3.52; снижение спроса ×0.50; прогноз след. месяц ≈66 шт; остаток 279 + в пути 0,6.0
IEK,280300012_," Лоток перфорированный (50х100х3000) (0,7 мм) IEK (6)",1270.0,0.0,478.1,0.0,2.66,Низкая,база спроса ≈137 шт/мес (история 30 мес.); сезонность ×2.93; рост спроса ×1.19; исключено разовых крупных заказов: 1; прогноз след. месяц ≈478 шт; остаток 1270 + в пути 0,12.0
IEK,280300013_," Лоток перфорированный (50х200х3000) (0,7 мм) IEK (6)",627.0,252.0,191.7,0.0,3.27,Низкая,база спроса ≈272 шт/мес (история 32 мес.); сезонность ×1.09; снижение спроса ×0.64; прогноз след. месяц ≈192 шт; остаток 627 + в пути 252,18.0
IEK,280300022_,Разветвитель Т-образный  50х200 IEK,21.0,0.0,1.9,0.0,11.05,Низкая,база спроса ≈3 шт/мес (история 26 мес.); сезонность ×1.21; снижение спроса ×0.59; исключено разовых крупных заказов: 1; прогноз след. месяц ≈2 шт; остаток 21 + в пути 0,1.0
IEK,280300030_," Лоток перфорированный (50х300х3000) (0,8 мм) IEK (6)",324.0,180.0,146.8,0.0,2.21,Низкая,база спроса ≈81 шт/мес (история 30 мес.); сезонность ×1.46; рост спроса ×1.24; прогноз след. месяц ≈147 шт; остаток 324 + в пути 180,12.0
IEK,280300031_, Лоток перфорированный (50х400х3000) (1 мм) IEK (6),120.0,0.0,3.5,0.0,34.29,Низкая,база спроса ≈20 шт/мес (история 25 мес.); сезонность ×0.35; снижение спроса ×0.50; прогноз след. месяц ≈4 шт; остаток 120 + в пути 0,12.0
IEK,280300034_," Лоток перфорированный (100х200х3000) (0,8 мм) IEK (6)",258.0,0.0,25.2,0.0,10.24,Низкая,база спроса ≈68 шт/мес (история 30 мес.); сезонность ×0.74; снижение спроса ×0.50; прогноз след. месяц ≈25 шт; остаток 258 + в пути 0,6.0
IEK,280300057_,Поворот 90º вертикальный внутренний  50х200 IEK,10.0,0.0,0.7,0.0,14.29,Низкая,база спроса ≈3 шт/мес (история 20 мес.); сезонность ×0.29; снижение спроса ×0.78; прогноз след. месяц ≈1 шт; остаток 10 + в пути 0,1.0
IEK,280300078_,Поворот 90º 100х200 IEK!!!,18.0,0.0,4.5,0.0,4.0,Низкая,база спроса ≈4 шт/мес (история 4 мес.); прогноз след. месяц ≈4 шт; остаток 18 + в пути 0,1.0
IEK,280300082_,Кронштейн настенный осн.300мм IEK,62.0,0.0,3.1,0.0,20.0,Низкая,база спроса ≈18 шт/мес (история 18 мес.); сезонность ×0.12; рост спроса ×1.47; прогноз след. месяц ≈3 шт; остаток 62 + в пути 0,4.0
IEK,280300084_, Лоток проволочный (60х100х3000) IEK (6),207.0,180.0,99.0,0.0,2.09,Низкая,база спроса ≈234 шт/мес (история 27 мес.); сезонность ×0.67; снижение спроса ×0.63; продажи скорректированы вверх из-за дефицита на складе; прогноз след. месяц ≈99 шт; остаток 207 + в пути 180,18.0
IEK,280300086_," Лоток перфорированный (50 х50х3000) (0,7 мм) IEK (6)",726.0,0.0,114.4,0.0,6.35,Низкая,база спроса ≈139 шт/мес (история 32 мес.); сезонность ×1.65; снижение спроса ×0.50; исключено разовых крупных заказов: 1; прогноз след. месяц ≈114 шт; остаток 726 + в пути 0,18.0
IEK,280300092_,Держатель горизонтальный VH200 IEK (20),85.0,0.0,28.3,0.0,3.0,Низкая,база спроса ≈41 шт/мес (история 27 мес.); сезонность ×1.34; снижение спроса ×0.52; прогноз след. месяц ≈28 шт; остаток 85 + в пути 0,20.0
IEK,280300104_,Площадка фиксаторная CR IEK (200),140.0,0.0,36.4,0.0,3.85,Низкая,база спроса ≈48 шт/мес (история 10 мес.); снижение спроса ×0.76; прогноз след. месяц ≈36 шт; остаток 140 + в пути 0,200.0
IEK,280300122_,Кронштейн настенный осн.400мм. IEK (4),31.0,0.0,10.5,0.0,2.95,Низкая,база спроса ≈3 шт/мес (история 17 мес.); сезонность ×3.61; рост спроса ×1.05; прогноз след. месяц ≈10 шт; остаток 31 + в пути 0,4.0
IEK,280300128_," Лоток перфорированный (100х100х3000) (0,7 мм) IEK (6)",234.0,0.0,29.1,0.0,8.04,Низкая,база спроса ≈16 шт/мес (история 26 мес.); сезонность ×3.75; снижение спроса ×0.50; прогноз след. месяц ≈29 шт; остаток 234 + в пути 0,12.0
IEK,280300145_, I5 роз. с/у  10А КВАРТА РС 10-2-КБ (200),43.0,0.0,21.4,0.0,2.01,Низкая,база спроса ≈7 шт/мес (история 26 мес.); сезонность ×1.51; рост спроса ×2.00; прогноз след. месяц ≈21 шт; остаток 43 + в пути 0,10.0
IEK,280300147_,I13 роз. комп КВАРТА РК10-КБ (200),15.0,0.0,0.7,0.0,21.43,Низкая,база спроса ≈1 шт/мес (история 14 мес.); сезонность ×1.00; снижение спроса ×0.68; прогноз след. месяц ≈1 шт; остаток 15 + в пути 0,10.0
IEK,280300180_,Распределительная  коробка о/у  с сальниками  75х40 IP44 КМ41237 IEK (60),60.0,0.0,28.6,0.0,2.1,Низкая,база спроса ≈20 шт/мес (история 23 мес.); сезонность ×1.90; снижение спроса ×0.75; продажи скорректированы вверх из-за дефицита на складе; прогноз след. месяц ≈29 шт; остаток 60 + в пути 0,1.0
IEK,280300182_,Распределительная  коробка о/у  с сальниками 150х110х70 IP55 КМ41242 IEK (30),84.0,0.0,41.1,0.0,2.04,Низкая,база спроса ≈25 шт/мес (история 29 мес.); сезонность ×1.88; снижение спроса ×0.89; прогноз след. месяц ≈41 шт; остаток 84 + в пути 0,30.0
IEK,280300231_,I12 диммер КВАРТА ВСР 10-1-0-КБ (160),7.0,0.0,0.8,0.0,8.75,Низкая,база спроса ≈1 шт/мес (история 18 мес.); сезонность ×1.00; снижение спроса ×0.84; исключено разовых крупных заказов: 1; прогноз след. месяц ≈1 шт; остаток 7 + в пути 0,8.0
IEK,280300250_,Разделительная перегородка h 80 IEK,112.0,0.0,12.0,0.0,9.33,Низкая,база спроса ≈6 шт/мес (история 6 мес.); рост спроса ×2.00; прогноз след. месяц ≈12 шт; остаток 112 + в пути 0,2.0
IEK,280300356_, 3 КВтп 10х150-240-02 IEK !!!,3.0,0.0,1.0,0.0,3.0,Низкая,база спроса ≈1 шт/мес (история 1 мес.); прогноз след. месяц ≈1 шт; остаток 3 + в пути 0,1.0
IEK,280300396_, Распределительная коробка с/у для твердых стен  92x92x45 IP20 КМ41001 IEK (126),502.0,0.0,146.0,0.0,3.44,Низкая,база спроса ≈225 шт/мес (история 27 мес.); сезонность ×1.30; снижение спроса ×0.50; продажи скорректированы вверх из-за дефицита на складе; прогноз след. месяц ≈146 шт; остаток 502 + в пути 0,1.0
IEK,280300397_, Распределительная коробка с/у для твердых стен 172x96x45 IP20 КМ41006 IEK (70)*,44.0,0.0,11.3,0.0,3.89,Низкая,база спроса ≈3 шт/мес (история 17 мес.); сезонность ×4.60; снижение спроса ×0.72; прогноз след. месяц ≈11 шт; остаток 44 + в пути 0,1.0
IEK,280300399_,Распределительная коробка с/у для полых стен г/к 172х96x45 IP20 КМ41026 IEK (70),50.0,0.0,9.7,0.0,5.15,Низкая,база спроса ≈5 шт/мес (история 15 мес.); сезонность ×1.60; рост спроса ×1.21; исключено разовых крупных заказов: 1; прогноз след. месяц ≈10 шт; остаток 50 + в пути 0,1.0
IEK,280300400_, Установочная коробка для полых стен г/к 141х70x45 КМ40023 IEK (100),77.0,0.0,29.4,0.0,2.62,Низкая,база спроса ≈2 шт/мес (история 17 мес.); сезонность ×17.00; снижение спроса ×0.74; прогноз след. месяц ≈29 шт; остаток 77 + в пути 0,1.0
IEK,280300402_,Распределительная  коробка о/у  с сальниками 190х140х70 IP55 КМ41244 IEK (20),119.0,0.0,44.5,0.0,2.67,Низкая,база спроса ≈33 шт/мес (история 30 мес.); сезонность ×1.53; снижение спроса ×0.88; продажи скорректированы вверх из-за дефицита на складе; прогноз след. месяц ≈44 шт; остаток 119 + в пути 0,20.0
IEK,280300403_,Распределительная  коробка о/у  с сальниками  70х70х40 IP44 КМ41236 IEK (84),406.0,0.0,40.5,0.0,10.02,Низкая,база спроса ≈25 шт/мес (история 32 мес.); сезонность ×1.19; рост спроса ×1.38; исключено разовых крупных заказов: 1; прогноз след. месяц ≈40 шт; остаток 406 + в пути 0,84.0
IEK,280300404_,Распределительная  коробка о/у  с сальниками 100х100х50 IP44 КМ41255 IEK (48),2421.0,0.0,478.3,0.0,5.06,Низкая,база спроса ≈319 шт/мес (история 32 мес.); сезонность ×1.65; снижение спроса ×0.91; исключено разовых крупных заказов: 1; прогноз след. месяц ≈478 шт; остаток 2421 + в пути 0,48.0
IEK,280300589_,ЩРН- 12 (265x310x120) GENERICA,10.0,0.0,2.8,0.0,3.57,Низкая,база спроса ≈6 шт/мес (история 8 мес.); снижение спроса ×0.50; прогноз след. месяц ≈3 шт; остаток 10 + в пути 0,1.0
IEK,280300590_,ЩМП- 1 IP 31 (395х310х220) GENERICA,6.0,0.0,2.2,0.0,2.73,Низкая,база спроса ≈4 шт/мес (история 10 мес.); снижение спроса ×0.50; прогноз след. месяц ≈2 шт; остаток 6 + в пути 0,1.0
IEK,280300644_,Выключатель кнопочный 1кл. о/у 10А IP54 AQUATIC ВС-20-1-3-А IEK,27.0,0.0,10.2,0.0,2.65,Низкая,база спроса ≈7 шт/мес (история 24 мес.); сезонность ×0.86; рост спроса ×1.70; продажи скорректированы вверх из-за дефицита на складе; прогноз след. месяц ≈10 шт; остаток 27 + в пути 0,10.0
IEK,280300645_,Выключатель проходной 1кл о/у 10А IP54 AQUATIC ВС-20-1-2-А IEK,130.0,100.0,36.2,0.0,3.59,Низкая,база спроса ≈54 шт/мес (история 32 мес.); сезонность ×1.24; снижение спроса ×0.54; прогноз след. месяц ≈36 шт; остаток 130 + в пути 100,10.0
IEK,280300734_,STRUT-болт с конусной пружиной  М8х30 IEK,3726.0,0.0,9.0,0.0,414.0,Низкая,база спроса ≈9 шт/мес (история 2 мес.); прогноз след. месяц ≈9 шт; остаток 3726 + в пути 0,50.0
IEK,280300736_,STRUT-болт с конусной пружиной  М8х50 IEK,699.0,0.0,50.0,0.0,13.98,Низкая,база спроса ≈50 шт/мес (история 1 мес.); прогноз след. месяц ≈50 шт; остаток 699 + в пути 0,50.0
IEK,280300737_,STRUT-гайка с конусной пружиной М10 IEK,3739.0,0.0,10.0,0.0,373.9,Низкая,база спроса ≈10 шт/мес (история 1 мес.); прогноз след. месяц ≈10 шт; остаток 3739 + в пути 0,25.0
IEK,280300738_,STRUT-гайка с конусной пружиной  М8 IEK,437.0,0.0,53.0,0.0,8.25,Низкая,база спроса ≈26 шт/мес (история 8 мес.); рост спроса ×2.00; прогноз след. месяц ≈53 шт; остаток 437 + в пути 0,25.0
IEK,280300739_,"STRUT-профиль перфорированный 41x21х2000-2,0 IEK",120.0,0.0,43.0,0.0,2.79,Низкая,база спроса ≈22 шт/мес (история 7 мес.); рост спроса ×2.00; прогноз след. месяц ≈43 шт; остаток 120 + в пути 0,2.0
IEK,280300740_,"STRUT-профиль перфорированный 41x21х2000-2,5 IEK",149.0,0.0,2.5,0.0,59.6,Низкая,база спроса ≈2 шт/мес (история 4 мес.); прогноз след. месяц ≈2 шт; остаток 149 + в пути 0,2.0
IEK,280300743_,"STRUT-профиль  перфорированный  41х21х500-1,5 IEK",297.0,0.0,1.0,0.0,297.0,Низкая,база спроса ≈1 шт/мес (история 2 мес.); прогноз след. месяц ≈1 шт; остаток 297 + в пути 0,2.0
IEK,280300744_,Консоль STRUT 41х21-200 EZ IEK,361.0,0.0,4.2,0.0,85.95,Низкая,база спроса ≈8 шт/мес (история 6 мес.); снижение спроса ×0.50; прогноз след. месяц ≈4 шт; остаток 361 + в пути 0,2.0
IEK,280300745_,Консоль STRUT 41х21-300 EZ IEK,396.0,0.0,5.0,0.0,79.2,Низкая,база спроса ≈5 шт/мес (история 5 мес.); прогноз след. месяц ≈5 шт; остаток 396 + в пути 0,2.0
IEK,280300747_,Уголок крепежный двойной усиленный для STRUT-профиля EZ IEK,85.0,0.0,16.0,0.0,5.31,Низкая,база спроса ≈16 шт/мес (история 2 мес.); прогноз след. месяц ≈16 шт; остаток 85 + в пути 0,4.0
IEK,280300748_,Уголок крепежный одинарный для STRUT-профиля EZ IEK,278.0,0.0,4.0,0.0,69.5,Низкая,база спроса ≈4 шт/мес (история 3 мес.); прогноз след. месяц ≈4 шт; остаток 278 + в пути 0,20.0
IEK,290100005_,У04 (4места 2р+ре.3метра) IEK,19.0,0.0,4.5,0.0,4.22,Низкая,база спроса ≈4 шт/мес (история 14 мес.); сезонность ×1.00; продажи скорректированы вверх из-за дефицита на складе; прогноз след. месяц ≈4 шт; остаток 19 + в пути 0,1.0
IEK,290100029_,Шнур УШ-01РВ (оранж с кругл  вилк и розеткой 5м) IEK,7.0,0.0,1.2,0.0,5.83,Низкая,база спроса ≈2 шт/мес (история 19 мес.); сезонность ×0.67; снижение спроса ×0.85; прогноз след. месяц ≈1 шт; остаток 7 + в пути 0,10.0
IEK,290100031_,"СФ-03К-вык (3 мест/1,5м.) IEK",36.0,0.0,3.3,0.0,10.91,Низкая,база спроса ≈2 шт/мес (история 12 мес.); сезонность ×1.20; рост спроса ×1.11; прогноз след. месяц ≈3 шт; остаток 36 + в пути 0,6.0
IEK,290100032_,"СФ-05К-вык (5 мест/1,5м.) IEK",5.0,0.0,2.1,0.0,2.38,Низкая,база спроса ≈2 шт/мес (история 17 мес.); сезонность ×1.00; рост спроса ×1.07; прогноз след. месяц ≈2 шт; остаток 5 + в пути 0,5.0
IEK,290100034_,СФ-05К-вык (5 мест/5м.) IEK,11.0,0.0,4.0,0.0,2.75,Низкая,база спроса ≈5 шт/мес (история 13 мес.); сезонность ×0.40; рост спроса ×2.00; прогноз след. месяц ≈4 шт; остаток 11 + в пути 0,1.0
IEK,290100110_,ЩЭ 6 (1275х960х155) P31 IEK ,3.0,0.0,0.8,0.0,3.75,Низкая,база спроса ≈2 шт/мес (история 7 мес.); снижение спроса ×0.50; прогноз след. месяц ≈1 шт; остаток 3 + в пути 0,1.0
IEK,290100133_,У03 (3места/5метров) чер. IEK,8.0,0.0,2.4,0.0,3.33,Низкая,база спроса ≈4 шт/мес (история 24 мес.); сезонность ×0.80; снижение спроса ×0.70; прогноз след. месяц ≈2 шт; остаток 8 + в пути 0,1.0
IEK,290100135_,У03К (3места/5метров) чер. IEK,12.0,0.0,5.6,0.0,2.14,Низкая,база спроса ≈4 шт/мес (история 23 мес.); сезонность ×2.12; снижение спроса ×0.66; исключено разовых крупных заказов: 1; прогноз след. месяц ≈6 шт; остаток 12 + в пути 0,1.0
IEK,290100139_,У04К (4места/5метров) чер. IEK,7.0,0.0,2.3,0.0,3.04,Низкая,база спроса ≈3 шт/мес (история 16 мес.); сезонность ×1.00; снижение спроса ×0.77; прогноз след. месяц ≈2 шт; остаток 7 + в пути 0,1.0
IEK,290100143_,У05К (5мест/5метров) чер. IEK,10.0,20.0,3.6,0.0,2.78,Низкая,база спроса ≈3 шт/мес (история 21 мес.); сезонность ×1.25; снижение спроса ×0.96; исключено разовых крупных заказов: 1; прогноз след. месяц ≈4 шт; остаток 10 + в пути 20,1.0
IEK,290100144_,У3 (3места/3метра) чер. IEK,4.0,0.0,1.1,0.0,3.64,Низкая,база спроса ≈2 шт/мес (история 11 мес.); снижение спроса ×0.50; прогноз след. месяц ≈1 шт; остаток 4 + в пути 0,1.0
IEK,290100146_,СФ-05К-вык (5 мест/3м.) серый IEK,19.0,0.0,2.4,0.0,7.92,Низкая,база спроса ≈2 шт/мес (история 8 мес.); рост спроса ×1.20; прогноз след. месяц ≈2 шт; остаток 19 + в пути 0,5.0
IEK,290100148_,СФ-05К-вык (5 мест/5м.) серый IEK,4.0,0.0,2.0,0.0,2.0,Низкая,база спроса ≈2 шт/мес (история 4 мес.); прогноз след. месяц ≈2 шт; остаток 4 + в пути 0,5.0
IEK,290200006_,УК50 Катушка (50м) IEK,7.0,2.0,2.2,0.0,3.18,Низкая,база спроса ≈3 шт/мес (история 31 мес.); сезонность ×0.79; снижение спроса ×0.94; исключено разовых крупных заказов: 1; прогноз след. месяц ≈2 шт; остаток 7 + в пути 2,1.0
IEK,290200009_,УК40 Катушка (40м) IEK,4.0,0.0,1.7,0.0,2.35,Низкая,база спроса ≈2 шт/мес (история 9 мес.); снижение спроса ×0.83; прогноз след. месяц ≈2 шт; остаток 4 + в пути 0,1.0
IEK,290200030_,"Катушка УК50 на мет с т/з 4 места 2P+PE/50м КГ 3х1,5мм2 IP44 ""Professional""",3.0,0.0,0.0,0.0,99.0,Низкая,база спроса ≈-1 шт/мес (история 1 мес.); прогноз след. месяц ≈0 шт; остаток 3 + в пути 0,1.0
IEK,290200128_,"Катушка УК10 4мест. 2P+PE/10м 3х1,5мм2 автосм. TWIST IEK",3.0,0.0,1.0,0.0,3.0,Низкая,база спроса ≈1 шт/мес (история 2 мес.); прогноз след. месяц ≈1 шт; остаток 3 + в пути 0,1.0
IEK,290200129_,"Катушка УК10 2P+PE/10м 3х1,5мм2 КГ автосм. IP44 TWIST IEK",3.0,0.0,1.0,0.0,3.0,Низкая,база спроса ≈1 шт/мес (история 1 мес.); прогноз след. месяц ≈1 шт; остаток 3 + в пути 0,1.0
IEK,290200130_,"Катушка УК15 2P+PE/15м 3х1,5мм2 КГ автосм. IP44 TWIST IEK",12.0,0.0,1.0,0.0,12.0,Низкая,база спроса ≈1 шт/мес (история 5 мес.); прогноз след. месяц ≈1 шт; остаток 12 + в пути 0,1.0
IEK,311101217_,Аккумулятор GREEN Ni-MH  AAA 1100мАч (2шт/блистер) IEK,139.0,0.0,1.0,0.0,139.0,Низкая,база спроса ≈1 шт/мес (история 1 мес.); прогноз след. месяц ≈1 шт; остаток 139 + в пути 0,1.0
IEK,311101219_,Аккумулятор GREEN Ni-MH AA 2700мАч (2шт/блистер) IEK,128.0,0.0,1.0,0.0,128.0,Низкая,база спроса ≈1 шт/мес (история 1 мес.); прогноз след. месяц ≈1 шт; остаток 128 + в пути 0,1.0
IEK,311101221_,Батарейка щелочная Alkaline 6LR61 9V (1шт/блистер) IEK,70.0,0.0,10.0,0.0,7.0,Низкая,база спроса ≈5 шт/мес (история 7 мес.); рост спроса ×2.00; прогноз след. месяц ≈10 шт; остаток 70 + в пути 0,1.0
IEK,311101222_,Батарейка щелочная Alkaline LR03/AAA (10шт/бокс) IEK,4.0,0.0,1.1,0.0,3.64,Низкая,база спроса ≈2 шт/мес (история 9 мес.); снижение спроса ×0.56; продажи скорректированы вверх из-за дефицита на складе; прогноз след. месяц ≈1 шт; остаток 4 + в пути 0,1.0
IEK,311101224_,Батарейка щелочная Alkaline LR03/AAA (2шт/блистер) IEK,6.0,0.0,1.0,0.0,6.0,Низкая,база спроса ≈1 шт/мес (история 2 мес.); прогноз след. месяц ≈1 шт; остаток 6 + в пути 0,1.0
IEK,311101225_,Батарейка щелочная Alkaline LR06/AA (10шт/бокс) IEK,36.0,0.0,2.1,0.0,17.14,Низкая,база спроса ≈3 шт/мес (история 8 мес.); снижение спроса ×0.70; прогноз след. месяц ≈2 шт; остаток 36 + в пути 0,1.0
IEK,311101235_,Батарейка щелочная Alkaline LR03/AAA (4шт/блистер) IEK,126.0,0.0,4.0,0.0,31.5,Низкая,база спроса ≈2 шт/мес (история 8 мес.); рост спроса ×2.00; прогноз след. месяц ≈4 шт; остаток 126 + в пути 0,1.0
IEK,311101236_,Батарейка щелочная Alkaline LR06/AA (4шт/блистер) IEK,132.0,0.0,1.0,0.0,132.0,Низкая,база спроса ≈2 шт/мес (история 7 мес.); снижение спроса ×0.64; продажи скорректированы вверх из-за дефицита на складе; прогноз след. месяц ≈1 шт; остаток 132 + в пути 0,1.0
IEK,311101237_,Батарейка щелочная Alkaline LR03/AAA (10+2шт/кор) ПРОМО GENERICA,49.0,0.0,1.4,0.0,35.0,Низкая,база спроса ≈2 шт/мес (история 8 мес.); снижение спроса ×0.69; прогноз след. месяц ≈1 шт; остаток 49 + в пути 0,1.0
IEK,311101238_,Батарейка щелочная Alkaline LR06/AA (10+2шт/кор) ПРОМО GENERICA,26.0,0.0,4.0,0.0,6.5,Низкая,база спроса ≈2 шт/мес (история 8 мес.); рост спроса ×2.00; прогноз след. месяц ≈4 шт; остаток 26 + в пути 0,1.0
IEK,BR-K20-1-K35,BRITE Розетка компьютерная двойная RJ45 кат.5E РК10-2-БрМ маренго IEK,47.0,0.0,2.0,0.0,23.5,Низкая,база спроса ≈2 шт/мес (история 3 мес.); прогноз след. месяц ≈2 шт; остаток 47 + в пути 0,1.0
IEK,BR-K20-1-K45,BRITE Розетка компьютерная двойная RJ45 кат.5E РК10-2-БрТБ темная бронза IEK,31.0,0.0,2.0,0.0,15.5,Низкая,база спроса ≈2 шт/мес (история 3 мес.); прогноз след. месяц ≈2 шт; остаток 31 + в пути 0,1.0
IEK,BR-R16-16-44-K37,BRITE Розетка 1-я с/з с/ш и крышкой 16А IP44 РСбш10-3-44-БрШ шампань IEK,26.0,0.0,10.0,0.0,2.6,Низкая,база спроса ≈10 шт/мес (история 5 мес.); продажи скорректированы вверх из-за дефицита на складе; прогноз след. месяц ≈10 шт; остаток 26 + в пути 0,1.0
IEK,BR-R16-16-44-K46,BRITE Розетка 1-местная с заземлением с защитными шторками и крышкой 16А IP44 РСбш10-3-44-БрС сталь,13.0,0.0,1.5,0.0,8.67,Низкая,база спроса ≈2 шт/мес (история 2 мес.); прогноз след. месяц ≈2 шт; остаток 13 + в пути 0,1.0
IEK,CKK10-025-025-1-K01-,Кабель-канал 25х25 белый ЭЛЕКОР IEK (за штуку) (32),8.0,0.0,2.0,0.0,4.0,Низкая,база спроса ≈2 шт/мес (история 1 мес.); прогноз след. месяц ≈2 шт; остаток 8 + в пути 0,1.0
IEK,CKK10-060-040-1-K01-,Кабель-канал 60х40 белый ЭЛЕКОР IEK (за штуку) (18),8.0,0.0,2.0,0.0,4.0,Низкая,база спроса ≈2 шт/мес (история 1 мес.); прогноз след. месяц ≈2 шт; остаток 8 + в пути 0,18.0
IEK,EPK10-04-02-K01,"Пкб27-04-К01 Патрон подвесной карболитовый, Е27, черный, индивидуальный пакет, IEK E-PRO",30.0,0.0,8.4,0.0,3.57,Низкая,база спроса ≈6 шт/мес (история 8 мес.); рост спроса ×1.29; прогноз след. месяц ≈8 шт; остаток 30 + в пути 0,1.0
IEK,MKK12-20-20, Контактор КМ20-20МР АС KARAT IEK !!!,3.0,0.0,1.0,0.0,3.0,Низкая,база спроса ≈1 шт/мес (история 2 мес.); прогноз след. месяц ≈1 шт; остаток 3 + в пути 0,1.0
IEK,MVA31-1-006-C, BA 47-60M (1ф)  6А 6кА С IEK !!!,214.0,0.0,2.0,0.0,107.0,Низкая,база спроса ≈2 шт/мес (история 1 мес.); прогноз след. месяц ≈2 шт; остаток 214 + в пути 0,1.0
IEK,MVA31-3-025-B, BA 47-60M (3ф) 25А 6кА B IEK !!!,3.0,0.0,1.0,0.0,3.0,Низкая,база спроса ≈1 шт/мес (история 2 мес.); прогноз след. месяц ≈1 шт; остаток 3 + в пути 0,1.0
IEK,UNL10-D25-4-4,"Наконечник НВИ 2-4 вилка 1,5-2,5мм (100шт/упак) IEK E-PRO",137.0,0.0,4.0,0.0,34.25,Низкая,база спроса ≈4 шт/мес (история 5 мес.); продажи скорректированы вверх из-за дефицита на складе; прогноз след. месяц ≈4 шт; остаток 137 + в пути 0,1.0
IEK,UNL20-006-6-5,"Наконечник НКИ 5,5-8 кольцо 4-6мм (100шт/упак) IEK !!!",23.0,0.0,1.5,0.0,15.33,Низкая,база спроса ≈2 шт/мес (история 4 мес.); прогноз след. месяц ≈2 шт; остаток 23 + в пути 0,1.0
IEK,нов03200_,Предохранитель ППНИ-33  (125А) IEK габарит 0 (72) !!! ,77.0,0.0,3.0,0.0,25.67,Низкая,база спроса ≈3 шт/мес (история 4 мес.); прогноз след. месяц ≈3 шт; остаток 77 + в пути 0,1.0
IEK,нов3370_,Расцепитель мин. напряжения РМ-250/400 (РМ-35/37) IEK (480) !!!,11.0,0.0,1.0,0.0,11.0,Низкая,база спроса ≈1 шт/мес (история 1 мес.); прогноз след. месяц ≈1 шт; остаток 11 + в пути 0,1.0
IEK,нов3396,Расцепитель независимый РН-125/160 (РН-32/33) IEK !!!,230.0,0.0,3.2,0.0,71.88,Низкая,база спроса ≈2 шт/мес (история 23 мес.); сезонность ×1.25; рост спроса ×1.11; исключено разовых крупных заказов: 1; прогноз след. месяц ≈3 шт; остаток 230 + в пути 0,1.0
IEK,ст-9948468,Заглушка 100х40  ПРАЙМЕР (216),192.0,24.0,42.1,0.0,4.56,Низкая,база спроса ≈50 шт/мес (история 30 мес.); сезонность ×1.20; снижение спроса ×0.70; прогноз след. месяц ≈42 шт; остаток 192 + в пути 24,12.0
IEK,ст-9951102,Заглушка 100х60  ПРАЙМЕР (216),12.0,0.0,3.5,0.0,3.43,Низкая,база спроса ≈4 шт/мес (история 2 мес.); прогноз след. месяц ≈4 шт; остаток 12 + в пути 0,1.0
IEK,ст-9951105,Внутренний изменяемый угол 100х60  ПРАЙМЕР (72),7.0,0.0,1.5,0.0,4.67,Низкая,база спроса ≈2 шт/мес (история 4 мес.); прогноз след. месяц ≈2 шт; остаток 7 + в пути 0,1.0
IEK,ст-9951312,"Вольтметр Э47 100В кл.точн. 1,5 96*96мм !!!",9.0,0.0,3.0,0.0,3.0,Низкая,база спроса ≈3 шт/мес (история 1 мес.); прогноз след. месяц ≈3 шт; остаток 9 + в пути 0,1.0
IEK,ст-9951895,"Самоклеящаяся этикетка ""Молния"" 50х50х50 IEK !!!",376.0,0.0,34.0,0.0,11.06,Низкая,база спроса ≈34 шт/мес (история 1 мес.); прогноз след. месяц ≈34 шт; остаток 376 + в пути 0,1.0
IEK,ст-9951998,ВА47-29 (1ф) 13А IEK (144) !!!,115.0,0.0,1.5,0.0,76.67,Низкая,база спроса ≈2 шт/мес (история 4 мес.); прогноз след. месяц ≈2 шт; остаток 115 + в пути 0,1.0
IEK,ст-9952399," BA 47-100 (2ф) 100А 4,5кА х-ка С IEK !!!",124.0,0.0,1.0,0.0,124.0,Низкая,база спроса ≈1 шт/мес (история 5 мес.); прогноз след. месяц ≈1 шт; остаток 124 + в пути 0,1.0
IEK,ст-9952430,Сиг. лампа AL-22  d22мм зеленый неон/240В цилиндр IEK (200) !!!,62.0,0.0,1.3,0.0,47.69,Низкая,база спроса ≈4 шт/мес (история 13 мес.); сезонность ×0.25; рост спроса ×1.28; прогноз след. месяц ≈1 шт; остаток 62 + в пути 0,1.0
IEK,ст-9952431,Сиг. лампа AL-22  d22мм красный неон/240В цилиндр IEK (200) !!!,19.0,0.0,7.7,0.0,2.47,Низкая,база спроса ≈5 шт/мес (история 10 мес.); рост спроса ×1.55; прогноз след. месяц ≈8 шт; остаток 19 + в пути 0,1.0
IEK,ст-9952496,"Наконечник-гильза НГИ2 4,0-12 с изол. фланцем (серый) IEK (100) !!!",15.0,0.0,5.0,0.0,3.0,Низкая,база спроса ≈5 шт/мес (история 1 мес.); прогноз след. месяц ≈5 шт; остаток 15 + в пути 0,1.0
IEK,ст-9952497,"Наконечник-гильза НГИ2 6,0-14 с изол. фланцем (черый) IEK (100) !!!",12.0,0.0,1.0,0.0,12.0,Низкая,база спроса ≈1 шт/мес (история 3 мес.); прогноз след. месяц ≈1 шт; остаток 12 + в пути 0,1.0
IEK,ст-9952498,Наконечник-гильза НГИ2 10-14 с изол. фланцем (слоновая кость) IEK (100) !!! ,19.0,0.0,5.0,0.0,3.8,Низкая,база спроса ≈5 шт/мес (история 1 мес.); прогноз след. месяц ≈5 шт; остаток 19 + в пути 0,1.0
IEK,ст-9953087,ЩРН-12з-1 38 IP31 MKM13-N-12-31-Z EK !!!,14.0,0.0,1.0,0.0,14.0,Низкая,база спроса ≈1 шт/мес (история 1 мес.); прогноз след. месяц ≈1 шт; остаток 14 + в пути 0,1.0
IEK,ст-9953354, УЗО ВД1-63 (4ф) 25А 100мА IEK !!!,30.0,0.0,4.0,0.0,7.5,Низкая,база спроса ≈4 шт/мес (история 2 мес.); прогноз след. месяц ≈4 шт; остаток 30 + в пути 0,1.0
IEK,ст-9953508,Соединитель безвинтовой CF IEK !!!,22.0,0.0,4.0,0.0,5.5,Низкая,база спроса ≈4 шт/мес (история 3 мес.); прогноз след. месяц ≈4 шт; остаток 22 + в пути 0,1.0
IEK,щт-0002147,Подвес V-образный M10 IEK !!!,470.0,0.0,23.5,0.0,20.0,Низкая,база спроса ≈24 шт/мес (история 2 мес.); прогноз след. месяц ≈24 шт; остаток 470 + в пути 0,1.0
IEK,щт02229866,Совмещенный контакт АКДК-250/400А IEK !!!,45.0,0.0,3.0,0.0,15.0,Низкая,база спроса ≈3 шт/мес (история 1 мес.); прогноз след. месяц ≈3 шт; остаток 45 + в пути 0,1.0
IEK,щт02230193,"ВА47-29 (3ф)  4А 4,5кА х-ка D IEK !!!",3.0,0.0,1.0,0.0,3.0,Низкая,база спроса ≈1 шт/мес (история 1 мес.); прогноз след. месяц ≈1 шт; остаток 3 + в пути 0,1.0
IEK,щщ0001047,ВА47-29 (3ф) 63А IEK (4/48) D !!!,3.0,0.0,1.0,0.0,3.0,Низкая,база спроса ≈1 шт/мес (история 1 мес.); прогноз след. месяц ≈1 шт; остаток 3 + в пути 0,1.0
IEK,щщ0001050,"Наконечник НВИ 2-5 вилка 1,5-2,5мм (100 шт) IEK !",7.0,0.0,1.0,0.0,7.0,Низкая,база спроса ≈1 шт/мес (история 1 мес.); прогноз след. месяц ≈1 шт; остаток 7 + в пути 0,1.0
IEK,щщщ0116157, Ящик  ЯТП(укп) 220/36-3 IEK  (1),17.0,0.0,2.0,0.0,8.5,Низкая,база спроса ≈2 шт/мес (история 3 мес.); прогноз след. месяц ≈2 шт; остаток 17 + в пути 0,1.0
IEK,ярп40132,"LED C35 ""Свеча"" 7w 230v 4000К E27 IEK",10.0,0.0,5.0,0.0,2.0,Низкая,база спроса ≈5 шт/мес (история 5 мес.); прогноз след. месяц ≈5 шт; остаток 10 + в пути 0,1.0
IEK,ярп40244,ЩРВ-П  6 IEK черный IP41,3.0,0.0,0.6,0.0,5.0,Низкая,база спроса ≈1 шт/мес (история 7 мес.); снижение спроса ×0.60; прогноз след. месяц ≈1 шт; остаток 3 + в пути 0,1.0
IEK,ярп40255,Розетка 1-ая з/к о/у 16А IP54 AQUATIC РСш12-2-А IEK,64.0,0.0,6.2,0.0,10.32,Низкая,база спроса ≈39 шт/мес (история 29 мес.); сезонность ×0.18; снижение спроса ×0.89; исключено разовых крупных заказов: 3; продажи скорректированы вверх из-за дефицита на складе; прогноз след. месяц ≈6 шт; остаток 64 + в пути 0,10.0
IEK,ярп40260,Выключатель 2кл. о/у 10А IP54 AQUATIC ВС-20-2-0-А IEK,35.0,0.0,16.0,0.0,2.19,Низкая,база спроса ≈6 шт/мес (история 30 мес.); сезонность ×1.88; рост спроса ×1.43; исключено разовых крупных заказов: 2; прогноз след. месяц ≈16 шт; остаток 35 + в пути 0,10.0
IEK,ярп40269,LED ДБА ВЫХОД 24В 301х101х20 IP52 IEK !!!,5.0,0.0,2.0,0.0,2.5,Низкая,база спроса ≈2 шт/мес (история 3 мес.); прогноз след. месяц ≈2 шт; остаток 5 + в пути 0,1.0
IEK,ярп40277," Хомут 2,5х 80 нейлон (100шт) IEK!!!",64.0,0.0,6.5,0.0,9.85,Низкая,база спроса ≈4 шт/мес (история 7 мес.); рост спроса ×1.45; прогноз след. месяц ≈6 шт; остаток 64 + в пути 0,1.0
IEK,ярп40395, УЗО АВДТ 34   6А С 10мА  IEK !!!,13.0,0.0,2.0,0.0,6.5,Низкая,база спроса ≈2 шт/мес (история 1 мес.); прогноз след. месяц ≈2 шт; остаток 13 + в пути 0,1.0
IEK,ярп4303,"Наконечник НКИ-н 2-4 кольцо 1,5-2,5мм (100 шт) IEK !!!",29.0,0.0,1.0,0.0,29.0,Низкая,база спроса ≈1 шт/мес (история 1 мес.); прогноз след. месяц ≈1 шт; остаток 29 + в пути 0,1.0
IEK,ярп4385,"Амперметр Э47 100/5А кл. точн. 1,5 96х96мм !!!",10.0,0.0,2.0,0.0,5.0,Низкая,база спроса ≈2 шт/мес (история 1 мес.); прогноз след. месяц ≈2 шт; остаток 10 + в пути 0,1.0
IEK,ярп5605,"Шина N ""ноль"" на DIN-изол тип ""Стойка"" ШНИ-6х9-14-С-С IEK !!!",29.0,0.0,5.0,0.0,5.8,Низкая,база спроса ≈2 шт/мес (история 6 мес.); рост спроса ×2.00; прогноз след. месяц ≈5 шт; остаток 29 + в пути 0,1.0
IEK,ярп5628,Предохранитель ППНИ-37  (355А) габарит 2 IEK !!!,12.0,0.0,3.0,0.0,4.0,Низкая,база спроса ≈3 шт/мес (история 1 мес.); прогноз след. месяц ≈3 шт; остаток 12 + в пути 0,1.0
IEK,яярп4533, BA 47-60M (2ф) 16А 6кА С IEK !!!,6.0,0.0,2.5,0.0,2.4,Низкая,база спроса ≈2 шт/мес (история 2 мес.); прогноз след. месяц ≈2 шт; остаток 6 + в пути 0,1.0
IEK,яярп4811,LED G45 5w 230v 3000К E27 IEK,176.0,0.0,48.0,0.0,3.67,Низкая,база спроса ≈24 шт/мес (история 10 мес.); рост спроса ×2.00; прогноз след. месяц ≈48 шт; остаток 176 + в пути 0,1.0
IEK,яярп4814, BA 47-60M (1ф) 40А 6кА С IEK !!!,12.0,0.0,1.0,0.0,12.0,Низкая,база спроса ≈1 шт/мес (история 1 мес.); прогноз след. месяц ≈1 шт; остаток 12 + в пути 0,1.0
IEK,яярп4829, BA 47-60M (3ф) 20А 6кА С IEK !!!,3.0,0.0,1.0,0.0,3.0,Низкая,база спроса ≈1 шт/мес (история 1 мес.); прогноз след. месяц ≈1 шт; остаток 3 + в пути 0,1.0
IEK,130300792_, Трубы гибкая двустенная красная (с протяжкой)   Ø50 IEK (50) ,7230.0,0.0,6355.6,2350.0,1.14,Средняя,база спроса ≈3908 шт/мес (история 32 мес.); сезонность ×1.90; снижение спроса ×0.86; продажи скорректированы вверх из-за дефицита на складе; прогноз след. месяц ≈6356 шт; остаток 7230 + в пути 0,50.0
IEK,260100138_, Наконечник медно-луженный JG -   6  IEK (600),1471.0,0.0,1264.2,600.0,1.16,Средняя,база спроса ≈1073 шт/мес (история 32 мес.); сезонность ×0.81; рост спроса ×1.46; прогноз след. месяц ≈1264 шт; остаток 1471 + в пути 0,600.0
IEK,010300053_, УЗО АВДТ 32  25А IEK  (6/60),982.0,0.0,916.9,394.0,1.07,Средняя,база спроса ≈544 шт/мес (история 32 мес.); сезонность ×1.53; рост спроса ×1.10; исключено разовых крупных заказов: 15; прогноз след. месяц ≈917 шт; остаток 982 + в пути 0,1.0
IEK,LLE-T80-12-230-65-GX,Лампа светодиодная T75 таблетка 12Вт 230В 6500К GX53 IEK,500.0,0.0,500.0,250.0,1.0,Средняя,база спроса ≈500 шт/мес (история 1 мес.); прогноз след. месяц ≈500 шт; остаток 500 + в пути 0,1.0
IEK,280100129_,"Розетка информационная RJ-45 UTP кат.5е,1 модуль РКИ-10-00-П ПРАЙМЕР (100)",361.0,0.0,347.8,170.0,1.04,Средняя,база спроса ≈215 шт/мес (история 32 мес.); сезонность ×1.08; рост спроса ×1.49; прогноз след. месяц ≈348 шт; остаток 361 + в пути 0,10.0
IEK,280100003_,Кабель-канал 12х12 белый ЭЛЕКОР IEK (120),36.0,0.0,25.3,120.0,1.42,Средняя,база спроса ≈35 шт/мес (история 28 мес.); сезонность ×0.52; рост спроса ×1.37; прогноз след. месяц ≈25 шт; остаток 36 + в пути 0,120.0
IEK,280100408_,Кабель-канал 12х12 черный ЭЛЕКОР IEK (120м),2.0,0.0,1.5,120.0,1.33,Средняя,база спроса ≈3 шт/мес (история 9 мес.); снижение спроса ×0.50; прогноз след. месяц ≈2 шт; остаток 2 + в пути 0,120.0
IEK,280300085_, Лоток проволочный (60х200х3000) IEK (6),567.0,0.0,450.2,114.0,1.26,Средняя,база спроса ≈264 шт/мес (история 31 мес.); сезонность ×1.35; рост спроса ×1.26; продажи скорректированы вверх из-за дефицита на складе; прогноз след. месяц ≈450 шт; остаток 567 + в пути 0,6.0
IEK,130301675_,"Блок зажимов БЗН ТВ-1506 1,5 мм2 15А 6 пар IEK",9.0,0.0,7.0,100.0,1.29,Средняя,база спроса ≈7 шт/мес (история 3 мес.); прогноз след. месяц ≈7 шт; остаток 9 + в пути 0,100.0
IEK,130301689_,Колодка клеммная CP 10мм2 серая IEK,28.0,0.0,20.0,100.0,1.4,Средняя,база спроса ≈20 шт/мес (история 4 мес.); прогноз след. месяц ≈20 шт; остаток 28 + в пути 0,100.0
IEK,270300105_,Кабель-канал перфорированный  40х60 ИМПАКТ IEK (24),198.0,0.0,180.8,96.0,1.1,Средняя,база спроса ≈106 шт/мес (история 30 мес.); сезонность ×2.15; снижение спроса ×0.79; исключено разовых крупных заказов: 3; продажи скорректированы вверх из-за дефицита на складе; прогноз след. месяц ≈181 шт; остаток 198 + в пути 0,24.0
IEK,280100341_,Кабель-канал 16х16 дуб ЭЛЕКОР IEK (84),106.0,0.0,102.1,84.0,1.04,Средняя,база спроса ≈16 шт/мес (история 28 мес.); сезонность ×3.10; рост спроса ×2.00; прогноз след. месяц ≈102 шт; остаток 106 + в пути 0,84.0
IEK,280200054_,Поворот 90° КМП 25х16 Белый ЭЛЕКОР IEK (4),302.0,20.0,269.5,83.0,1.12,Средняя,база спроса ≈84 шт/мес (история 27 мес.); сезонность ×2.31; рост спроса ×1.39; продажи скорректированы вверх из-за дефицита на складе; прогноз след. месяц ≈270 шт; остаток 302 + в пути 20,1.0
IEK,280200041_,Внутренний угол КМВ 40х25 Белый ЭЛЕКОР IEK (4),467.0,0.0,363.0,78.0,1.29,Средняя,база спроса ≈84 шт/мес (история 32 мес.); сезонность ×2.17; рост спроса ×2.00; прогноз след. месяц ≈363 шт; остаток 467 + в пути 0,1.0
IEK,030200460_,"Роз. с з/к без з/ш 16А б/рамки ""BRITE"" белый (1/100)",2605.0,0.0,1785.0,73.0,1.46,Средняя,база спроса ≈1436 шт/мес (история 32 мес.); сезонность ×1.10; рост спроса ×1.13; прогноз след. месяц ≈1785 шт; остаток 2605 + в пути 0,1.0
IEK,280300088_, Лоток проволочный (60х300х3000) IEK (6),126.0,0.0,125.7,66.0,1.0,Средняя,база спроса ≈43 шт/мес (история 26 мес.); сезонность ×1.47; рост спроса ×2.00; прогноз след. месяц ≈126 шт; остаток 126 + в пути 0,6.0
IEK,280200043_,Заглушка КМЗ 100х40 Белый ЭЛЕКОР IEK (2),60.0,0.0,59.0,54.0,1.02,Средняя,база спроса ≈9 шт/мес (история 31 мес.); сезонность ×3.28; рост спроса ×2.00; прогноз след. месяц ≈59 шт; остаток 60 + в пути 0,54.0
IEK,020100013_,Переносная розетка  225 3р+ре+n 32А 380В IEK,103.0,0.0,96.0,50.0,1.07,Средняя,база спроса ≈26 шт/мес (история 32 мес.); сезонность ×1.81; рост спроса ×2.00; исключено разовых крупных заказов: 1; прогноз след. месяц ≈96 шт; остаток 103 + в пути 0,10.0
IEK,130301695_,"Колодка клеммная CP-ML 2 ур. 1,5мм2 серая IEK",51.0,0.0,39.9,50.0,1.28,Средняя,база спроса ≈40 шт/мес (история 6 мес.); рост спроса ×1.01; прогноз след. месяц ≈40 шт; остаток 51 + в пути 0,50.0
IEK,130301719_,"Заглушка для CP-ML 2 ур. 1,5мм2 серая IEK",50.0,0.0,49.0,50.0,1.02,Средняя,база спроса ≈49 шт/мес (история 1 мес.); прогноз след. месяц ≈49 шт; остаток 50 + в пути 0,50.0
IEK,280100240_,Кабель-канал 25х16 дуб ЭЛЕКОР IEK (50),140.0,0.0,100.4,50.0,1.39,Средняя,база спроса ≈46 шт/мес (история 28 мес.); сезонность ×2.36; снижение спроса ×0.92; прогноз след. месяц ≈100 шт; остаток 140 + в пути 0,50.0
IEK,CKK10-025-016-1-K34_,Кабель-канал 25х16 сосна ЭЛЕКОР IEK (за штуку) (50),10.0,0.0,10.0,50.0,1.0,Средняя,база спроса ≈10 шт/мес (история 3 мес.); прогноз след. месяц ≈10 шт; остаток 10 + в пути 0,50.0
IEK,LLE-T80-12-230-40-GX,Лампа светодиодная T75 таблетка 12Вт 230В 4000К GX53 IEK,100.0,0.0,100.0,50.0,1.0,Средняя,база спроса ≈100 шт/мес (история 1 мес.); прогноз след. месяц ≈100 шт; остаток 100 + в пути 0,1.0
IEK,081100721_,Лампа филаментная LED CT35 свеча вит. 7Вт 230В 4000К E14 серия 360° IEK,108.0,0.0,95.0,40.0,1.14,Средняя,база спроса ≈28 шт/мес (история 28 мес.); сезонность ×2.73; рост спроса ×1.25; прогноз след. месяц ≈95 шт; остаток 108 + в пути 0,10.0
IEK,280300024_,Скоба потолочная IEK (40),9.0,0.0,6.5,32.0,1.38,Средняя,база спроса ≈6 шт/мес (история 2 мес.); прогноз след. месяц ≈6 шт; остаток 9 + в пути 0,32.0
IEK,130600053_,Тепловое реле РТИ-1321 (12-18А) IEK (1/100),64.0,0.0,63.1,31.0,1.01,Средняя,база спроса ≈24 шт/мес (история 32 мес.); сезонность ×1.72; рост спроса ×1.56; прогноз след. месяц ≈63 шт; остаток 64 + в пути 0,1.0
IEK,EL-KK10-040-025-1-K0,Кабель-канал 40х25 черный ЭЛЕКОР IEK (за штуку) (24),2.0,0.0,2.0,24.0,1.0,Средняя,база спроса ≈2 шт/мес (история 1 мес.); прогноз след. месяц ≈2 шт; остаток 2 + в пути 0,24.0
IEK,130200381_,Светильник ДБА 3926 аккумулятор 3ч 3Вт IEK,89.0,0.0,74.5,23.0,1.19,Средняя,база спроса ≈15 шт/мес (история 29 мес.); сезонность ×2.48; рост спроса ×2.00; исключено разовых крупных заказов: 1; прогноз след. месяц ≈74 шт; остаток 89 + в пути 0,1.0
IEK,010700032_, BA 47-100 (3ф)  50А IEK (4/40),44.0,0.0,41.1,20.0,1.07,Средняя,база спроса ≈14 шт/мес (история 32 мес.); сезонность ×2.28; рост спроса ×1.29; исключено разовых крупных заказов: 2; прогноз след. месяц ≈41 шт; остаток 44 + в пути 0,4.0
IEK,020100003_,Переносная вилка 015 3р+ре+n 16А 380В IP 44 IEK,33.0,0.0,29.4,20.0,1.12,Средняя,база спроса ≈8 шт/мес (история 26 мес.); сезонность ×1.74; рост спроса ×2.00; прогноз след. месяц ≈29 шт; остаток 33 + в пути 0,10.0
IEK,020100021_,Стационарная розетка  125 3р+ре+n 32А 380В IP 44 IEK,57.0,0.0,47.4,20.0,1.2,Средняя,база спроса ≈34 шт/мес (история 32 мес.); сезонность ×0.94; рост спроса ×1.49; исключено разовых крупных заказов: 1; прогноз след. месяц ≈47 шт; остаток 57 + в пути 0,10.0
IEK,130200007_,"Шина ""N"" нулевая 6х9мм 14/2 (крепеж по краям) IEK (10)",33.0,0.0,30.7,20.0,1.07,Средняя,база спроса ≈11 шт/мес (история 30 мес.); сезонность ×1.83; рост спроса ×1.56; исключено разовых крупных заказов: 2; прогноз след. месяц ≈31 шт; остаток 33 + в пути 0,10.0
IEK,280100138_,Соеденитель на стык лицевой  для крышки 60 мм ПРАЙМЕР (720),30.0,0.0,21.7,20.0,1.38,Средняя,база спроса ≈36 шт/мес (история 22 мес.); сезонность ×0.67; снижение спроса ×0.89; прогноз след. месяц ≈22 шт; остаток 30 + в пути 0,20.0
IEK,200400018_,I17 Рамка 4-я КВАРТА (380) ,5.0,0.0,4.9,19.0,1.02,Средняя,база спроса ≈2 шт/мес (история 18 мес.); сезонность ×2.00; рост спроса ×1.23; прогноз след. месяц ≈5 шт; остаток 5 + в пути 0,19.0
IEK,280200033_,Внешний угол КМН 15х10 Белый ЭЛЕКОР IEK (4),151.0,0.0,111.5,17.0,1.35,Средняя,база спроса ≈28 шт/мес (история 30 мес.); сезонность ×6.60; снижение спроса ×0.59; прогноз след. месяц ≈112 шт; остаток 151 + в пути 0,1.0
IEK,030200557_,"Роз. 2-я с з/к 16А в сб. ""BRITE"" маренго (1/100)",42.0,0.0,37.7,15.0,1.11,Средняя,база спроса ≈18 шт/мес (история 23 мес.); сезонность ×2.00; рост спроса ×1.07; прогноз след. месяц ≈38 шт; остаток 42 + в пути 0,1.0
IEK,030200833_,"Выкл 1-кл. прох. 10А б/рамки ""BRITE"" бежевый (1/100)",37.0,0.0,33.8,14.0,1.09,Средняя,база спроса ≈17 шт/мес (история 27 мес.); сезонность ×1.43; рост спроса ×1.39; прогноз след. месяц ≈34 шт; остаток 37 + в пути 0,1.0
IEK,280300592_,ЩМП- 3 IP 31 (650х500х220) GENERICA,26.0,0.0,26.0,13.0,1.0,Средняя,база спроса ≈13 шт/мес (история 10 мес.); рост спроса ×2.00; прогноз след. месяц ≈26 шт; остаток 26 + в пути 0,1.0
IEK,010500111_,Выкл. нагрузки ВН-32 (3ф)  20А IEK (4/80),73.0,0.0,54.3,12.0,1.34,Средняя,база спроса ≈21 шт/мес (история 16 мес.); сезонность ×2.76; снижение спроса ×0.94; прогноз след. месяц ≈54 шт; остаток 73 + в пути 0,4.0
IEK,130200085_, Кнопка управления модульная КМУ-11 IEK (12/144),12.0,0.0,10.1,12.0,1.19,Средняя,база спроса ≈2 шт/мес (история 21 мес.); сезонность ×3.00; рост спроса ×2.00; продажи скорректированы вверх из-за дефицита на складе; прогноз след. месяц ≈10 шт; остаток 12 + в пути 0,12.0
IEK,280300028_," Лоток перфорированный (50х500х3000) (1,2 мм) IEK (6)",30.0,0.0,24.4,12.0,1.23,Средняя,база спроса ≈28 шт/мес (история 14 мес.); сезонность ×1.00; снижение спроса ×0.86; прогноз след. месяц ≈24 шт; остаток 30 + в пути 0,6.0
IEK,щт-0000139,"Индикатор, CHINT, ND 16-22DS/2, желтый AC/DC 24В",21.0,0.0,21.0,11.0,1.0,Средняя,база спроса ≈21 шт/мес (история 1 мес.); прогноз след. месяц ≈21 шт; остаток 21 + в пути 0,1.0
IEK,081100714_,Лампа филаментная LED C35 свеча прозр. 7Вт 230В 4000К E27 серия 360° IEK,11.0,0.0,9.9,10.0,1.11,Средняя,база спроса ≈10 шт/мес (история 20 мес.); сезонность ×0.60; рост спроса ×1.65; продажи скорректированы вверх из-за дефицита на складе; прогноз след. месяц ≈10 шт; остаток 11 + в пути 0,10.0
IEK,081100718_,Лампа филаментная LED CT35 свеча вит. 5Вт 230В 4000К E27 серия 360° IEK,4.0,0.0,3.5,10.0,1.14,Средняя,база спроса ≈7 шт/мес (история 8 мес.); снижение спроса ×0.50; прогноз след. месяц ≈4 шт; остаток 4 + в пути 0,10.0
IEK,130200008_,"Шина ""N"" нулевая 8х12мм 14/1 (крепеж по центру) IEK (10)",5.0,0.0,3.5,10.0,1.43,Средняя,база спроса ≈3 шт/мес (история 9 мес.); рост спроса ×1.17; прогноз след. месяц ≈4 шт; остаток 5 + в пути 0,10.0
IEK,130200074_,"Шина ""N"" нулевая 6х9мм  8/1 (крепеж по центру) IEK (10/960)",119.0,0.0,80.1,10.0,1.49,Средняя,база спроса ≈16 шт/мес (история 29 мес.); сезонность ×5.27; снижение спроса ×0.92; исключено разовых крупных заказов: 1; прогноз след. месяц ≈80 шт; остаток 119 + в пути 0,10.0
IEK,130301661_,"Перемычка для КПИ-2,5мм2 10PIN IEK",10.0,0.0,10.0,10.0,1.0,Средняя,база спроса ≈10 шт/мес (история 1 мес.); прогноз след. месяц ≈10 шт; остаток 10 + в пути 0,10.0
IEK,130301738_,Перемычка гребенчатая для CP 4мм2 10PIN IEK,2.0,0.0,2.0,10.0,1.0,Средняя,база спроса ≈2 шт/мес (история 3 мес.); прогноз след. месяц ≈2 шт; остаток 2 + в пути 0,10.0
IEK,200400002_, I3  выкл. 1кл. с инд. 10А КВАРТА ВС 10-1-1-КБ (200) ,14.0,0.0,13.9,10.0,1.01,Средняя,база спроса ≈18 шт/мес (история 18 мес.); сезонность ×1.55; снижение спроса ×0.50; прогноз след. месяц ≈14 шт; остаток 14 + в пути 0,10.0
IEK,200400030_,I27 выкл 2кл о/у белый IP54 ГЕРМЕС IEK ВС20-2-0-ГПБ  (10/100) ,41.0,10.0,35.1,10.0,1.17,Средняя,база спроса ≈14 шт/мес (история 31 мес.); сезонность ×1.21; рост спроса ×2.00; исключено разовых крупных заказов: 1; прогноз след. месяц ≈35 шт; остаток 41 + в пути 10,10.0
IEK,280100130_,"Розетка информационная RJ-45 UTP кат.5е,2 модуль РКИ-20-00-П ПРАЙМЕР (100)",36.0,0.0,24.9,10.0,1.45,Средняя,база спроса ≈24 шт/мес (история 32 мес.); сезонность ×2.08; снижение спроса ×0.50; прогноз след. месяц ≈25 шт; остаток 36 + в пути 0,10.0
IEK,280100133_,"Розетка телеф RJ-11 кат.3, 1 модуль РКФ-10-00-П ПРАЙМЕР (100)",6.0,0.0,4.1,10.0,1.46,Средняя,база спроса ≈5 шт/мес (история 7 мес.); снижение спроса ×0.82; прогноз след. месяц ≈4 шт; остаток 6 + в пути 0,10.0
IEK,280300017_,Пластина соединительная  h 50 IEK (2),54.0,0.0,42.6,10.0,1.27,Средняя,база спроса ≈67 шт/мес (история 24 мес.); сезонность ×1.00; снижение спроса ×0.63; прогноз след. месяц ≈43 шт; остаток 54 + в пути 0,1.0
IEK,030200418_,"Рамка 4-мест. ""BRITE"" алюминий (1/100)",25.0,0.0,22.6,9.0,1.11,Средняя,база спроса ≈10 шт/мес (история 30 мес.); сезонность ×1.53; рост спроса ×1.56; прогноз след. месяц ≈23 шт; остаток 25 + в пути 0,1.0
IEK,130200185_,Мультиметр цифровой Master MAS830L IEK (40),17.0,0.0,16.9,9.0,1.01,Средняя,база спроса ≈5 шт/мес (история 27 мес.); сезонность ×1.58; рост спроса ×2.00; прогноз след. месяц ≈17 шт; остаток 17 + в пути 0,1.0
IEK,130301669_,Клемма вводная силовая КВС 6-50 кв.мм. 3-рядная серая IEK,8.0,0.0,8.0,8.0,1.0,Средняя,база спроса ≈8 шт/мес (история 1 мес.); прогноз след. месяц ≈8 шт; остаток 8 + в пути 0,8.0
IEK,030200565_,"Роз. 1-мест. с/з 16А б/рамки ""BRITE"" маренго (1/100)",61.0,0.0,44.7,7.0,1.36,Средняя,база спроса ≈21 шт/мес (история 23 мес.); сезонность ×1.04; рост спроса ×2.00; прогноз след. месяц ≈45 шт; остаток 61 + в пути 0,1.0
IEK,030200896_," Рамка 2-мест. ""BRITE"" стекло темная бронза (1/100)",13.0,0.0,13.0,7.0,1.0,Средняя,база спроса ≈6 шт/мес (история 9 мес.); рост спроса ×2.00; прогноз след. месяц ≈13 шт; остаток 13 + в пути 0,1.0
IEK,010500063_,ВА47-29 (4ф) 50A IEK (3/36),28.0,0.0,21.8,6.0,1.28,Средняя,база спроса ≈6 шт/мес (история 32 мес.); сезонность ×3.00; рост спроса ×1.32; исключено разовых крупных заказов: 1; прогноз след. месяц ≈22 шт; остаток 28 + в пути 0,3.0
IEK,010300052_, УЗО ВД1-63 (4ф) 16А 30мА IEK  (1/24),22.0,0.0,17.4,5.0,1.26,Средняя,база спроса ≈4 шт/мес (история 24 мес.); сезонность ×3.11; рост спроса ×1.24; прогноз след. месяц ≈17 шт; остаток 22 + в пути 0,1.0
IEK,010400854_,Реле напряжения и тока РНТ-д однофазное 36мм 50А IEK,10.0,0.0,10.0,5.0,1.0,Средняя,база спроса ≈10 шт/мес (история 12 мес.); сезонность ×1.00; исключено разовых крупных заказов: 1; продажи скорректированы вверх из-за дефицита на складе; прогноз след. месяц ≈10 шт; остаток 10 + в пути 0,1.0
IEK,010400953_,Выкл. конц. C6N-122 толк. с наж. рол. IP67 IEK,9.0,0.0,9.0,5.0,1.0,Средняя,база спроса ≈9 шт/мес (история 1 мес.); прогноз след. месяц ≈9 шт; остаток 9 + в пути 0,1.0
IEK,010500030_,Выкл. нагрузки ВН-32 (2ф)  40А IEK (120) !!!,10.0,0.0,10.0,5.0,1.0,Средняя,база спроса ≈10 шт/мес (история 3 мес.); прогноз след. месяц ≈10 шт; остаток 10 + в пути 0,1.0
IEK,030200926_,"Роз. с з/к с з/ш с кр. 16А IP20 б/рамки ""BRITE"" черный (1/100)черный ",111.0,0.0,76.7,5.0,1.45,Средняя,база спроса ≈44 шт/мес (история 32 мес.); сезонность ×1.03; рост спроса ×1.70; исключено разовых крупных заказов: 2; прогноз след. месяц ≈77 шт; остаток 111 + в пути 0,1.0
IEK,030201024_,BRITE Розетка 1-местная с заземлением с защитными шторками и крышкой 16А IP44 РСбш10-3-44-БрЖ жемчуг,10.0,0.0,10.0,5.0,1.0,Средняя,база спроса ≈10 шт/мес (история 2 мес.); прогноз след. месяц ≈10 шт; остаток 10 + в пути 0,1.0
IEK,030201072_," Рамка 1-мест. ""BRITE""  хром/никель  IEK  (1/100)",10.0,0.0,9.5,5.0,1.05,Средняя,база спроса ≈10 шт/мес (история 2 мес.); прогноз след. месяц ≈10 шт; остаток 10 + в пути 0,1.0
IEK,130300142_,Заглушка для ЗНИ4-6мм2 (JXB35-50A) серый IEK!!!,10.0,0.0,10.0,5.0,1.0,Средняя,база спроса ≈10 шт/мес (история 5 мес.); прогноз след. месяц ≈10 шт; остаток 10 + в пути 0,1.0
IEK,290100147_,СФ-05К-вык (5 мест/5м.) черный IEK,6.0,0.0,6.0,5.0,1.0,Средняя,база спроса ≈3 шт/мес (история 10 мес.); рост спроса ×2.00; прогноз след. месяц ≈6 шт; остаток 6 + в пути 0,5.0
IEK,BR-AK20-1-K35,"Роз. 2-я TV+RJ45 кат.5E б/рамки ""BRITE"" маренго (1/100)",10.0,0.0,10.0,5.0,1.0,Средняя,база спроса ≈10 шт/мес (история 1 мес.); прогноз след. месяц ≈10 шт; остаток 10 + в пути 0,1.0
IEK,CKK10-025-016-1-K28_,Кабель-канал 25х16 ольха ЭЛЕКОР IEK (за штуку) (50),10.0,0.0,10.0,5.0,1.0,Средняя,база спроса ≈10 шт/мес (история 1 мес.); прогноз след. месяц ≈10 шт; остаток 10 + в пути 0,1.0
IEK,010500138_,ВА47-29 (1ф)  10А GENERICA (12/144) !!!,9.0,0.0,8.5,4.0,1.06,Средняя,база спроса ≈8 шт/мес (история 4 мес.); прогноз след. месяц ≈8 шт; остаток 9 + в пути 0,1.0
IEK,030200539_,"Роз TV оконечная  б/рамки ""BRITE"" шампань (1/100)",12.0,0.0,10.3,4.0,1.17,Средняя,база спроса ≈4 шт/мес (история 26 мес.); сезонность ×1.23; рост спроса ×2.00; прогноз след. месяц ≈10 шт; остаток 12 + в пути 0,1.0
IEK,030200745_,"Роз. TV проходная б/рамки ""BRITE"" черный (1/100)",16.0,0.0,12.7,4.0,1.26,Средняя,база спроса ≈2 шт/мес (история 18 мес.); сезонность ×6.00; рост спроса ×1.06; прогноз след. месяц ≈13 шт; остаток 16 + в пути 0,1.0
IEK,030200752_,"Выкл 3-кл. 10А  б/рамки ""BRITE"" шампань (1/100)",22.0,0.0,17.2,4.0,1.28,Средняя,база спроса ≈8 шт/мес (история 29 мес.); сезонность ×1.26; рост спроса ×1.60; прогноз след. месяц ≈17 шт; остаток 22 + в пути 0,1.0
IEK,030200957_,"Термостат с инд. ""BRITE"" черный (1/80)",16.0,0.0,13.0,4.0,1.23,Средняя,база спроса ≈5 шт/мес (история 24 мес.); сезонность ×2.00; рост спроса ×1.38; прогноз след. месяц ≈13 шт; остаток 16 + в пути 0,1.0
IEK,030201115_," Рамка 2-мест. ""BRITE""  металл алюм. RE AL  IEK  (1/100)",14.0,0.0,11.5,4.0,1.22,Средняя,база спроса ≈12 шт/мес (история 4 мес.); прогноз след. месяц ≈12 шт; остаток 14 + в пути 0,1.0
IEK,130200436_,Токоизмерительные клещи CM1A IEK ARMA2L 5 IEK (30) NEW,8.0,0.0,7.8,4.0,1.03,Средняя,база спроса ≈3 шт/мес (история 31 мес.); сезонность ×2.17; рост спроса ×1.20; исключено разовых крупных заказов: 2; прогноз след. месяц ≈8 шт; остаток 8 + в пути 0,1.0
IEK,130600214_,Реле общ. назнач. OGR-2 2C 24В DC ONI OGR-2-2C-DC24V NEW,7.0,0.0,7.0,4.0,1.0,Средняя,база спроса ≈7 шт/мес (история 3 мес.); прогноз след. месяц ≈7 шт; остаток 7 + в пути 0,1.0
IEK,280100360_,Поворот 90град КМП 40х25 дуб ЭЛЕКОР IEK (4шт/компл) ,20.0,0.0,16.0,4.0,1.25,Средняя,база спроса ≈8 шт/мес (история 7 мес.); рост спроса ×2.00; продажи скорректированы вверх из-за дефицита на складе; прогноз след. месяц ≈16 шт; остаток 20 + в пути 0,1.0
IEK,нов26740,Предохранитель ППНИ-33   (32А) IEK габарит 0 (72) !!!,14.0,0.0,12.0,4.0,1.17,Средняя,база спроса ≈12 шт/мес (история 1 мес.); прогноз след. месяц ≈12 шт; остаток 14 + в пути 0,1.0
IEK,010500091_,ВА47-29 (4ф) 20А IEK (3/36),1.0,0.0,1.0,3.0,1.0,Средняя,база спроса ≈2 шт/мес (история 6 мес.); снижение спроса ×0.50; прогноз след. месяц ≈1 шт; остаток 1 + в пути 0,3.0
IEK,010500092_,ВА47-29 (4ф) 25А IEK (3/36),20.0,0.0,14.5,3.0,1.38,Средняя,база спроса ≈12 шт/мес (история 32 мес.); сезонность ×1.42; снижение спроса ×0.85; исключено разовых крупных заказов: 1; продажи скорректированы вверх из-за дефицита на складе; прогноз след. месяц ≈14 шт; остаток 20 + в пути 0,3.0
IEK,010700164_,УЗО АВДТ 4(ф) 25А 30мА ARMAT IEK (3),1.0,0.0,1.0,3.0,1.0,Средняя,база спроса ≈1 шт/мес (история 9 мес.); прогноз след. месяц ≈1 шт; остаток 1 + в пути 0,3.0
IEK,030200436_,"Выкл 1-кл. с инд. 10А б/рамки ""BRITE"" шампань (1/100)",5.0,0.0,4.8,3.0,1.04,Средняя,база спроса ≈3 шт/мес (история 16 мес.); сезонность ×1.00; рост спроса ×1.65; прогноз след. месяц ≈5 шт; остаток 5 + в пути 0,1.0
IEK,030200475_,"Выкл 2-кл. с инд. 10А б/рамки ""BRITE"" графит (1/100)",25.0,0.0,18.4,3.0,1.36,Средняя,база спроса ≈6 шт/мес (история 28 мес.); сезонность ×2.00; рост спроса ×1.42; прогноз след. месяц ≈18 шт; остаток 25 + в пути 0,1.0
IEK,030200487_,"Выкл 1-кл. с инд. 10А б/рамки ""BRITE"" черный (1/100)",127.0,0.0,86.4,3.0,1.47,Средняя,база спроса ≈33 шт/мес (история 32 мес.); сезонность ×1.63; рост спроса ×1.60; прогноз след. месяц ≈86 шт; остаток 127 + в пути 0,1.0
IEK,030201107_," Рамка 2-мест. ""BRITE""  стекло графит RE  IEK  (1/100)",6.0,0.0,5.5,3.0,1.09,Средняя,база спроса ≈6 шт/мес (история 2 мес.); прогноз след. месяц ≈6 шт; остаток 6 + в пути 0,1.0
IEK,030201126_," Рамка 3-мест. ""BRITE""  металл черн. RE AL  IEK  (1/50)",7.0,0.0,6.5,3.0,1.08,Средняя,база спроса ≈6 шт/мес (история 2 мес.); прогноз след. месяц ≈6 шт; остаток 7 + в пути 0,1.0
IEK,081100642_,Лампа филаментная LED G95 шар золото 8Вт 230В 2700К E27 серия 360° IEK,9.0,0.0,7.9,3.0,1.14,Средняя,база спроса ≈4 шт/мес (история 23 мес.); сезонность ×1.90; рост спроса ×1.11; прогноз след. месяц ≈8 шт; остаток 9 + в пути 0,1.0
IEK,120100068_," Пускатель ПРК32  2,5-4А 660В IEK (1) !!!",5.0,0.0,5.0,3.0,1.0,Средняя,база спроса ≈5 шт/мес (история 1 мес.); прогноз след. месяц ≈5 шт; остаток 5 + в пути 0,1.0
IEK,130200285_,Пассатижи Expert 200мм IEK,5.0,0.0,5.0,3.0,1.0,Средняя,база спроса ≈5 шт/мес (история 1 мес.); прогноз след. месяц ≈5 шт; остаток 5 + в пути 0,1.0
IEK,130600025_,Тепловое реле РТИ-3355 (30-40А) IEK (50),51.0,0.0,36.0,3.0,1.42,Средняя,база спроса ≈14 шт/мес (история 32 мес.); сезонность ×1.29; рост спроса ×2.00; прогноз след. месяц ≈36 шт; остаток 51 + в пути 0,1.0
IEK,270200057_,Предохранитель ППНИ-35  (160А) габарит 1 IEK (3/48) !!!,6.0,0.0,6.0,3.0,1.0,Средняя,база спроса ≈6 шт/мес (история 3 мес.); прогноз след. месяц ≈6 шт; остаток 6 + в пути 0,1.0
IEK,270200063_,Предохранитель ППНИ-35  (250А) габарит 1 IEK (3/48),11.0,0.0,9.0,3.0,1.22,Средняя,база спроса ≈18 шт/мес (история 9 мес.); снижение спроса ×0.50; прогноз след. месяц ≈9 шт; остаток 11 + в пути 0,1.0
IEK,280300080_,Поворот 90º 100х400 IEK,6.0,0.0,5.5,3.0,1.09,Средняя,база спроса ≈6 шт/мес (история 2 мес.); прогноз след. месяц ≈6 шт; остаток 6 + в пути 0,1.0
IEK,яярп4532, BA 47-60M (2ф) 10А 6кА С IEK !!!,5.0,0.0,5.0,3.0,1.0,Средняя,база спроса ≈5 шт/мес (история 1 мес.); прогноз след. месяц ≈5 шт; остаток 5 + в пути 0,1.0
IEK,яярп4773, BA 47-60M (3ф) 32А 6кА B IEK !!!,6.0,0.0,6.0,3.0,1.0,Средняя,база спроса ≈6 шт/мес (история 1 мес.); прогноз след. месяц ≈6 шт; остаток 6 + в пути 0,1.0
IEK,010300125_, УЗО АВДТ 32  63А 100mA IEK !!!,3.0,0.0,3.0,2.0,1.0,Средняя,база спроса ≈3 шт/мес (история 3 мес.); прогноз след. месяц ≈3 шт; остаток 3 + в пути 0,1.0
IEK,010700041_,ВА47-29 (3ф) 16А х-ка D IEK (4/48) E-PRO,4.0,0.0,4.0,2.0,1.0,Средняя,база спроса ≈4 шт/мес (история 4 мес.); прогноз след. месяц ≈4 шт; остаток 4 + в пути 0,1.0
IEK,010700084_,Распределительное устройство  РУСп – 3х16/3+1х16/5+1х32/5 У1 IP44,3.0,0.0,2.7,2.0,1.11,Средняя,база спроса ≈2 шт/мес (история 16 мес.); сезонность ×1.00; рост спроса ×1.37; продажи скорректированы вверх из-за дефицита на складе; прогноз след. месяц ≈3 шт; остаток 3 + в пути 0,1.0
IEK,010800025_,Скоба RCS-2 на ДИН-рейку для ВА88-33 IEK !!!,3.0,0.0,3.0,2.0,1.0,Средняя,база спроса ≈3 шт/мес (история 3 мес.); прогноз след. месяц ≈3 шт; остаток 3 + в пути 0,1.0
IEK,010800037_,Электропривод ЭП-35/37 230В IEK (1/12) !!!,3.0,0.0,3.0,2.0,1.0,Средняя,база спроса ≈3 шт/мес (история 1 мес.); прогноз след. месяц ≈3 шт; остаток 3 + в пути 0,1.0
IEK,030200739_,"Выкл 3-кл. 10А  б/рамки ""BRITE"" жемчуг (1/100)",12.0,0.0,8.8,2.0,1.36,Средняя,база спроса ≈5 шт/мес (история 21 мес.); сезонность ×1.30; рост спроса ×1.30; прогноз след. месяц ≈9 шт; остаток 12 + в пути 0,1.0
IEK,030200751_,"Роз 2-ая комп. RJ45  кат.5E ""BRITE"" шампань (1/100)",4.0,0.0,3.5,2.0,1.14,Средняя,база спроса ≈4 шт/мес (история 10 мес.); прогноз след. месяц ≈4 шт; остаток 4 + в пути 0,1.0
IEK,030200765_,"Роз. USB A+C 18Вт б/рамки ""BRITE"" алюминий (1/80)",6.0,0.0,5.0,2.0,1.2,Средняя,база спроса ≈5 шт/мес (история 3 мес.); прогноз след. месяц ≈5 шт; остаток 6 + в пути 0,1.0
IEK,030200821_,"Рамка 3-мест. ""BRITE"" темная бронза (1/100)",4.0,0.0,3.8,2.0,1.05,Средняя,база спроса ≈11 шт/мес (история 30 мес.); сезонность ×0.27; рост спроса ×1.28; прогноз след. месяц ≈4 шт; остаток 4 + в пути 0,1.0
IEK,030200963_,"Датчик движения ""BRITE"" графит (1/80)",3.0,0.0,3.0,2.0,1.0,Средняя,база спроса ≈2 шт/мес (история 23 мес.); сезонность ×1.00; рост спроса ×1.50; прогноз след. месяц ≈3 шт; остаток 3 + в пути 0,1.0
IEK,030201018_,"Выкл 1-кл. перекр 10А б/рамки ""BRITE"" бежевый (1/100)",3.0,0.0,2.9,2.0,1.03,Средняя,база спроса ≈4 шт/мес (история 16 мес.); сезонность ×1.14; снижение спроса ×0.72; прогноз след. месяц ≈3 шт; остаток 3 + в пути 0,1.0
IEK,030201110_," Рамка 2-мест. ""BRITE""  металл алюм. RE  IEK  (1/100)",5.0,0.0,4.5,2.0,1.11,Средняя,база спроса ≈4 шт/мес (история 4 мес.); прогноз след. месяц ≈4 шт; остаток 5 + в пути 0,1.0
IEK,030201142_," Рамка 4-мест. ""BRITE""  металл шамп. RE AL  IEK  (1/50)",6.0,0.0,5.0,2.0,1.2,Средняя,база спроса ≈5 шт/мес (история 2 мес.); прогноз след. месяц ≈5 шт; остаток 6 + в пути 0,1.0
IEK,080800132_,"Светодиодная лента ""Сделай сам"" LED 5м LSR-2835W60-4,8-IP20-12В-6500K+драйвер+выкл IEK",4.0,0.0,3.5,2.0,1.14,Средняя,база спроса ≈2 шт/мес (история 10 мес.); рост спроса ×1.75; прогноз след. месяц ≈4 шт; остаток 4 + в пути 0,1.0
IEK,081100289_,"LED R50 ""ECO"" 5w 230v 4000K E14 IEK (1) ",3.0,0.0,3.0,2.0,1.0,Средняя,база спроса ≈3 шт/мес (история 5 мес.); прогноз след. месяц ≈3 шт; остаток 3 + в пути 0,1.0
IEK,081100724_,Лампа филаментная LED ST64 золото 6Вт 230В 2700К E27 серия 360° IEK,3.0,0.0,2.9,2.0,1.03,Средняя,база спроса ≈4 шт/мес (история 14 мес.); сезонность ×1.00; снижение спроса ×0.74; прогноз след. месяц ≈3 шт; остаток 3 + в пути 0,1.0
IEK,120100003_,Контактор  КМИ-11260 12А 380В  IP54 (1вел в корпусе) IEK (1/20),6.0,0.0,5.2,2.0,1.15,Средняя,база спроса ≈3 шт/мес (история 22 мес.); сезонность ×1.33; рост спроса ×1.30; прогноз след. месяц ≈5 шт; остаток 6 + в пути 0,1.0
IEK,120100067_,"  Пускатель ПРК32 1,6 In=1,6А Ir=1-1,6А Ue 660В IEK (1/50) !!!",3.0,0.0,3.0,2.0,1.0,Средняя,база спроса ≈3 шт/мес (история 1 мес.); прогноз след. месяц ≈3 шт; остаток 3 + в пути 0,1.0
IEK,130200414_,Сумка монтажника с пластиковым дном BG-02 ARMA2L 5 IEK (1),3.0,0.0,2.7,2.0,1.11,Средняя,база спроса ≈2 шт/мес (история 7 мес.); рост спроса ×1.33; прогноз след. месяц ≈3 шт; остаток 3 + в пути 0,1.0
IEK,130200430_,Детектор напряжения бесконтактный VD10 ARMA2L 5 IEK (300) NEW,16.0,0.0,11.8,2.0,1.36,Средняя,база спроса ≈8 шт/мес (история 26 мес.); сезонность ×1.56; снижение спроса ×0.94; исключено разовых крупных заказов: 4; прогноз след. месяц ≈12 шт; остаток 16 + в пути 0,1.0
IEK,130200435_,Мультиметр цифровой  цифровой DM1E IEK ARMA2L 5 IEK (40) NEW,6.0,0.0,4.8,2.0,1.25,Средняя,база спроса ≈5 шт/мес (история 31 мес.); сезонность ×0.70; рост спроса ×1.36; прогноз след. месяц ≈5 шт; остаток 6 + в пути 0,1.0
IEK,130300271_,"Сизы-1 (1,5-3,5) синий IEK (100)",3.0,0.0,3.0,2.0,1.0,Средняя,база спроса ≈3 шт/мес (история 3 мес.); прогноз след. месяц ≈3 шт; остаток 3 + в пути 0,1.0
IEK,130300302_,Таймер ТЭМ 181 аналоговый 16А 230В на DIN-рейку IEK (100),12.0,0.0,8.9,2.0,1.35,Средняя,база спроса ≈16 шт/мес (история 32 мес.); сезонность ×0.57; снижение спроса ×0.99; исключено разовых крупных заказов: 1; прогноз след. месяц ≈9 шт; остаток 12 + в пути 0,1.0
IEK,130300770_,Переходник Е40-Е27  ПР40-27-К02 IEK (50),3.0,0.0,2.7,2.0,1.11,Средняя,база спроса ≈4 шт/мес (история 9 мес.); снижение спроса ×0.67; прогноз след. месяц ≈3 шт; остаток 3 + в пути 0,1.0
IEK,130300988_,"Вольтметр Э47 500В кл. точн. 1,5 96х96мм IEK !!!",3.0,0.0,3.0,2.0,1.0,Средняя,база спроса ≈3 шт/мес (история 4 мес.); прогноз след. месяц ≈3 шт; остаток 3 + в пути 0,1.0
IEK,130301682_,"Блок зажимов БЗН TK-020 2,5 мм2 20А на DIN-рейку 10 пар IEK",3.0,0.0,3.0,2.0,1.0,Средняя,база спроса ≈3 шт/мес (история 1 мес.); прогноз след. месяц ≈3 шт; остаток 3 + в пути 0,1.0
IEK,130400069_,Изолятор ступенчатый ИС4-20 (М6) силовой с болтом IEK,8.0,0.0,6.0,2.0,1.33,Средняя,база спроса ≈6 шт/мес (история 2 мес.); прогноз след. месяц ≈6 шт; остаток 8 + в пути 0,2.0
IEK,130400154_,Изолятор ступенчатый ИС4-40 (М8) силовой с болтом IEK,4.0,0.0,4.0,2.0,1.0,Средняя,база спроса ≈4 шт/мес (история 4 мес.); прогноз след. месяц ≈4 шт; остаток 4 + в пути 0,2.0
IEK,130500006_, Сальник PG  7 (5-6мм) IEK (20),10.0,0.0,7.5,2.0,1.33,Средняя,база спроса ≈8 шт/мес (история 2 мес.); прогноз след. месяц ≈8 шт; остаток 10 + в пути 0,1.0
IEK,130500011_, Сальник PG 21 (15-18мм) IEK (20),3.0,0.0,3.0,2.0,1.0,Средняя,база спроса ≈3 шт/мес (история 3 мес.); прогноз след. месяц ≈3 шт; остаток 3 + в пути 0,1.0
IEK,130600057_,Тепловое реле РТИ-3359 (48-65А) IEK (50) !!!,3.0,0.0,3.0,2.0,1.0,Средняя,база спроса ≈3 шт/мес (история 3 мес.); прогноз след. месяц ≈3 шт; остаток 3 + в пути 0,1.0
IEK,250200002_, ЩМП- 1 IP 54 (395х310х220) IEK,6.0,0.0,4.9,2.0,1.22,Средняя,база спроса ≈2 шт/мес (история 26 мес.); сезонность ×1.33; рост спроса ×1.53; исключено разовых крупных заказов: 1; прогноз след. месяц ≈5 шт; остаток 6 + в пути 0,1.0
IEK,250200004_, ЩМП- 2 IP 54 (500х400х220) IEK,16.0,0.0,11.8,2.0,1.36,Средняя,база спроса ≈4 шт/мес (история 30 мес.); сезонность ×2.09; рост спроса ×1.54; исключено разовых крупных заказов: 1; прогноз след. месяц ≈12 шт; остаток 16 + в пути 0,1.0
IEK,250600130_, ЩМПп- 2 (500х400х240)  IP65 IEK,13.0,0.0,9.4,2.0,1.38,Средняя,база спроса ≈4 шт/мес (история 30 мес.); сезонность ×1.33; рост спроса ×2.00; исключено разовых крупных заказов: 1; продажи скорректированы вверх из-за дефицита на складе; прогноз след. месяц ≈9 шт; остаток 13 + в пути 0,1.0
IEK,270200058_,Предохранитель ППНИ-35  (200А) габарит 1 IEK (3/48) !!!,3.0,0.0,3.0,2.0,1.0,Средняя,база спроса ≈3 шт/мес (история 1 мес.); прогноз след. месяц ≈3 шт; остаток 3 + в пути 0,1.0
IEK,270300030_,"Трансформатор тока ТТИ-А  600\5А 5ВА кл.т.0,5 IEK (36) !!!",3.0,0.0,3.0,2.0,1.0,Средняя,база спроса ≈3 шт/мес (история 1 мес.); прогноз след. месяц ≈3 шт; остаток 3 + в пути 0,1.0
IEK,270300302_,"Гигростат механический УККг от 35 до 0,95 RH IEK (100) NEW",3.0,0.0,3.0,2.0,1.0,Средняя,база спроса ≈3 шт/мес (история 2 мес.); прогноз след. месяц ≈3 шт; остаток 3 + в пути 0,1.0
IEK,280100362_,Соединитель на стык КМС 25х16 дуб ЭЛЕКОР IEK (4шт/компл),4.0,0.0,4.0,2.0,1.0,Средняя,база спроса ≈4 шт/мес (история 1 мес.); прогноз след. месяц ≈4 шт; остаток 4 + в пути 0,1.0
IEK,280100429_,Угол внутренний КМВ 20х10 черный ЭЛЕКОР IEK (4шт/компл) ,3.0,0.0,3.0,2.0,1.0,Средняя,база спроса ≈3 шт/мес (история 1 мес.); прогноз след. месяц ≈3 шт; остаток 3 + в пути 0,1.0
IEK,280100448_,Соединитель на стык КМС 15х10 черный ЭЛЕКОР IEK (4шт/компл),4.0,0.0,4.0,2.0,1.0,Средняя,база спроса ≈4 шт/мес (история 1 мес.); прогноз след. месяц ≈4 шт; остаток 4 + в пути 0,1.0
IEK,280200056_,Поворот 90° КМП 40х25 Белый ЭЛЕКОР IEK (4),102.0,0.0,68.9,2.0,1.48,Средняя,база спроса ≈66 шт/мес (история 31 мес.); сезонность ×0.52; рост спроса ×2.00; прогноз след. месяц ≈69 шт; остаток 102 + в пути 0,1.0
IEK,280300074_,Поворот 90º  50х300 IEK,3.0,0.0,3.0,2.0,1.0,Средняя,база спроса ≈3 шт/мес (история 1 мес.); прогноз след. месяц ≈3 шт; остаток 3 + в пути 0,1.0
IEK,280300354_, 3 КВтп  10х70/120-02 IEK!!!,4.0,0.0,4.0,2.0,1.0,Средняя,база спроса ≈4 шт/мес (история 1 мес.); прогноз след. месяц ≈4 шт; остаток 4 + в пути 0,1.0
IEK,ст-9951104,Внешний изменяемый угол 100х60  ПРАЙМЕР (108)!!!,3.0,0.0,3.0,2.0,1.0,Средняя,база спроса ≈3 шт/мес (история 4 мес.); прогноз след. месяц ≈3 шт; остаток 3 + в пути 0,1.0
IEK,ст-9951436,"Трансформатор тока ТТИ-А  800\5А 5ВА кл.т.0,5 IEK (36) !!!",3.0,0.0,3.0,2.0,1.0,Средняя,база спроса ≈3 шт/мес (история 4 мес.); прогноз след. месяц ≈3 шт; остаток 3 + в пути 0,1.0
IEK,щт-0001387,Совмещенный контакт АКДК-630/800/1600А IEK !!!,4.0,0.0,4.0,2.0,1.0,Средняя,база спроса ≈4 шт/мес (история 1 мес.); прогноз след. месяц ≈4 шт; остаток 4 + в пути 0,1.0
IEK,щт-0001786,"Трансформатор тока ТТИ-100 1600\5А 15ВА кл.т.0,5 IEK !!!",3.0,0.0,3.0,2.0,1.0,Средняя,база спроса ≈3 шт/мес (история 1 мес.); прогноз след. месяц ≈3 шт; остаток 3 + в пути 0,1.0
IEK,щт-0001802,Сиг. лампа ENR-22  d22мм белый неон/240В цилиндр IEK !!!,3.0,0.0,3.0,2.0,1.0,Средняя,база спроса ≈3 шт/мес (история 1 мес.); прогноз след. месяц ≈3 шт; остаток 3 + в пути 0,1.0
IEK,ярп4673, BA 47-60M (3ф) 32А 6кА С IEK !!!,4.0,0.0,4.0,2.0,1.0,Средняя,база спроса ≈4 шт/мес (история 1 мес.); прогноз след. месяц ≈4 шт; остаток 4 + в пути 0,1.0
IEK,010300130_, УЗО АВДТ 34  10А С 30мА  IEK E-PRO,1.0,0.0,1.0,1.0,1.0,Средняя,база спроса ≈1 шт/мес (история 1 мес.); прогноз след. месяц ≈1 шт; остаток 1 + в пути 0,1.0
IEK,010300144_, УЗО АД 14  (4ф) 63А 100мА IEK !,1.0,0.0,1.0,1.0,1.0,Средняя,база спроса ≈1 шт/мес (история 1 мес.); прогноз след. месяц ≈1 шт; остаток 1 + в пути 0,1.0
IEK,010300185_, УЗО ВД1-63 (4ф) 32А 300мА IEK !!!,1.0,0.0,1.0,1.0,1.0,Средняя,база спроса ≈1 шт/мес (история 1 мес.); прогноз след. месяц ≈1 шт; остаток 1 + в пути 0,1.0
IEK,010300200_, УЗО АВДТ 34  20А С 30мА IEK !!!,1.0,0.0,1.0,1.0,1.0,Средняя,база спроса ≈1 шт/мес (история 1 мес.); прогноз след. месяц ≈1 шт; остаток 1 + в пути 0,1.0
IEK,010400842_,Реле напряжения и тока РНТ-д однофазное 36мм 63А IEK,2.0,0.0,2.0,1.0,1.0,Средняя,база спроса ≈2 шт/мес (история 1 мес.); прогноз след. месяц ≈2 шт; остаток 2 + в пути 0,1.0
IEK,010400930_,Реле напряжения РН-д однофазное 54мм 25А IEK,4.0,0.0,3.0,1.0,1.33,Средняя,база спроса ≈3 шт/мес (история 5 мес.); прогноз след. месяц ≈3 шт; остаток 4 + в пути 0,1.0
IEK,010500002_,"Авт. выкл.ВА47-29 1Р  1,6А 4,5кА х-ка С IEK",2.0,0.0,2.0,1.0,1.0,Средняя,база спроса ≈2 шт/мес (история 1 мес.); прогноз след. месяц ≈2 шт; остаток 2 + в пути 0,1.0
IEK,010500029_,Выкл. нагрузки ВН-32 (2ф)  32А IEK (120) !!!,2.0,0.0,1.5,1.0,1.33,Средняя,база спроса ≈3 шт/мес (история 9 мес.); снижение спроса ×0.50; прогноз след. месяц ≈2 шт; остаток 2 + в пути 0,1.0
IEK,010500148_,ВА47-29 (2ф)  16А GENERICA (72) !!!,1.0,0.0,1.0,1.0,1.0,Средняя,база спроса ≈1 шт/мес (история 3 мес.); прогноз след. месяц ≈1 шт; остаток 1 + в пути 0,1.0
IEK,010700036_,ВА47-29 (1ф)  6А IEK (12/144) D !!!,1.0,0.0,1.0,1.0,1.0,Средняя,база спроса ≈1 шт/мес (история 1 мес.); прогноз след. месяц ≈1 шт; остаток 1 + в пути 0,1.0
IEK,010700042_,"ВА47-29 (3ф) 20А 4,5кА х-ка D IEK !!!",1.0,0.0,1.0,1.0,1.0,Средняя,база спроса ≈1 шт/мес (история 3 мес.); прогноз след. месяц ≈1 шт; остаток 1 + в пути 0,1.0
IEK,010700044_,ВА47-29 (3ф) 32А D IEK !!!,1.0,0.0,1.0,1.0,1.0,Средняя,база спроса ≈1 шт/мес (история 3 мес.); прогноз след. месяц ≈1 шт; остаток 1 + в пути 0,1.0
IEK,010700046_,ВА47-29 (3ф) 63А D IEK !!!,1.0,0.0,1.0,1.0,1.0,Средняя,база спроса ≈1 шт/мес (история 4 мес.); прогноз след. месяц ≈1 шт; остаток 1 + в пути 0,1.0
IEK,010700139_,ARMAT (1ф) 40А C IEK (1),1.0,0.0,0.8,1.0,1.25,Средняя,база спроса ≈1 шт/мес (история 8 мес.); снижение спроса ×0.75; прогноз след. месяц ≈1 шт; остаток 1 + в пути 0,1.0
IEK,010700148_,ARMAT (2ф) 40А C IEK (1),4.0,0.0,3.0,1.0,1.33,Средняя,база спроса ≈2 шт/мес (история 17 мес.); сезонность ×1.00; рост спроса ×2.00; прогноз след. месяц ≈3 шт; остаток 4 + в пути 0,1.0
IEK,010700175_,Распределительное устройство  РУСп – 3х16/3+2х16/5 У1 IP44,1.0,0.0,1.0,1.0,1.0,Средняя,база спроса ≈1 шт/мес (история 5 мес.); прогноз след. месяц ≈1 шт; остаток 1 + в пути 0,1.0
IEK,010800039_,Электропривод ЭП-43 230В IEK (1/4) !!!,2.0,0.0,2.0,1.0,1.0,Средняя,база спроса ≈2 шт/мес (история 1 мес.); прогноз след. месяц ≈2 шт; остаток 2 + в пути 0,1.0
IEK,010800046_,ВА 88-43 (3ф) 1600А 50 кА с эл расц МР 211 IEK (1),1.0,0.0,1.0,1.0,1.0,Средняя,база спроса ≈1 шт/мес (история 15 мес.); сезонность ×1.00; рост спроса ×1.04; прогноз след. месяц ≈1 шт; остаток 1 + в пути 0,1.0
IEK,010800258_,ВА 88-35 (3ф) 160А  690В MASTER IEK!!!,1.0,0.0,1.0,1.0,1.0,Средняя,база спроса ≈1 шт/мес (история 3 мес.); прогноз след. месяц ≈1 шт; остаток 1 + в пути 0,1.0
IEK,011100063_,Стабилизатор СНИ  2 кВА (1ф) IEK (1),1.0,0.0,1.0,1.0,1.0,Средняя,база спроса ≈1 шт/мес (история 5 мес.); прогноз след. месяц ≈1 шт; остаток 1 + в пути 0,1.0
IEK,011100064_,Стабилизатор СНИ  1 кВА (1ф) IEK (1),1.0,0.0,1.0,1.0,1.0,Средняя,база спроса ≈1 шт/мес (история 3 мес.); прогноз след. месяц ≈1 шт; остаток 1 + в пути 0,1.0
IEK,011100065_,Стабилизатор СНИ  5 кВА (1ф) IEK (1),1.0,0.0,1.0,1.0,1.0,Средняя,база спроса ≈1 шт/мес (история 4 мес.); продажи скорректированы вверх из-за дефицита на складе; прогноз след. месяц ≈1 шт; остаток 1 + в пути 0,1.0
IEK,011100068_,Стабилизатор СНИ 15 кВА (3ф) IEK (1),1.0,0.0,1.0,1.0,1.0,Средняя,база спроса ≈1 шт/мес (история 11 мес.); прогноз след. месяц ≈1 шт; остаток 1 + в пути 0,1.0
IEK,011100069_,Стабилизатор СНИ 20 кВА (3ф) IEK (1),1.0,0.0,0.8,1.0,1.25,Средняя,база спроса ≈1 шт/мес (история 8 мес.); снижение спроса ×0.75; прогноз след. месяц ≈1 шт; остаток 1 + в пути 0,1.0
IEK,011100071_,Стабилизатор СНИ 10 кВА (1ф) IEK (1),1.0,0.0,1.0,1.0,1.0,Средняя,база спроса ≈1 шт/мес (история 4 мес.); продажи скорректированы вверх из-за дефицита на складе; прогноз след. месяц ≈1 шт; остаток 1 + в пути 0,1.0
IEK,011100098_,"Стаб электрон СНР 1-0-1,5 кВА (1ф) переносной IEK (4)",1.0,0.0,1.0,1.0,1.0,Средняя,база спроса ≈1 шт/мес (история 2 мес.); прогноз след. месяц ≈1 шт; остаток 1 + в пути 0,1.0
IEK,011100249_,Стаб электрон СНР 1-0-5 кВА (1ф) IEK (1),1.0,0.0,1.0,1.0,1.0,Средняя,база спроса ≈1 шт/мес (история 1 мес.); прогноз след. месяц ≈1 шт; остаток 1 + в пути 0,1.0
IEK,011100251_,Стаб электрон СНР 1-0-8 кВА (1ф) IEK (1),1.0,0.0,1.0,1.0,1.0,Средняя,база спроса ≈1 шт/мес (история 1 мес.); прогноз след. месяц ≈1 шт; остаток 1 + в пути 0,1.0
IEK,011100354_,"Стабилизатор напряжения серии HOME 0,5 кВА (СНР1-0-0,5) IEK E-PRO",1.0,0.0,1.0,1.0,1.0,Средняя,база спроса ≈1 шт/мес (история 3 мес.); прогноз след. месяц ≈1 шт; остаток 1 + в пути 0,1.0
IEK,030200442_,"Роз. 2-я с з/к/ш 16А в сборе ""BRITE"" шампань (1/100)",17.0,0.0,12.0,1.0,1.42,Средняя,база спроса ≈6 шт/мес (история 19 мес.); сезонность ×1.00; рост спроса ×2.00; прогноз след. месяц ≈12 шт; остаток 17 + в пути 0,1.0
IEK,030200532_,"Роз. 2-я TV+RJ45 кат.5E б/рамки ""BRITE"" сталь (1/100)",1.0,0.0,1.0,1.0,1.0,Средняя,база спроса ≈1 шт/мес (история 5 мес.); прогноз след. месяц ≈1 шт; остаток 1 + в пути 0,1.0
IEK,030200747_,"Роз. TV проходная б/рамки ""BRITE"" графит (1/100)",2.0,0.0,1.7,1.0,1.18,Средняя,база спроса ≈1 шт/мес (история 9 мес.); рост спроса ×1.67; прогноз след. месяц ≈2 шт; остаток 2 + в пути 0,1.0
IEK,030200768_,"Роз. с з/к с з/ш 16А с USB A+A 3,1А б/рамки ""BRITE"" графит (1/80)",2.0,0.0,2.0,1.0,1.0,Средняя,база спроса ≈2 шт/мес (история 4 мес.); прогноз след. месяц ≈2 шт; остаток 2 + в пути 0,1.0
IEK,030200847_," Рамка 1-мест. ""BRITE"" металл черный (1/100) ",13.0,0.0,8.8,1.0,1.48,Средняя,база спроса ≈4 шт/мес (история 19 мес.); сезонность ×2.00; рост спроса ×1.10; прогноз след. месяц ≈9 шт; остаток 13 + в пути 0,1.0
IEK,030200960_,"Термостат с инд. ""BRITE"" алюминий (1/80)",1.0,0.0,0.8,1.0,1.25,Средняя,база спроса ≈1 шт/мес (история 7 мес.); снижение спроса ×0.75; прогноз след. месяц ≈1 шт; остаток 1 + в пути 0,1.0
IEK,030201056_," Рамка 2-мест. ""BRITE""  беж./жемч.  IEK  (1/100)",2.0,0.0,2.0,1.0,1.0,Средняя,база спроса ≈2 шт/мес (история 1 мес.); прогноз след. месяц ≈2 шт; остаток 2 + в пути 0,1.0
IEK,030201095_," Рамка 1-мест. ""BRITE""  металл алюм. RE  IEK  (1/100)",1.0,0.0,1.0,1.0,1.0,Средняя,база спроса ≈1 шт/мес (история 5 мес.); прогноз след. месяц ≈1 шт; остаток 1 + в пути 0,1.0
IEK,030201150_," Рамка 5-мест. ""BRITE""  хром/никель  IEK  (1/100)",4.0,0.0,3.0,1.0,1.33,Средняя,база спроса ≈3 шт/мес (история 1 мес.); прогноз след. месяц ≈3 шт; остаток 4 + в пути 0,1.0
IEK,080800131_,"Светодиодная лента ""Сделай сам"" LED 5м LSR-2835WW60-4,8-IP65-12В-3000K+драйвер+выкл IEK",1.0,0.0,1.0,1.0,1.0,Средняя,база спроса ≈1 шт/мес (история 3 мес.); прогноз след. месяц ≈1 шт; остаток 1 + в пути 0,1.0
IEK,080800135_,"Светодиодная лента ""Сделай сам"" LED 5м LSR-5050RGB60-14,4-IP65-12В+драйвер+контр IEK",1.0,0.0,1.0,1.0,1.0,Средняя,база спроса ≈1 шт/мес (история 1 мес.); прогноз след. месяц ≈1 шт; остаток 1 + в пути 0,1.0
IEK,080800137_,"Светодиодная лента ""Неон"" (лента LED 10м LSR5-2835WW120-8-IP65-220В - 3000K+ драйвер) IEK",1.0,0.0,1.0,1.0,1.0,Средняя,база спроса ≈1 шт/мес (история 10 мес.); продажи скорректированы вверх из-за дефицита на складе; прогноз след. месяц ≈1 шт; остаток 1 + в пути 0,1.0
IEK,080800138_,"Светодиодная лента ""Неон"" LED 5м LSR5-2835W120-8-IP65-220В-6500K+драйвер IEK",1.0,0.0,1.0,1.0,1.0,Средняя,база спроса ≈1 шт/мес (история 5 мес.); прогноз след. месяц ≈1 шт; остаток 1 + в пути 0,1.0
IEK,080800140_,"Светодиодная лента ""Неон"" LED 5м LSR5-5050RGB60-8-IP65-220В+драйвер IEK",1.0,0.0,1.0,1.0,1.0,Средняя,база спроса ≈1 шт/мес (история 3 мес.); прогноз след. месяц ≈1 шт; остаток 1 + в пути 0,1.0
IEK,081100373_,LED ПРОЖЕКТОР СДО 06 - 30  30W 2400Lm 6500K IP65 IEK !!!,1.0,0.0,1.0,1.0,1.0,Средняя,база спроса ≈1 шт/мес (история 2 мес.); прогноз след. месяц ≈1 шт; остаток 1 + в пути 0,1.0
IEK,081100375_,LED ПРОЖЕКТОР СДО 06-100 100W 8000Lm 6500K IP65 IEK,1.0,0.0,1.0,1.0,1.0,Средняя,база спроса ≈1 шт/мес (история 1 мес.); прогноз след. месяц ≈1 шт; остаток 1 + в пути 0,1.0
IEK,081100604_,LED ПРОЖЕКТОР СДО 06-150 150W 12000Lm 6500K IP65 IEK,1.0,0.0,1.0,1.0,1.0,Средняя,база спроса ≈1 шт/мес (история 1 мес.); прогноз след. месяц ≈1 шт; остаток 1 + в пути 0,1.0
IEK,081100753_,Светильник LED настол. 2015 8Вт белый IEK,2.0,0.0,1.5,1.0,1.33,Средняя,база спроса ≈2 шт/мес (история 2 мес.); прогноз след. месяц ≈2 шт; остаток 2 + в пути 0,1.0
IEK,081100754_,Светильник LED настол. 2015 8Вт черный IEK,2.0,0.0,2.0,1.0,1.0,Средняя,база спроса ≈2 шт/мес (история 1 мес.); прогноз след. месяц ≈2 шт; остаток 2 + в пути 0,1.0
IEK,120100046_,Контактор  КТИ 5225  225А 400В IEK (1/2),2.0,0.0,1.5,1.0,1.33,Средняя,база спроса ≈2 шт/мес (история 11 мес.); прогноз след. месяц ≈2 шт; остаток 2 + в пути 0,1.0
IEK,120100054_,Контактор КТИ-7630  630А  400В/АС3 IEK,2.0,0.0,1.5,1.0,1.33,Средняя,база спроса ≈2 шт/мес (история 2 мес.); прогноз след. месяц ≈2 шт; остаток 2 + в пути 0,1.0
IEK,120100071_,Пускатель ПРК32-14 In=14A Ir=9-14A Ue 660В IEK (1/50),3.0,0.0,2.2,1.0,1.36,Средняя,база спроса ≈4 шт/мес (история 23 мес.); сезонность ×1.00; снижение спроса ×0.55; прогноз след. месяц ≈2 шт; остаток 3 + в пути 0,1.0
IEK,120100079_,  Пускатель ПРК32 2.5 In=2.5А Ir=1.6-2.5A Ue 660В IEK  (50) !!!,1.0,0.0,1.0,1.0,1.0,Средняя,база спроса ≈1 шт/мес (история 1 мес.); прогноз след. месяц ≈1 шт; остаток 1 + в пути 0,1.0
IEK,120100219_,Контактор КМ 63-11 АС IEK (6/90) !!!,2.0,0.0,2.0,1.0,1.0,Средняя,база спроса ≈2 шт/мес (история 1 мес.); прогноз след. месяц ≈2 шт; остаток 2 + в пути 0,1.0
IEK,130200131_,"Стабилизатор СНИ  0,5 кВА (1ф) IEK (1)",1.0,0.0,1.0,1.0,1.0,Средняя,база спроса ≈1 шт/мес (история 1 мес.); прогноз след. месяц ≈1 шт; остаток 1 + в пути 0,1.0
IEK,130200342_,Пассатижи Profi 200мм IEK,1.0,0.0,1.0,1.0,1.0,Средняя,база спроса ≈1 шт/мес (история 1 мес.); прогноз след. месяц ≈1 шт; остаток 1 + в пути 0,1.0
IEK,130200343_,Кусачки боковые Expert 1000 В 160мм IEK,1.0,0.0,1.0,1.0,1.0,Средняя,база спроса ≈1 шт/мес (история 3 мес.); прогноз след. месяц ≈1 шт; остаток 1 + в пути 0,1.0
IEK,130200415_,Сумка монтажника с пластиковым дном BG-03 ARMA2L 5 IEK (1),2.0,0.0,1.5,1.0,1.33,Средняя,база спроса ≈2 шт/мес (история 4 мес.); прогноз след. месяц ≈2 шт; остаток 2 + в пути 0,1.0
IEK,130200440_,Лента с магнитом для мультиметров  MT10  ARMA2L 5 IEK (200) NEW,1.0,0.0,1.0,1.0,1.0,Средняя,база спроса ≈1 шт/мес (история 5 мес.); прогноз след. месяц ≈1 шт; остаток 1 + в пути 0,1.0
IEK,130300038_, ЗВИ  60 ПВХ (6-16мм ² 60А) 12 пар IEK (10),2.0,0.0,2.0,1.0,1.0,Средняя,база спроса ≈2 шт/мес (история 1 мес.); прогноз след. месяц ≈2 шт; остаток 2 + в пути 0,1.0
IEK,130300214_,ОПС1-В 3Р IEK (1) !!!,1.0,0.0,1.0,1.0,1.0,Средняя,база спроса ≈1 шт/мес (история 1 мес.); прогноз след. месяц ≈1 шт; остаток 1 + в пути 0,1.0
IEK,130300596_,Ножницы (секторные) для резки кабеля НС-300 (до 300мм) IEK,1.0,0.0,1.0,1.0,1.0,Средняя,база спроса ≈1 шт/мес (история 12 мес.); сезонность ×1.00; прогноз след. месяц ≈1 шт; остаток 1 + в пути 0,1.0
IEK,130300986_,"Амперметр Э47  600/5А кл. точн. 1,5 72х72 IEK (1/100)",5.0,0.0,3.5,1.0,1.43,Средняя,база спроса ≈3 шт/мес (история 18 мес.); сезонность ×1.00; рост спроса ×1.17; прогноз след. месяц ≈4 шт; остаток 5 + в пути 0,1.0
IEK,130301081_,Амперметр Э47 150/5А 96х96 IEK,2.0,0.0,2.0,1.0,1.0,Средняя,база спроса ≈2 шт/мес (история 3 мес.); прогноз след. месяц ≈2 шт; остаток 2 + в пути 0,1.0
IEK,130301099_,Ножницы (секторные) для резки кабеля  НС-765 (до 400мм) IEK ,1.0,0.0,1.0,1.0,1.0,Средняя,база спроса ≈1 шт/мес (история 13 мес.); сезонность ×1.00; прогноз след. месяц ≈1 шт; остаток 1 + в пути 0,1.0
IEK,130301261_,Устройство АВР модульное АВР-2 LITE 63А KARAT IEK,2.0,0.0,2.0,1.0,1.0,Средняя,база спроса ≈2 шт/мес (история 1 мес.); прогноз след. месяц ≈2 шт; остаток 2 + в пути 0,1.0
IEK,130500012_, Сальник PG 29 (18-24мм) IEK (20),1.0,0.0,1.0,1.0,1.0,Средняя,база спроса ≈1 шт/мес (история 1 мес.); прогноз след. месяц ≈1 шт; остаток 1 + в пути 0,1.0
IEK,130600075_,"Тепловое реле РТИ-1301 (0,1-0,16 А)  IEK !!!",1.0,0.0,1.0,1.0,1.0,Средняя,база спроса ≈1 шт/мес (история 1 мес.); прогноз след. месяц ≈1 шт; остаток 1 + в пути 0,1.0
IEK,130600077_,"Тепловое реле РТИ-1303 (0,25-0,4А) IEK !!!",1.0,0.0,1.0,1.0,1.0,Средняя,база спроса ≈1 шт/мес (история 5 мес.); прогноз след. месяц ≈1 шт; остаток 1 + в пути 0,1.0
IEK,130600123_,Реле времени ORT 2 конт. 2 уст. 230В AC IEK ORT-2T-AC230V NEW,1.0,0.0,1.0,1.0,1.0,Средняя,база спроса ≈1 шт/мес (история 1 мес.); прогноз след. месяц ≈1 шт; остаток 1 + в пути 0,1.0
IEK,130600125_,Реле времени ORT многофункц. 1 конт. 230В AC IEK ORT-M1-AC230V NEW,1.0,0.0,1.0,1.0,1.0,Средняя,база спроса ≈1 шт/мес (история 6 мес.); прогноз след. месяц ≈1 шт; остаток 1 + в пути 0,1.0
IEK,130600150_,Реле промежут. OIR 3 конт. 16А 230В AC IEK OIR-316-AC230V NEW,1.0,0.0,1.0,1.0,1.0,Средняя,база спроса ≈1 шт/мес (история 2 мес.); прогноз след. месяц ≈1 шт; остаток 1 + в пути 0,1.0
IEK,130600203_,Реле уровня ORL 24-240В AC/DC IEK ORL-01-ACDC24-240V NEW,2.0,0.0,1.5,1.0,1.33,Средняя,база спроса ≈2 шт/мес (история 2 мес.); прогноз след. месяц ≈2 шт; остаток 2 + в пути 0,1.0
IEK,130600216_,Реле промежут. OIR 3 конт. 16А 24В AC/DC IEK OIR-316-ACDC24V NEW,1.0,0.0,1.0,1.0,1.0,Средняя,база спроса ≈1 шт/мес (история 1 мес.); прогноз след. месяц ≈1 шт; остаток 1 + в пути 0,1.0
IEK,130600217_,Реле промежут. OIR 2 конт. 8А 230В AC IEK OIR-208-AC230V NEW,1.0,0.0,1.0,1.0,1.0,Средняя,база спроса ≈1 шт/мес (история 3 мес.); прогноз след. месяц ≈1 шт; остаток 1 + в пути 0,1.0
IEK,130600223_,Реле фаз ORF-08D 3ф. 2 конт. 220-460В AC ONI ORF-08D-220-460VAC NEW,1.0,0.0,1.0,1.0,1.0,Средняя,база спроса ≈1 шт/мес (история 2 мес.); прогноз след. месяц ≈1 шт; остаток 1 + в пути 0,1.0
IEK,130600224_,Реле фаз ORF-08D 3ф. 2 конт. 127-265В AC с контр. нейтр. ONI ORF-08D-127-265VAC NEW,1.0,0.0,1.0,1.0,1.0,Средняя,база спроса ≈1 шт/мес (история 1 мес.); прогноз след. месяц ≈1 шт; остаток 1 + в пути 0,1.0
IEK,130600229_,Реле задержки выключения ORT 1 конт. 12-240В AC/DC IEK  ORT-B1-ACDC12-240V NEW,1.0,0.0,1.0,1.0,1.0,Средняя,база спроса ≈1 шт/мес (история 2 мес.); прогноз след. месяц ≈1 шт; остаток 1 + в пути 0,1.0
IEK,130600230_,Реле задержки выключения ORT 1 конт. 230В AC IEK ORT-B1-AC230V NEW,1.0,0.0,1.0,1.0,1.0,Средняя,база спроса ≈1 шт/мес (история 2 мес.); прогноз след. месяц ≈1 шт; остаток 1 + в пути 0,1.0
IEK,130600232_,Реле задержки включения ORT 1 конт. 12-240В AC/DC IEK  ORT-A1-ACDC12-240V NEW,1.0,0.0,1.0,1.0,1.0,Средняя,база спроса ≈1 шт/мес (история 1 мес.); прогноз след. месяц ≈1 шт; остаток 1 + в пути 0,1.0
IEK,130600242_,УПП SFB 3Ф 380В 30кВт 60A Uупр 110-220В Modbus ONI SFB-33-30-A-10 NEW,1.0,0.0,1.0,1.0,1.0,Средняя,база спроса ≈1 шт/мес (история 2 мес.); прогноз след. месяц ≈1 шт; остаток 1 + в пути 0,1.0
IEK,130600244_,УПП SFB 3Ф 380В 22кВт 45A Uупр 110-220В ONI SFB-33-22-A-00 NEW,1.0,0.0,1.0,1.0,1.0,Средняя,база спроса ≈1 шт/мес (история 1 мес.); прогноз след. месяц ≈1 шт; остаток 1 + в пути 0,1.0
IEK,130600245_,УПП SFB 3Ф 380В 18кВт 37A Uупр 110-220В Modbus ONI SFB-33-18-A-10 NEW,1.0,0.0,1.0,1.0,1.0,Средняя,база спроса ≈1 шт/мес (история 1 мес.); прогноз след. месяц ≈1 шт; остаток 1 + в пути 0,1.0
IEK,130600248_,УПП SFB 3Ф 380В 11кВт 22A Uупр 110-220В ONI SFB-33-11-A-00 NEW,1.0,0.0,1.0,1.0,1.0,Средняя,база спроса ≈1 шт/мес (история 2 мес.); прогноз след. месяц ≈1 шт; остаток 1 + в пути 0,1.0
IEK,130600254_,"Преобраз. частоты A150 380В 3Ф  5,5кВт 13А встр. торм ONI A150-33-55NT NEW(6) NEW",1.0,0.0,1.0,1.0,1.0,Средняя,база спроса ≈1 шт/мес (история 10 мес.); прогноз след. месяц ≈1 шт; остаток 1 + в пути 0,1.0
IEK,130600255_,"Преобраз. частоты A150 380В 3Ф  3,7кВт 10А встр. торм ONI A150-33-37NT NEW(12) NEW",4.0,0.0,2.7,1.0,1.48,Средняя,база спроса ≈2 шт/мес (история 12 мес.); сезонность ×1.50; снижение спроса ×0.90; прогноз след. месяц ≈3 шт; остаток 4 + в пути 0,1.0
IEK,130600257_,Преобраз. частоты A150 380В 3Ф 15кВт 32А встр. торм ONI A150-33-15T NEW (4) NEW,1.0,0.0,1.0,1.0,1.0,Средняя,база спроса ≈1 шт/мес (история 2 мес.); прогноз след. месяц ≈1 шт; остаток 1 + в пути 0,1.0
IEK,130600272_,Логическое реле PLR-S. USB кабель серии ONI PLR-S-CABLE-USB NEW,1.0,0.0,1.0,1.0,1.0,Средняя,база спроса ≈1 шт/мес (история 3 мес.); прогноз след. месяц ≈1 шт; остаток 1 + в пути 0,1.0
IEK,150100863_, ТУТ 50/25 черная IEK (25),1.0,0.0,1.0,1.0,1.0,Средняя,база спроса ≈1 шт/мес (история 1 мес.); прогноз след. месяц ≈1 шт; остаток 1 + в пути 0,1.0
IEK,150100953_, ТУТ 16/8 желтая IEK (100),1.0,0.0,1.0,1.0,1.0,Средняя,база спроса ≈1 шт/мес (история 3 мес.); прогноз след. месяц ≈1 шт; остаток 1 + в пути 0,1.0
IEK,150100959_, ТУТ 40/20  черная IEK (50),1.0,0.0,1.0,1.0,1.0,Средняя,база спроса ≈1 шт/мес (история 1 мес.); прогноз след. месяц ≈1 шт; остаток 1 + в пути 0,1.0
IEK,150101008_, ТУТ 16/8 зеленая IEK (100),1.0,0.0,1.0,1.0,1.0,Средняя,база спроса ≈1 шт/мес (история 3 мес.); прогноз след. месяц ≈1 шт; остаток 1 + в пути 0,1.0
IEK,150101181_,Светильник уличный LED 5111 наст. 6Вт 4000К IP65 серый IEK,11.0,0.0,7.6,1.0,1.45,Средняя,база спроса ≈4 шт/мес (история 10 мес.); рост спроса ×1.70; прогноз след. месяц ≈8 шт; остаток 11 + в пути 0,1.0
IEK,151000083_,НПП 1402-60  бел/овал с реш. IP54 IEK(12) !!!,19.0,0.0,13.0,1.0,1.46,Средняя,база спроса ≈13 шт/мес (история 4 мес.); прогноз след. месяц ≈13 шт; остаток 19 + в пути 0,1.0
IEK,151000553_,Отвертка крест.Master Ph3х150мм IEK (6),1.0,0.0,1.0,1.0,1.0,Средняя,база спроса ≈1 шт/мес (история 1 мес.); прогноз след. месяц ≈1 шт; остаток 1 + в пути 0,1.0
IEK,151000555_,Отвертка Master 6х125мм IEK (12) ,2.0,0.0,2.0,1.0,1.0,Средняя,база спроса ≈2 шт/мес (история 5 мес.); прогноз след. месяц ≈2 шт; остаток 2 + в пути 0,1.0
IEK,151000556_,Отвертка Master 6х150мм IEK (12) ,1.0,0.0,1.0,1.0,1.0,Средняя,база спроса ≈1 шт/мес (история 1 мес.); прогноз след. месяц ≈1 шт; остаток 1 + в пути 0,1.0
IEK,151000732_,Отвертка крест.Master Ph0х75мм IEK (6) ,2.0,0.0,2.0,1.0,1.0,Средняя,база спроса ≈2 шт/мес (история 2 мес.); прогноз след. месяц ≈2 шт; остаток 2 + в пути 0,1.0
IEK,151000733_,Отвертка крест.Master Ph2 х 38мм IEK (6) ,1.0,0.0,1.0,1.0,1.0,Средняя,база спроса ≈1 шт/мес (история 3 мес.); прогноз след. месяц ≈1 шт; остаток 1 + в пути 0,1.0
IEK,151300042_,"LED A60 ""Шар"" 11w 230v 6500К E27 IEK",2.0,0.0,2.0,1.0,1.0,Средняя,база спроса ≈2 шт/мес (история 1 мес.); прогноз след. месяц ≈2 шт; остаток 2 + в пути 0,1.0
IEK,200400259_,Инструмент обжим. RJ-45/12 с храп. мех. верт. обжим ITK ,1.0,0.0,0.8,1.0,1.25,Средняя,база спроса ≈1 шт/мес (история 10 мес.); снижение спроса ×0.75; прогноз след. месяц ≈1 шт; остаток 1 + в пути 0,1.0
IEK,201000017_,"Преобраз. частоты CONTROL-A310 380В 3Ф  15-18,5кВт 32-37A IEK NEW",1.0,0.0,1.0,1.0,1.0,Средняя,база спроса ≈1 шт/мес (история 2 мес.); прогноз след. месяц ≈1 шт; остаток 1 + в пути 0,1.0
IEK,201000018_,Преобраз. частоты CONTROL-A310 380В 3Ф 132-160кВт 253-300А IEK (1) NEW,1.0,0.0,1.0,1.0,1.0,Средняя,база спроса ≈1 шт/мес (история 1 мес.); прогноз след. месяц ≈1 шт; остаток 1 + в пути 0,1.0
IEK,201000020_,Преобраз. частоты CONTROL-A310 380В 3Ф  37-45кВт 75-90А IEK (1) NEW,1.0,0.0,1.0,1.0,1.0,Средняя,база спроса ≈1 шт/мес (история 4 мес.); продажи скорректированы вверх из-за дефицита на складе; прогноз след. месяц ≈1 шт; остаток 1 + в пути 0,1.0
IEK,240100016_,Площадка (самоклеющаяся) 25х25 IEK (100),1.0,0.0,1.0,1.0,1.0,Средняя,база спроса ≈1 шт/мес (история 1 мес.); прогноз след. месяц ≈1 шт; остаток 1 + в пути 0,1.0
IEK,240100020_,Площадка (самоклеющаяся) 30х30 IEK (100),1.0,0.0,1.0,1.0,1.0,Средняя,база спроса ≈1 шт/мес (история 4 мес.); продажи скорректированы вверх из-за дефицита на складе; прогноз след. месяц ≈1 шт; остаток 1 + в пути 0,1.0
IEK,240200003_,Круглая скоба  6мм IEK (100),1.0,0.0,0.8,1.0,1.25,Средняя,база спроса ≈2 шт/мес (история 9 мес.); снижение спроса ×0.50; прогноз след. месяц ≈1 шт; остаток 1 + в пути 0,1.0
IEK,240300013_,"Маркер МК1-2,5мм символ ""0"" 1000шт\ролл IEK",1.0,0.0,1.0,1.0,1.0,Средняя,база спроса ≈1 шт/мес (история 12 мес.); сезонность ×1.00; прогноз след. месяц ≈1 шт; остаток 1 + в пути 0,1.0
IEK,240300019_,"Маркер МК1-2,5мм символ ""6"" 1000шт\ролл IEK",1.0,0.0,1.0,1.0,1.0,Средняя,база спроса ≈1 шт/мес (история 8 мес.); продажи скорректированы вверх из-за дефицита на складе; прогноз след. месяц ≈1 шт; остаток 1 + в пути 0,1.0
IEK,250200005_,ЩЭ 4 (1000х960х155) IP31 IEK,5.0,0.0,4.0,1.0,1.25,Средняя,база спроса ≈4 шт/мес (история 3 мес.); прогноз след. месяц ≈4 шт; остаток 5 + в пути 0,1.0
IEK,250200106_,ЩЭ 2 (1000х960х155) IP31 IEK *,2.0,0.0,2.0,1.0,1.0,Средняя,база спроса ≈2 шт/мес (история 1 мес.); прогноз след. месяц ≈2 шт; остаток 2 + в пути 0,1.0
IEK,250600039_,ЩУРн-П 3/10 IP55 (345х270х105) IEK,2.0,0.0,2.0,1.0,1.0,Средняя,база спроса ≈2 шт/мес (история 9 мес.); прогноз след. месяц ≈2 шт; остаток 2 + в пути 0,1.0
IEK,250600058_,ЩМП-6 IP65 GARANT (1200х650х275) IEK,1.0,0.0,0.8,1.0,1.25,Средняя,база спроса ≈1 шт/мес (история 8 мес.); снижение спроса ×0.75; прогноз след. месяц ≈1 шт; остаток 1 + в пути 0,1.0
IEK,250600063_,ЩМП-3 IP 31 (650х500х150) LIGHT IEK !,1.0,0.0,1.0,1.0,1.0,Средняя,база спроса ≈1 шт/мес (история 4 мес.); прогноз след. месяц ≈1 шт; остаток 1 + в пути 0,1.0
IEK,250600115_,ЩРН-П  6 PRIME IEK (20) !!!,1.0,0.0,1.0,1.0,1.0,Средняя,база спроса ≈1 шт/мес (история 5 мес.); прогноз след. месяц ≈1 шт; остаток 1 + в пути 0,1.0
IEK,250600244_,ЩРВ-П 12 черный прозрачная дв. IP41 IEK,2.0,0.0,1.5,1.0,1.33,Средняя,база спроса ≈2 шт/мес (история 2 мес.); прогноз след. месяц ≈2 шт; остаток 2 + в пути 0,1.0
IEK,250600250_,ЩРН-П 12 IEK черный прозрачная дв. IP41,2.0,0.0,2.0,1.0,1.0,Средняя,база спроса ≈1 шт/мес (история 7 мес.); рост спроса ×2.00; прогноз след. месяц ≈2 шт; остаток 2 + в пути 0,1.0
IEK,251000053_,ЩРВ  72 (540x600x120) IP30 TITAN 3 IEK   ,1.0,0.0,1.0,1.0,1.0,Средняя,база спроса ≈2 шт/мес (история 21 мес.); сезонность ×0.50; рост спроса ×1.03; прогноз след. месяц ≈1 шт; остаток 1 + в пути 0,1.0
IEK,251400035_,ЩРВ-П 12 бел. дверь IP41 TEKFOR IEK,2.0,0.0,1.9,1.0,1.05,Средняя,база спроса ≈2 шт/мес (история 9 мес.); рост спроса ×1.25; прогноз след. месяц ≈2 шт; остаток 2 + в пути 0,1.0
IEK,251400043_,ЩРН-П 36 черн. прозр. дверь IP41 TEKFOR IEK,10.0,0.0,6.9,1.0,1.45,Средняя,база спроса ≈4 шт/мес (история 20 мес.); сезонность ×1.50; рост спроса ×1.10; прогноз след. месяц ≈7 шт; остаток 10 + в пути 0,1.0
IEK,251400073_,ЩРН 216 (3х72мод) 960х830х140 IP54 TITAN 5 IEK,1.0,0.0,1.0,1.0,1.0,Средняя,база спроса ≈1 шт/мес (история 3 мес.); прогноз след. месяц ≈1 шт; остаток 1 + в пути 0,1.0
IEK,251400074_,ЩРВ  12 (1х12мод) 380х365х130 IP31 TITAN 5 IEK,1.0,0.0,1.0,1.0,1.0,Средняя,база спроса ≈1 шт/мес (история 1 мес.); прогноз след. месяц ≈1 шт; остаток 1 + в пути 0,1.0
IEK,251400081_,ЩРВ  48 (2х24мод) 505х625х130 IP31 TITAN 5 IEK,2.0,0.0,1.5,1.0,1.33,Средняя,база спроса ≈2 шт/мес (история 2 мес.); прогноз след. месяц ≈2 шт; остаток 2 + в пути 0,1.0
IEK,251400085_,ЩРВ 144 (2х72мод) 1005х625х130 IP31 TITAN 5 IEK,1.0,0.0,1.0,1.0,1.0,Средняя,база спроса ≈1 шт/мес (история 4 мес.); продажи скорректированы вверх из-за дефицита на складе; прогноз след. месяц ≈1 шт; остаток 1 + в пути 0,1.0
IEK,251400087_,ЩРВ 108 (3х36мод) 630х885х130 IP31 TITAN 5 IEK,2.0,0.0,1.5,1.0,1.33,Средняя,база спроса ≈2 шт/мес (история 2 мес.); прогноз след. месяц ≈2 шт; остаток 2 + в пути 0,1.0
IEK,251400088_,ЩРВ 144 (3х48мод) 755х885х130 IP31 TITAN 5 IEK,1.0,0.0,1.0,1.0,1.0,Средняя,база спроса ≈1 шт/мес (история 2 мес.); прогноз след. месяц ≈1 шт; остаток 1 + в пути 0,1.0
IEK,251400089_,ЩРВ 180 (3х60мод) 880х885х130 IP31 TITAN 5 IEK,1.0,0.0,1.0,1.0,1.0,Средняя,база спроса ≈1 шт/мес (история 1 мес.); прогноз след. месяц ≈1 шт; остаток 1 + в пути 0,1.0
IEK,251400090_,ЩРВ 216 (3х72мод) 1005х885х130 IP31 TITAN 5 IEK,1.0,0.0,1.0,1.0,1.0,Средняя,база спроса ≈1 шт/мес (история 3 мес.); прогноз след. месяц ≈1 шт; остаток 1 + в пути 0,1.0
IEK,251400094_,ЩМП  300х400х150 IP66  TITAN 5 IEK,1.0,0.0,1.0,1.0,1.0,Средняя,база спроса ≈1 шт/мес (история 1 мес.); прогноз след. месяц ≈1 шт; остаток 1 + в пути 0,1.0
IEK,251400100_,ЩМП  400х600х150 IP66  TITAN 5 IEK,1.0,0.0,1.0,1.0,1.0,Средняя,база спроса ≈1 шт/мес (история 3 мес.); прогноз след. месяц ≈1 шт; остаток 1 + в пути 0,1.0
IEK,251400101_,ЩМП  400х600х200 IP66  TITAN 5 IEK,1.0,0.0,1.0,1.0,1.0,Средняя,база спроса ≈1 шт/мес (история 2 мес.); прогноз след. месяц ≈1 шт; остаток 1 + в пути 0,1.0
IEK,251400103_,ЩМП  500х300х150 IP66  TITAN 5 IEK,2.0,0.0,2.0,1.0,1.0,Средняя,база спроса ≈2 шт/мес (история 2 мес.); прогноз след. месяц ≈2 шт; остаток 2 + в пути 0,1.0
IEK,251400105_,ЩМП  500х400х150 IP66  TITAN 5 IEK,1.0,0.0,1.0,1.0,1.0,Средняя,база спроса ≈1 шт/мес (история 6 мес.); прогноз след. месяц ≈1 шт; остаток 1 + в пути 0,1.0
IEK,251400110_,ЩМП  500х600х300 IP66  TITAN 5 IEK,1.0,0.0,1.0,1.0,1.0,Средняя,база спроса ≈1 шт/мес (история 1 мес.); прогноз след. месяц ≈1 шт; остаток 1 + в пути 0,1.0
IEK,251400123_,ЩМП  800х800х200 IP66  TITAN 5 IEK,1.0,0.0,1.0,1.0,1.0,Средняя,база спроса ≈1 шт/мес (история 5 мес.); продажи скорректированы вверх из-за дефицита на складе; прогноз след. месяц ≈1 шт; остаток 1 + в пути 0,1.0
IEK,251400125_,ЩМП  800х800х400 IP66  TITAN 5 IEK,2.0,0.0,2.0,1.0,1.0,Средняя,база спроса ≈2 шт/мес (история 1 мес.); прогноз след. месяц ≈2 шт; остаток 2 + в пути 0,1.0
IEK,251400126_,ЩМП 1000х600х200 IP66  TITAN 5 IEK,1.0,0.0,1.0,1.0,1.0,Средняя,база спроса ≈1 шт/мес (история 1 мес.); прогноз след. месяц ≈1 шт; остаток 1 + в пути 0,1.0
IEK,251400130_,ЩМП 1200х600х200 IP66  TITAN 5 IEK,1.0,0.0,1.0,1.0,1.0,Средняя,база спроса ≈1 шт/мес (история 4 мес.); прогноз след. месяц ≈1 шт; остаток 1 + в пути 0,1.0
IEK,251400135_,ЩМП 1400х600х300 IP66  TITAN 5 IEK,1.0,0.0,1.0,1.0,1.0,Средняя,база спроса ≈1 шт/мес (история 4 мес.); прогноз след. месяц ≈1 шт; остаток 1 + в пути 0,1.0
IEK,251400136_,ЩМП 1400х800х300 IP66  TITAN 5 IEK,2.0,0.0,1.7,1.0,1.18,Средняя,база спроса ≈1 шт/мес (история 6 мес.); рост спроса ×1.67; прогноз след. месяц ≈2 шт; остаток 2 + в пути 0,1.0
IEK,270200101_,Предохранитель ППНИ-33   (40А) IEK габарит 0 (72) !!!,1.0,0.0,1.0,1.0,1.0,Средняя,база спроса ≈1 шт/мес (история 1 мес.); прогноз след. месяц ≈1 шт; остаток 1 + в пути 0,1.0
IEK,270300007_, Ящик  ЯТП(укп) 380/36 IEK (1),1.0,0.0,1.0,1.0,1.0,Средняя,база спроса ≈1 шт/мес (история 5 мес.); продажи скорректированы вверх из-за дефицита на складе; прогноз след. месяц ≈1 шт; остаток 1 + в пути 0,1.0
IEK,270300098_,"Трансформатор тока ТТИ-А   75/5А  5ВА  класс 0,5  IEK",4.0,0.0,3.0,1.0,1.33,Средняя,база спроса ≈3 шт/мес (история 5 мес.); прогноз след. месяц ≈3 шт; остаток 4 + в пути 0,1.0
IEK,270300132_,"Трансформатор тока ТТИ-А  250/5А  5ВА  класс 0,5  IEK",16.0,0.0,10.8,1.0,1.48,Средняя,база спроса ≈4 шт/мес (история 25 мес.); сезонность ×2.67; рост спроса ×1.08; прогноз след. месяц ≈11 шт; остаток 16 + в пути 0,1.0
IEK,270300221_,Обогреватель на DIN-рейку (встр. вентилятор) 250Вт IP20 IEK (10) NEW,1.0,0.0,1.0,1.0,1.0,Средняя,база спроса ≈1 шт/мес (история 5 мес.); прогноз след. месяц ≈1 шт; остаток 1 + в пути 0,1.0
IEK,270300222_,Обогреватель на DIN-рейку в корпусе 150Вт IP20 IEK (40) NEW,1.0,0.0,1.0,1.0,1.0,Средняя,база спроса ≈1 шт/мес (история 2 мес.); прогноз след. месяц ≈1 шт; остаток 1 + в пути 0,1.0
IEK,270300251_,Ящик  ЯТП(укп) 230/24 IP54 IEK (1),1.0,0.0,1.0,1.0,1.0,Средняя,база спроса ≈1 шт/мес (история 3 мес.); прогноз след. месяц ≈1 шт; остаток 1 + в пути 0,1.0
IEK,270300260_,Обогреватель на DIN-рейку (встр. вентилятор) 100 Вт IP20 IEK (20) NEW(20) NEW,2.0,0.0,1.5,1.0,1.33,Средняя,база спроса ≈2 шт/мес (история 7 мес.); прогноз след. месяц ≈2 шт; остаток 2 + в пути 0,1.0
IEK,270300269_,Обогреватель на DIN-рейку в корп.(встр.вент.) 400Вт IP20 IEK (20) NEW,1.0,0.0,1.0,1.0,1.0,Средняя,база спроса ≈1 шт/мес (история 2 мес.); прогноз след. месяц ≈1 шт; остаток 1 + в пути 0,1.0
IEK,270300275_,Мини-обогреватель шкафной 10Вт IP54 IEK (100) NEW,1.0,0.0,1.0,1.0,1.0,Средняя,база спроса ≈1 шт/мес (история 1 мес.); прогноз след. месяц ≈1 шт; остаток 1 + в пути 0,1.0
IEK,270300277_,Обогреватель на DIN-рейку ОДР (вент.+терм.) 800Вт IP20 IEK (12) NEW,2.0,0.0,2.0,1.0,1.0,Средняя,база спроса ≈2 шт/мес (история 1 мес.); прогноз след. месяц ≈2 шт; остаток 2 + в пути 0,1.0
IEK,270300304_,Термостат УККт от -20 до +60°C NO/NC IEK (100) NEW,2.0,0.0,1.5,1.0,1.33,Средняя,база спроса ≈2 шт/мес (история 7 мес.); снижение спроса ×0.75; прогноз след. месяц ≈2 шт; остаток 2 + в пути 0,1.0
IEK,280100348_,Угол внешний КМН 40х25 дуб ЭЛЕКОР IEK (4шт/компл),2.0,0.0,2.0,1.0,1.0,Средняя,база спроса ≈2 шт/мес (история 1 мес.); прогноз след. месяц ≈2 шт; остаток 2 + в пути 0,1.0
IEK,280100354_,Заглушка КМЗ 25х16 дуб ЭЛЕКОР IEK (4шт/компл)  ,2.0,0.0,2.0,1.0,1.0,Средняя,база спроса ≈2 шт/мес (история 1 мес.); прогноз след. месяц ≈2 шт; остаток 2 + в пути 0,1.0
IEK,280100446_,Поворот 90град КМП 60х40 черный ЭЛЕКОР IEK (4шт/компл) ,2.0,0.0,2.0,1.0,1.0,Средняя,база спроса ≈2 шт/мес (история 3 мес.); прогноз след. месяц ≈2 шт; остаток 2 + в пути 0,1.0
IEK,280100454_,Соединитель на стык КМС 100х60 черный ЭЛЕКОР IEK (2шт/компл),1.0,0.0,1.0,1.0,1.0,Средняя,база спроса ≈1 шт/мес (история 1 мес.); прогноз след. месяц ≈1 шт; остаток 1 + в пути 0,1.0
IEK,280100461_,Угол Т-образный КМТ 100х60 черный ЭЛЕКОР IEK (2шт/компл) ,1.0,0.0,1.0,1.0,1.0,Средняя,база спроса ≈1 шт/мес (история 1 мес.); прогноз след. месяц ≈1 шт; остаток 1 + в пути 0,1.0
IEK,280300021_,Разветвитель Т-образный  50х100 IEK,24.0,0.0,16.2,1.0,1.48,Средняя,база спроса ≈6 шт/мес (история 26 мес.); сезонность ×2.45; рост спроса ×1.09; исключено разовых крупных заказов: 1; прогноз след. месяц ≈16 шт; остаток 24 + в пути 0,1.0
IEK,280300040_,Поворот 90º вертикальный внешний  50х200 IEK,4.0,0.0,2.9,1.0,1.38,Средняя,база спроса ≈3 шт/мес (история 14 мес.); сезонность ×1.00; снижение спроса ×0.95; прогноз след. месяц ≈3 шт; остаток 4 + в пути 0,1.0
IEK,280300055_,Поворот 90º вертикальный внутренний  50х50 IEK,1.0,0.0,1.0,1.0,1.0,Средняя,база спроса ≈1 шт/мес (история 1 мес.); прогноз след. месяц ≈1 шт; остаток 1 + в пути 0,1.0
IEK,280300056_,Поворот 90º вертикальный внутренний  50х100 IEK,2.0,0.0,1.5,1.0,1.33,Средняя,база спроса ≈2 шт/мес (история 20 мес.); сезонность ×0.67; снижение спроса ×0.90; исключено разовых крупных заказов: 1; прогноз след. месяц ≈2 шт; остаток 2 + в пути 0,1.0
IEK,280300081_,Разветвитель Т-образный 100х200 IEK,2.0,0.0,2.0,1.0,1.0,Средняя,база спроса ≈2 шт/мес (история 1 мес.); прогноз след. месяц ≈2 шт; остаток 2 + в пути 0,1.0
IEK,280300235_,I31 Выкл 2кл о/у серый IP54 ФОРС IEK ВС20-2-0-ФСр (10/100) ,3.0,0.0,2.3,1.0,1.3,Средняя,база спроса ≈5 шт/мес (история 18 мес.); сезонность ×0.40; рост спроса ×1.14; продажи скорректированы вверх из-за дефицита на складе; прогноз след. месяц ≈2 шт; остаток 3 + в пути 0,1.0
IEK,280300273_,Заглушка H80*150 IEK !!!,2.0,0.0,2.0,1.0,1.0,Средняя,база спроса ≈2 шт/мес (история 1 мес.); прогноз след. месяц ≈2 шт; остаток 2 + в пути 0,1.0
IEK,280301024_,Комплект заземления 9/20 б/м оц. сталь HDZ IEK,2.0,0.0,1.5,1.0,1.33,Средняя,база спроса ≈2 шт/мес (история 2 мес.); прогноз след. месяц ≈2 шт; остаток 2 + в пути 0,1.0
IEK,290100013_,У04К-выкл (4места  .3метра ) IEK,1.0,0.0,1.0,1.0,1.0,Средняя,база спроса ≈2 шт/мес (история 9 мес.); снижение спроса ×0.50; прогноз след. месяц ≈1 шт; остаток 1 + в пути 0,1.0
IEK,290100036_,ВА 88-33 (3ф)  32А IEK (1/16)*,1.0,0.0,1.0,1.0,1.0,Средняя,база спроса ≈1 шт/мес (история 3 мес.); прогноз след. месяц ≈1 шт; остаток 1 + в пути 0,1.0
IEK,290200008_,УК30 Катушка (30м) IEK,6.0,0.0,4.5,1.0,1.33,Средняя,база спроса ≈2 шт/мес (история 26 мес.); сезонность ×1.29; рост спроса ×2.00; исключено разовых крупных заказов: 1; прогноз след. месяц ≈4 шт; остаток 6 + в пути 0,1.0
IEK,290200068_,"Катушка УК20 с т/з 4 места 2P+PE/20метров 3х1,5мм2 IP44 ""Industrial plus""",2.0,0.0,2.0,1.0,1.0,Средняя,база спроса ≈2 шт/мес (история 1 мес.); прогноз след. месяц ≈2 шт; остаток 2 + в пути 0,1.0
IEK,290200126_,"Катушка УК15 1мест. 2P+PE/15м+2м 3х1,5мм2 автосм.TWIST IEK",3.0,0.0,2.4,1.0,1.25,Средняя,база спроса ≈2 шт/мес (история 9 мес.); рост спроса ×1.60; прогноз след. месяц ≈2 шт; остаток 3 + в пути 0,1.0
IEK,290200131_,"Катушка УК20 4мест. 2P+PE/20м 3х1,5мм2 автосм. TWIST IEK",1.0,0.0,0.8,1.0,1.25,Средняя,база спроса ≈2 шт/мес (история 10 мес.); снижение спроса ×0.50; прогноз след. месяц ≈1 шт; остаток 1 + в пути 0,1.0
IEK,311101218_,Аккумулятор GREEN Ni-MH  AAA 1100мАч (4шт/блистер) IEK,1.0,0.0,1.0,1.0,1.0,Средняя,база спроса ≈1 шт/мес (история 4 мес.); продажи скорректированы вверх из-за дефицита на складе; прогноз след. месяц ≈1 шт; остаток 1 + в пути 0,1.0
IEK,AR-KMR10-040-40-230,ARMAT Контактор модульный KMR 40А 230В AC 4НО IEK,1.0,0.0,1.0,1.0,1.0,Средняя,база спроса ≈1 шт/мес (история 3 мес.); прогноз след. месяц ≈1 шт; остаток 1 + в пути 0,1.0
IEK,AR-KMR10-063-22-230,ARMAT Контактор модульный KMR 63А 230В AC 2НО 2НЗ IEK,2.0,0.0,2.0,1.0,1.0,Средняя,база спроса ≈2 шт/мес (история 1 мес.); прогноз след. месяц ≈2 шт; остаток 2 + в пути 0,1.0
IEK,AR-KMR10-063-40-230,ARMAT Контактор модульный KMR 63А 230В AC 4НО IEK,1.0,0.0,1.0,1.0,1.0,Средняя,база спроса ≈1 шт/мес (история 1 мес.); прогноз след. месяц ≈1 шт; остаток 1 + в пути 0,1.0
IEK,AR-M06N-4-C032,ARMAT Автоматический выключатель M06N 4P C 32А IEK,1.0,0.0,1.0,1.0,1.0,Средняя,база спроса ≈1 шт/мес (история 1 мес.); прогноз след. месяц ≈1 шт; остаток 1 + в пути 0,1.0
IEK,BR-R16-16-44-K02_,BRITE Розетка 1-местная с заземлением с защитными шторками и крышкой 16А IP44 РСбш10-3-44-БрЧ черный,4.0,0.0,3.0,1.0,1.33,Средняя,база спроса ≈3 шт/мес (история 2 мес.); прогноз след. месяц ≈3 шт; остаток 4 + в пути 0,1.0
IEK,BR-RT11-K10,BRITE Термостат электронный с инд. ТС10-1-БрКр беж. IEK,3.0,0.0,2.5,1.0,1.2,Средняя,база спроса ≈2 шт/мес (история 4 мес.); прогноз след. месяц ≈2 шт; остаток 3 + в пути 0,1.0
IEK,BR-U21-D31-K37,"BRITE Розетка USB A+A 5В 3,1А РЮ10-1-БрШ шампань IEK",2.0,0.0,2.0,1.0,1.0,Средняя,база спроса ≈2 шт/мес (история 3 мес.); прогноз след. месяц ≈2 шт; остаток 2 + в пути 0,1.0
IEK,MDV11-2-025-030,Выключатель дифференциальный (УЗО) ВД1-63 2Р 25А 30мА тип А IEK,1.0,0.0,1.0,1.0,1.0,Средняя,база спроса ≈1 шт/мес (история 1 мес.); прогноз след. месяц ≈1 шт; остаток 1 + в пути 0,1.0
IEK,MNV10-3-125,Выкл. нагрузки ВН-32 (3ф) 125А IEK (4/80),1.0,0.0,1.0,1.0,1.0,Средняя,база спроса ≈1 шт/мес (история 3 мес.); прогноз след. месяц ≈1 шт; остаток 1 + в пути 0,1.0
IEK,MPR10-1-050,Выключатель-разъединитель трехпозиционный ВРТ-63 1P 50А IEK,1.0,0.0,1.0,1.0,1.0,Средняя,база спроса ≈1 шт/мес (история 1 мес.); прогноз след. месяц ≈1 шт; остаток 1 + в пути 0,1.0
IEK,MPR10-4-050,Выключатель-разъединитель трехпозиционный ВРТ-63 4P 50А IEK,1.0,0.0,1.0,1.0,1.0,Средняя,база спроса ≈1 шт/мес (история 2 мес.); прогноз след. месяц ≈1 шт; остаток 1 + в пути 0,1.0
IEK,ORL-02-ACDC24-240V,Реле контроля уровня ORL-02 24-240В AC/DC IEK !!!,2.0,0.0,2.0,1.0,1.0,Средняя,база спроса ≈2 шт/мес (история 1 мес.); прогноз след. месяц ≈2 шт; остаток 2 + в пути 0,1.0
IEK,Р654654528,Контактор  КТИ 52253 реверс 225А 220В IEK !!!,1.0,0.0,1.0,1.0,1.0,Средняя,база спроса ≈1 шт/мес (история 1 мес.); прогноз след. месяц ≈1 шт; остаток 1 + в пути 0,1.0
IEK,ЩУРн-3/18,Корпус металлический ЩУРн-3/18  ИЭК  IP31,2.0,0.0,2.0,1.0,1.0,Средняя,база спроса ≈2 шт/мес (история 1 мес.); прогноз след. месяц ≈2 шт; остаток 2 + в пути 0,1.0
IEK,нов3393,Контактор  КТИ 51853 185А 220В (реверс) IEK (4) !!!,1.0,0.0,1.0,1.0,1.0,Средняя,база спроса ≈1 шт/мес (история 1 мес.); прогноз след. месяц ≈1 шт; остаток 1 + в пути 0,1.0
IEK,ст-9949234, УЗО ВД1-63 (4ф) 100А 30мА IEK  (24),14.0,0.0,10.0,1.0,1.4,Средняя,база спроса ≈10 шт/мес (история 1 мес.); прогноз след. месяц ≈10 шт; остаток 14 + в пути 0,1.0
IEK,ст-9950184, BA 47-100 (4ф) 100А 10кА х-ка С IEK !!!,1.0,0.0,1.0,1.0,1.0,Средняя,база спроса ≈1 шт/мес (история 3 мес.); прогноз след. месяц ≈1 шт; остаток 1 + в пути 0,1.0
IEK,ст-9951480, Контактор КМИп-10910 09А 24В/АС3 1НО IEK !!!,1.0,0.0,1.0,1.0,1.0,Средняя,база спроса ≈1 шт/мес (история 1 мес.); прогноз след. месяц ≈1 шт; остаток 1 + в пути 0,1.0
IEK,ст-9952041,Разъем PPM77/3 для РЭК77/3 модульный IEK !!!,2.0,0.0,2.0,1.0,1.0,Средняя,база спроса ≈2 шт/мес (история 1 мес.); прогноз след. месяц ≈2 шт; остаток 2 + в пути 0,1.0
IEK,ст-9952644,Стойка настенная СНП100  IEK !,8.0,0.0,6.0,1.0,1.33,Средняя,база спроса ≈6 шт/мес (история 2 мес.); прогноз след. месяц ≈6 шт; остаток 8 + в пути 0,1.0
IEK,ст-9953405,Тепловое реле РТИ-5375 (120-150А) IEK (100),1.0,0.0,1.0,1.0,1.0,Средняя,база спроса ≈1 шт/мес (история 1 мес.); прогноз след. месяц ≈1 шт; остаток 1 + в пути 0,1.0
IEK,щт-0001653,Цоколь ВРУ хх.80.45 IP54 TITAN IEK,1.0,0.0,1.0,1.0,1.0,Средняя,база спроса ≈1 шт/мес (история 1 мес.); прогноз след. месяц ≈1 шт; остаток 1 + в пути 0,1.0
IEK,щт00222756,ВА 44-33 (3ф)  25А IEK (20) !!!,2.0,0.0,2.0,1.0,1.0,Средняя,база спроса ≈2 шт/мес (история 1 мес.); прогноз след. месяц ≈2 шт; остаток 2 + в пути 0,1.0
IEK,щщщ0116826, BA 47-60M (3ф) 16А 6кА C IEK !!!,2.0,0.0,2.0,1.0,1.0,Средняя,база спроса ≈2 шт/мес (история 1 мес.); прогноз след. месяц ≈2 шт; остаток 2 + в пути 0,1.0
IEK,ярп40219,ВА 88-32 (3ф)  32А 690В MASTER IEK!!!,2.0,0.0,2.0,1.0,1.0,Средняя,база спроса ≈2 шт/мес (история 2 мес.); прогноз след. месяц ≈2 шт; остаток 2 + в пути 0,1.0
IEK,ярп40222,ВА 88-32 (3ф)  63А  690В MASTER IEK!!!,3.0,0.0,2.5,1.0,1.2,Средняя,база спроса ≈2 шт/мес (история 4 мес.); прогноз след. месяц ≈2 шт; остаток 3 + в пути 0,1.0
IEK,ярп40227,ВА 88-35 (3ф) 200А 690В MASTER IEK,2.0,0.0,2.0,1.0,1.0,Средняя,база спроса ≈2 шт/мес (история 1 мес.); прогноз след. месяц ≈2 шт; остаток 2 + в пути 0,1.0
IEK,ярп40240,ЩРН-П 18 IEK черный IP41,1.0,0.0,1.0,1.0,1.0,Средняя,база спроса ≈1 шт/мес (история 1 мес.); прогноз след. месяц ≈1 шт; остаток 1 + в пути 0,1.0
IEK,ярп40242,ЩРН-П 36 IEK черный IP41,1.0,0.0,1.0,1.0,1.0,Средняя,база спроса ≈1 шт/мес (история 2 мес.); прогноз след. месяц ≈1 шт; остаток 1 + в пути 0,1.0
IEK,ярп40246,ЩРВ-П 12 IEK черный IP41,2.0,0.0,2.0,1.0,1.0,Средняя,база спроса ≈2 шт/мес (история 1 мес.); прогноз след. месяц ≈2 шт; остаток 2 + в пути 0,1.0
IEK,ярп40267,LED ДБА ОСНОВАНИЕ без пиктограммы (белый) 220В 301х101х20 IP52 IEK !,2.0,0.0,2.0,1.0,1.0,Средняя,база спроса ≈2 шт/мес (история 5 мес.); прогноз след. месяц ≈2 шт; остаток 2 + в пути 0,1.0
IEK,ярп6060,Тепловое реле РТИ-5371 (90-120А) IEK !!!,2.0,0.0,2.0,1.0,1.0,Средняя,база спроса ≈2 шт/мес (история 1 мес.); прогноз след. месяц ≈2 шт; остаток 2 + в пути 0,1.0
IEK,ярп6181, BA 47-60M (2ф) 25А 6кА С IEK !!!,2.0,0.0,1.5,1.0,1.33,Средняя,база спроса ≈2 шт/мес (история 2 мес.); прогноз след. месяц ≈2 шт; остаток 2 + в пути 0,1.0
IEK,ярп6188, BA 47-60M (3ф) 50А 6кА С IEK !!!,2.0,0.0,1.5,1.0,1.33,Средняя,база спроса ≈2 шт/мес (история 2 мес.); прогноз след. месяц ≈2 шт; остаток 2 + в пути 0,1.0
IEK,яярп4610,"ЩРВ-2х36зк-1 36 IP31 ""UNIVERSAL"" !!!",1.0,0.0,1.0,1.0,1.0,Средняя,база спроса ≈1 шт/мес (история 1 мес.); прогноз след. месяц ≈1 шт; остаток 1 + в пути 0,1.0
IEK,яярп4772, BA 47-150 (1ф) 125А 15кА х-ка C IEK !!!,1.0,0.0,1.0,1.0,1.0,Средняя,база спроса ≈1 шт/мес (история 1 мес.); прогноз след. месяц ≈1 шт; остаток 1 + в пути 0,1.0
IEK,яярп4792, BA 47-60M (3ф) 40А 6кА С IEK !!!,2.0,0.0,2.0,1.0,1.0,Средняя,база спроса ≈2 шт/мес (история 1 мес.); прогноз след. месяц ≈2 шт; остаток 2 + в пути 0,1.0
IEK,яяярп5542, УЗО АД 12  (2ф) 50А 100мА IEK !!!,1.0,0.0,1.0,1.0,1.0,Средняя,база спроса ≈1 шт/мес (история 1 мес.); прогноз след. месяц ≈1 шт; остаток 1 + в пути 0,1.0
IEK,010300014_, УЗО ВД1 63 (2ф) 16А IEK  (1/48),79.0,96.0,54.3,0.0,1.45,Средняя,база спроса ≈61 шт/мес (история 32 мес.); сезонность ×0.75; рост спроса ×1.18; исключено разовых крупных заказов: 3; прогноз след. месяц ≈54 шт; остаток 79 + в пути 96,1.0
IEK,010300015_, УЗО ВД1 63 (2ф) 25А 30мА IEK  (1/48),247.0,192.0,136.6,0.0,1.81,Средняя,база спроса ≈84 шт/мес (история 32 мес.); сезонность ×1.07; рост спроса ×1.51; исключено разовых крупных заказов: 5; прогноз след. месяц ≈137 шт; остаток 247 + в пути 192,1.0
IEK,010300142_, УЗО ВД1 63 (2ф) 80А 30мА IEK  (48) !!!,3.0,0.0,1.8,0.0,1.67,Средняя,база спроса ≈4 шт/мес (история 6 мес.); снижение спроса ×0.50; прогноз след. месяц ≈2 шт; остаток 3 + в пути 0,1.0
IEK,010300166_, УЗО АВДТ 32  10А GENERICA (6/60) !!!,4.0,0.0,2.5,0.0,1.6,Средняя,база спроса ≈2 шт/мес (история 2 мес.); прогноз след. месяц ≈2 шт; остаток 4 + в пути 0,1.0
IEK,010300189_, УЗО АД 12  (2ф) 32А 100мА IEK !!!,5.0,0.0,3.0,0.0,1.67,Средняя,база спроса ≈3 шт/мес (история 2 мес.); прогноз след. месяц ≈3 шт; остаток 5 + в пути 0,1.0
IEK,010300239_,УЗДП c авт. выкл. 1P+N C 16A KARAT IEK,6.0,0.0,4.0,0.0,1.5,Средняя,база спроса ≈4 шт/мес (история 3 мес.); прогноз след. месяц ≈4 шт; остаток 6 + в пути 0,1.0
IEK,010400849_,Реле напряжения и тока РНТ-д однофазное 54мм 32А IEK,10.0,7.0,9.1,0.0,1.1,Средняя,база спроса ≈5 шт/мес (история 10 мес.); рост спроса ×1.82; исключено разовых крупных заказов: 1; прогноз след. месяц ≈9 шт; остаток 10 + в пути 7,1.0
IEK,010400865_,Реле напряжения РН-д 1ф 36мм 32А IEK NEW,24.0,7.0,17.0,0.0,1.41,Средняя,база спроса ≈10 шт/мес (история 12 мес.); сезонность ×1.70; исключено разовых крупных заказов: 1; прогноз след. месяц ≈17 шт; остаток 24 + в пути 7,1.0
IEK,010400926_,Реле напряжения и тока РНТ-д однофазное 54мм 25А IEK,3.0,5.0,2.0,0.0,1.5,Средняя,база спроса ≈2 шт/мес (история 4 мес.); прогноз след. месяц ≈2 шт; остаток 3 + в пути 5,1.0
IEK,010400927_,Реле напряжения и тока РНТ-д однофазное 54мм 40А IEK,7.0,8.0,5.0,0.0,1.4,Средняя,база спроса ≈4 шт/мес (история 12 мес.); сезонность ×1.25; исключено разовых крупных заказов: 2; продажи скорректированы вверх из-за дефицита на складе; прогноз след. месяц ≈5 шт; остаток 7 + в пути 8,1.0
IEK,010400929_,Реле напряжения РН-д однофазное 36мм 25А IEK,10.0,5.0,9.0,0.0,1.11,Средняя,база спроса ≈6 шт/мес (история 8 мес.); рост спроса ×1.50; продажи скорректированы вверх из-за дефицита на складе; прогноз след. месяц ≈9 шт; остаток 10 + в пути 5,1.0
IEK,010500004_,ВА47-29 (1ф)  6А IEK (12/144) ,1468.0,1200.0,988.7,0.0,1.48,Средняя,база спроса ≈923 шт/мес (история 32 мес.); сезонность ×0.91; рост спроса ×1.18; исключено разовых крупных заказов: 6; прогноз след. месяц ≈989 шт; остаток 1468 + в пути 1200,12.0
IEK,010500010_,ВА47-29 (1ф) 40А IEK (12/144) ,1646.0,2100.0,928.3,0.0,1.77,Средняя,база спроса ≈658 шт/мес (история 32 мес.); сезонность ×1.20; рост спроса ×1.18; исключено разовых крупных заказов: 1; прогноз след. месяц ≈928 шт; остаток 1646 + в пути 2100,12.0
IEK,010500024_,ВА47-29 (2ф) 50А IEK (6/72) ,747.0,144.0,556.1,0.0,1.34,Средняя,база спроса ≈235 шт/мес (история 32 мес.); сезонность ×2.03; рост спроса ×1.17; исключено разовых крупных заказов: 4; прогноз след. месяц ≈556 шт; остаток 747 + в пути 144,6.0
IEK,010500034_,ВА47-29 (3ф) 20А IEK (4/48),201.0,0.0,133.7,0.0,1.5,Средняя,база спроса ≈74 шт/мес (история 32 мес.); сезонность ×2.52; снижение спроса ×0.72; исключено разовых крупных заказов: 2; прогноз след. месяц ≈134 шт; остаток 201 + в пути 0,4.0
IEK,010500042_,Выкл. нагрузки ВН-32 (3ф)  63А IEK (4/80),77.0,0.0,40.6,0.0,1.9,Средняя,база спроса ≈12 шт/мес (история 30 мес.); сезонность ×1.67; рост спроса ×2.00; исключено разовых крупных заказов: 3; прогноз след. месяц ≈41 шт; остаток 77 + в пути 0,4.0
IEK,010500048_,ВА47-29 (3ф)  6А IEK (4/48),178.0,48.0,113.3,0.0,1.57,Средняя,база спроса ≈44 шт/мес (история 32 мес.); сезонность ×1.45; рост спроса ×1.78; исключено разовых крупных заказов: 4; прогноз след. месяц ≈113 шт; остаток 178 + в пути 48,4.0
IEK,010700002_, BA 47-100 (3ф) 100А IEK (4/40),937.0,320.0,531.3,0.0,1.76,Средняя,база спроса ≈253 шт/мес (история 32 мес.); сезонность ×1.35; рост спроса ×1.56; исключено разовых крупных заказов: 45; прогноз след. месяц ≈531 шт; остаток 937 + в пути 320,4.0
IEK,010700071_,ВА47-29 (3ф) 40А IEK (4/48) В !!!,3.0,0.0,2.0,0.0,1.5,Средняя,база спроса ≈1 шт/мес (история 6 мес.); рост спроса ×2.00; продажи скорректированы вверх из-за дефицита на складе; прогноз след. месяц ≈2 шт; остаток 3 + в пути 0,1.0
IEK,010700133_,ARMAT (1ф) 6А C IEK (1),78.0,0.0,50.0,0.0,1.56,Средняя,база спроса ≈20 шт/мес (история 28 мес.); сезонность ×1.28; рост спроса ×2.00; продажи скорректированы вверх из-за дефицита на складе; прогноз след. месяц ≈50 шт; остаток 78 + в пути 0,1.0
IEK,010700153_,ARMAT (3ф) 16А C IEK (1),18.0,0.0,12.0,0.0,1.5,Средняя,база спроса ≈6 шт/мес (история 22 мес.); сезонность ×3.11; снижение спроса ×0.62; прогноз след. месяц ≈12 шт; остаток 18 + в пути 0,1.0
IEK,010800002_,ВА 88-32 (3ф) 125А IEK (1/20),21.0,40.0,13.3,0.0,1.58,Средняя,база спроса ≈15 шт/мес (история 32 мес.); сезонность ×1.41; снижение спроса ×0.65; исключено разовых крупных заказов: 4; прогноз след. месяц ≈13 шт; остаток 21 + в пути 40,1.0
IEK,010800017_,ВА 88-32 (3ф)  80А IEK (1/20),61.0,20.0,38.5,0.0,1.58,Средняя,база спроса ≈15 шт/мес (история 32 мес.); сезонность ×1.54; рост спроса ×1.67; исключено разовых крупных заказов: 1; прогноз след. месяц ≈38 шт; остаток 61 + в пути 20,1.0
IEK,010800029_,ВА 88-37 (3ф) 315А IEK (1/4),42.0,0.0,22.7,0.0,1.85,Средняя,база спроса ≈10 шт/мес (история 32 мес.); сезонность ×1.90; рост спроса ×1.18; исключено разовых крупных заказов: 4; прогноз след. месяц ≈23 шт; остаток 42 + в пути 0,1.0
IEK,010800049_,Доп. контакт ДК-250(400)А IEK !!!,5.0,0.0,3.0,0.0,1.67,Средняя,база спроса ≈3 шт/мес (история 1 мес.); прогноз след. месяц ≈3 шт; остаток 5 + в пути 0,1.0
IEK,010800058_,Доп. контакт ДК32-20 IEK !!! (200),27.0,0.0,14.5,0.0,1.86,Средняя,база спроса ≈14 шт/мес (история 2 мес.); прогноз след. месяц ≈14 шт; остаток 27 + в пути 0,1.0
IEK,020100004_,Переносная вилка 023 2р+ре 32А 220В IEK,36.0,20.0,23.7,0.0,1.52,Средняя,база спроса ≈20 шт/мес (история 30 мес.); сезонность ×1.50; снижение спроса ×0.79; прогноз след. месяц ≈24 шт; остаток 36 + в пути 20,10.0
IEK,020100005_,Переносная вилка 024 3р+ре 32А 380В IEK,158.0,0.0,87.2,0.0,1.81,Средняя,база спроса ≈27 шт/мес (история 31 мес.); сезонность ×1.61; рост спроса ×2.00; прогноз след. месяц ≈87 шт; остаток 158 + в пути 0,10.0
IEK,020100009_,Переносная розетка  214 3р+ре 16А 380В IP44 IEK,11.0,0.0,7.0,0.0,1.57,Средняя,база спроса ≈9 шт/мес (история 17 мес.); сезонность ×1.00; снижение спроса ×0.78; прогноз след. месяц ≈7 шт; остаток 11 + в пути 0,10.0
IEK,020100010_,Переносная розетка  215 3р+ре+n 16А 380В IP44 IEK,24.0,0.0,14.3,0.0,1.68,Средняя,база спроса ≈16 шт/мес (история 19 мес.); сезонность ×1.38; снижение спроса ×0.64; прогноз след. месяц ≈14 шт; остаток 24 + в пути 0,10.0
IEK,030200407_,"Выкл 1-кл. 10А б/рамки ""BRITE"" алюминий (1/100)",374.0,0.0,194.4,0.0,1.92,Средняя,база спроса ≈108 шт/мес (история 32 мес.); сезонность ×1.45; рост спроса ×1.24; прогноз след. месяц ≈194 шт; остаток 374 + в пути 0,1.0
IEK,030200415_,"Рамка 1-мест. ""BRITE"" алюминий (1/100)",1050.0,0.0,661.5,0.0,1.59,Средняя,база спроса ≈322 шт/мес (история 32 мес.); сезонность ×1.54; рост спроса ×1.34; прогноз след. месяц ≈662 шт; остаток 1050 + в пути 0,1.0
IEK,030200421_,"Выкл 1-кл. с инд. 10А б/рамки ""BRITE"" жемчуг (1/100)",11.0,0.0,7.3,0.0,1.51,Средняя,база спроса ≈5 шт/мес (история 19 мес.); сезонность ×1.25; рост спроса ×1.26; прогноз след. месяц ≈7 шт; остаток 11 + в пути 0,1.0
IEK,030200423_,"Выкл 2-кл. с инд. 10А б/рамки ""BRITE"" жемчуг (1/100)",4.0,0.0,2.1,0.0,1.9,Средняя,база спроса ≈6 шт/мес (история 15 мес.); сезонность ×0.44; снижение спроса ×0.78; прогноз след. месяц ≈2 шт; остаток 4 + в пути 0,1.0
IEK,030200424_,"Роз. комп. RJ45 кат.5E б/рамки ""BRITE"" жемчуг (1/100)",11.0,0.0,7.2,0.0,1.53,Средняя,база спроса ≈10 шт/мес (история 23 мес.); сезонность ×0.80; снижение спроса ×0.89; продажи скорректированы вверх из-за дефицита на складе; прогноз след. месяц ≈7 шт; остаток 11 + в пути 0,1.0
IEK,030200433_,"Выкл 2-кл. прох. 10А б/рамки ""BRITE"" жемчуг (1/100)",13.0,0.0,8.0,0.0,1.62,Средняя,база спроса ≈6 шт/мес (история 25 мес.); сезонность ×1.33; рост спроса ×1.05; прогноз след. месяц ≈8 шт; остаток 13 + в пути 0,1.0
IEK,030200438_,"Выкл 2-кл. с инд. 10А б/рамки ""BRITE"" шампань (1/100)",6.0,0.0,3.3,0.0,1.82,Средняя,база спроса ≈2 шт/мес (история 15 мес.); сезонность ×1.00; рост спроса ×1.64; прогноз след. месяц ≈3 шт; остаток 6 + в пути 0,1.0
IEK,030200446_,"Рамка 4-мест. ""BRITE"" шампань (1/100)",45.0,0.0,28.9,0.0,1.56,Средняя,база спроса ≈11 шт/мес (история 32 мес.); сезонность ×1.93; рост спроса ×1.33; прогноз след. месяц ≈29 шт; остаток 45 + в пути 0,1.0
IEK,030200448_,"Выкл 1-кл. 10А в сборе ""BRITE"" белый (1/100)",2132.0,0.0,1162.0,0.0,1.83,Средняя,база спроса ≈944 шт/мес (история 32 мес.); сезонность ×1.11; рост спроса ×1.11; исключено разовых крупных заказов: 3; прогноз след. месяц ≈1162 шт; остаток 2132 + в пути 0,1.0
IEK,030200450_,"Выкл 2-кл. 10А в сборе ""BRITE"" белый (1/100)",805.0,0.0,435.5,0.0,1.85,Средняя,база спроса ≈366 шт/мес (история 32 мес.); сезонность ×1.78; снижение спроса ×0.67; исключено разовых крупных заказов: 7; прогноз след. месяц ≈436 шт; остаток 805 + в пути 0,1.0
IEK,030200465_,"Рамка 3-мест. ""BRITE"" белый (1/100)",240.0,200.0,221.9,0.0,1.08,Средняя,база спроса ≈292 шт/мес (история 32 мес.); сезонность ×0.81; снижение спроса ×0.94; исключено разовых крупных заказов: 3; прогноз след. месяц ≈222 шт; остаток 240 + в пути 200,1.0
IEK,030200466_,"Рамка 4-мест. ""BRITE"" белый (1/100)",131.0,50.0,95.3,0.0,1.37,Средняя,база спроса ≈98 шт/мес (история 32 мес.); сезонность ×1.39; снижение спроса ×0.70; исключено разовых крупных заказов: 2; прогноз след. месяц ≈95 шт; остаток 131 + в пути 50,1.0
IEK,030200468_,"Рамка 1-мест. IP44 ""BRITE"" белый (1/100)",62.0,0.0,35.0,0.0,1.77,Средняя,база спроса ≈18 шт/мес (история 31 мес.); сезонность ×2.94; снижение спроса ×0.66; прогноз след. месяц ≈35 шт; остаток 62 + в пути 0,1.0
IEK,030200472_,"Выкл 1-кл. 10А б/рамки ""BRITE"" графит (1/100)",528.0,0.0,308.5,0.0,1.71,Средняя,база спроса ≈122 шт/мес (история 32 мес.); сезонность ×1.27; рост спроса ×2.00; прогноз след. месяц ≈308 шт; остаток 528 + в пути 0,1.0
IEK,030200473_,"Выкл 1-кл. с инд. 10А б/рамки ""BRITE"" графит (1/100)",34.0,0.0,20.5,0.0,1.66,Средняя,база спроса ≈14 шт/мес (история 28 мес.); сезонность ×1.07; рост спроса ×1.41; прогноз след. месяц ≈20 шт; остаток 34 + в пути 0,1.0
IEK,030200482_,"Рамка 3-мест. ""BRITE"" графит (1/100)",243.0,0.0,126.1,0.0,1.93,Средняя,база спроса ≈65 шт/мес (история 32 мес.); сезонность ×1.27; рост спроса ×1.54; прогноз след. месяц ≈126 шт; остаток 243 + в пути 0,1.0
IEK,030200491_,"Выкл 1-кл. прох. 10А б/рамки ""BRITE"" черный (1/100)",147.0,0.0,87.2,0.0,1.69,Средняя,база спроса ≈92 шт/мес (история 32 мес.); сезонность ×0.88; рост спроса ×1.08; исключено разовых крупных заказов: 1; прогноз след. месяц ≈87 шт; остаток 147 + в пути 0,1.0
IEK,030200509_,"Рамка 2-мест. ""BRITE"" сталь (1/100)",131.0,0.0,78.7,0.0,1.66,Средняя,база спроса ≈102 шт/мес (история 32 мес.); сезонность ×0.52; рост спроса ×1.49; прогноз след. месяц ≈79 шт; остаток 131 + в пути 0,1.0
IEK,030200538_,"Роз. 2-я TV+RJ45 кат.5E б/рамки ""BRITE"" черный (1/100)",4.0,0.0,2.6,0.0,1.54,Средняя,база спроса ≈3 шт/мес (история 19 мес.); сезонность ×1.25; снижение спроса ×0.65; прогноз след. месяц ≈3 шт; остаток 4 + в пути 0,1.0
IEK,030200550_,"Роз. с с/з з/ш 16А б/рамки ""BRITE"" маренго (1/100)",81.0,0.0,40.6,0.0,2.0,Средняя,база спроса ≈52 шт/мес (история 18 мес.); сезонность ×1.18; снижение спроса ×0.66; прогноз след. месяц ≈41 шт; остаток 81 + в пути 0,1.0
IEK,030200754_,BRITE Рамка 5-местная РУ-5-БрЖ жемчуг IEK,28.0,0.0,16.5,0.0,1.7,Средняя,база спроса ≈16 шт/мес (история 2 мес.); прогноз след. месяц ≈16 шт; остаток 28 + в пути 0,1.0
IEK,030200781_,"Роз. с з/к с з/ш 16А с USB A+A 2,1А б/рамки ""BRITE"" графит (1/80)",6.0,0.0,3.8,0.0,1.58,Средняя,база спроса ≈2 шт/мес (история 7 мес.); рост спроса ×1.50; прогноз след. месяц ≈4 шт; остаток 6 + в пути 0,1.0
IEK,030200908_,"Вывод кабеля ""BRITE"" алюминий (1/200)",4.0,0.0,2.5,0.0,1.6,Средняя,база спроса ≈3 шт/мес (история 13 мес.); сезонность ×1.00; снижение спроса ×0.83; прогноз след. месяц ≈2 шт; остаток 4 + в пути 0,1.0
IEK,030200912_,"Роз. USB A+A 3,1А б/рамки ""BRITE"" белый (1/80)",4.0,0.0,2.6,0.0,1.54,Средняя,база спроса ≈3 шт/мес (история 9 мес.); снижение спроса ×0.88; прогноз след. месяц ≈3 шт; остаток 4 + в пути 0,1.0
IEK,030200944_,"Выкл. жалюзи 10А ""BRITE"" графит (1/100)",4.0,0.0,2.5,0.0,1.6,Средняя,база спроса ≈4 шт/мес (история 6 мес.); снижение спроса ×0.62; прогноз след. месяц ≈2 шт; остаток 4 + в пути 0,1.0
IEK,030200950_,"Роз. с з/к с з/ш 16А с USB A+C 18Вт б/рамки ""BRITE"" алюминий (1/80)",3.0,0.0,2.0,0.0,1.5,Средняя,база спроса ≈2 шт/мес (история 4 мес.); прогноз след. месяц ≈2 шт; остаток 3 + в пути 0,1.0
IEK,030200951_,"Подсветка LED встр. ""BRITE"" белый (1/100)",38.0,0.0,24.9,0.0,1.53,Средняя,база спроса ≈5 шт/мес (история 24 мес.); сезонность ×3.00; рост спроса ×1.66; прогноз след. месяц ≈25 шт; остаток 38 + в пути 0,1.0
IEK,030200956_,"Термостат с инд. ""BRITE"" белый (1/80)",10.0,0.0,5.9,0.0,1.69,Средняя,база спроса ≈4 шт/мес (история 31 мес.); сезонность ×1.75; снижение спроса ×0.84; исключено разовых крупных заказов: 1; прогноз след. месяц ≈6 шт; остаток 10 + в пути 0,1.0
IEK,030200958_,"Термостат с инд. ""BRITE"" графит (1/80)",5.0,0.0,2.8,0.0,1.79,Средняя,база спроса ≈3 шт/мес (история 13 мес.); сезонность ×1.00; снижение спроса ×0.92; прогноз след. месяц ≈3 шт; остаток 5 + в пути 0,1.0
IEK,030200968_,"Роз. с з/к с з/ш 16А с USB A+A 2,1А б/рамки ""BRITE"" сталь (1/80)",6.0,0.0,3.5,0.0,1.71,Средняя,база спроса ≈4 шт/мес (история 4 мес.); прогноз след. месяц ≈4 шт; остаток 6 + в пути 0,1.0
IEK,030200971_,"Выкл. 1-кл. самовозвратн. 10А ""BRITE"" черный (1/100)",6.0,0.0,3.5,0.0,1.71,Средняя,база спроса ≈4 шт/мес (история 17 мес.); сезонность ×0.80; рост спроса ×1.01; прогноз след. месяц ≈4 шт; остаток 6 + в пути 0,1.0
IEK,030200985_,"Светорег. пов-наж. 600Вт ""BRITE"" графит (1/80)",13.0,0.0,8.0,0.0,1.62,Средняя,база спроса ≈3 шт/мес (история 16 мес.); сезонность ×1.33; рост спроса ×1.92; прогноз след. месяц ≈8 шт; остаток 13 + в пути 0,1.0
IEK,030201088_," Рамка 1-мест. ""BRITE""  стекло черн. матовый  IEK  (1/100)",8.0,0.0,5.0,0.0,1.6,Средняя,база спроса ≈5 шт/мес (история 3 мес.); прогноз след. месяц ≈5 шт; остаток 8 + в пути 0,1.0
IEK,030201097_," Рамка 1-мест. ""BRITE""  металл черн. RE AL  IEK  (1/100)",5.0,0.0,3.0,0.0,1.67,Средняя,база спроса ≈3 шт/мес (история 2 мес.); прогноз след. месяц ≈3 шт; остаток 5 + в пути 0,1.0
IEK,030201123_," Рамка 3-мест. ""BRITE""  металл черн. RE  IEK  (1/50)",6.0,0.0,4.0,0.0,1.5,Средняя,база спроса ≈4 шт/мес (история 2 мес.); прогноз след. месяц ≈4 шт; остаток 6 + в пути 0,1.0
IEK,030201136_," Рамка 4-мест. ""BRITE""  стекло песчаный RE  IEK  (1/50)",3.0,0.0,2.0,0.0,1.5,Средняя,база спроса ≈2 шт/мес (история 5 мес.); прогноз след. месяц ≈2 шт; остаток 3 + в пути 0,1.0
IEK,030201144_," Рамка 5-мест. ""BRITE""  хром/черн.  IEK  (1/100)",3.0,0.0,2.0,0.0,1.5,Средняя,база спроса ≈2 шт/мес (история 3 мес.); прогноз след. месяц ≈2 шт; остаток 3 + в пути 0,1.0
IEK,030201465_, Розетка 2-я о/у з/к с крышкой вертикальная графит IP55 TORS IEK (1/40),15.0,20.0,12.0,0.0,1.25,Средняя,база спроса ≈12 шт/мес (история 4 мес.); прогноз след. месяц ≈12 шт; остаток 15 + в пути 20,1.0
IEK,030201469_, Выключатель 1-кл. о/у белый IP55 TORS IEK (1/60),10.0,40.0,10.0,0.0,1.0,Средняя,база спроса ≈10 шт/мес (история 3 мес.); исключено разовых крупных заказов: 1; прогноз след. месяц ≈10 шт; остаток 10 + в пути 40,1.0
IEK,030201471_, Розетка 1-я о/у з/к c крышкой  белый IP55 TORS IEK (1/60),61.0,50.0,47.0,0.0,1.3,Средняя,база спроса ≈47 шт/мес (история 3 мес.); прогноз след. месяц ≈47 шт; остаток 61 + в пути 50,1.0
IEK,080800141_,"Светодиодная лента ""Неон"" LED 10м LSR5-5050RGB60-8-IP65-220В+драйвер IEK",1.0,1.0,1.0,0.0,1.0,Средняя,база спроса ≈1 шт/мес (история 4 мес.); прогноз след. месяц ≈1 шт; остаток 1 + в пути 1,1.0
IEK,081100745_,Лампа LED T75 таблетка 10Вт 230В 4000К GX53 IEK,434.0,0.0,286.0,0.0,1.52,Средняя,база спроса ≈95 шт/мес (история 32 мес.); сезонность ×1.51; рост спроса ×2.00; исключено разовых крупных заказов: 1; прогноз след. месяц ≈286 шт; остаток 434 + в пути 0,10.0
IEK,081100766_,Светильник LED переносной ДРО 2060 IP44 шнур 10м черный IEK,4.0,4.0,2.4,0.0,1.67,Средняя,база спроса ≈3 шт/мес (история 11 мес.); снижение спроса ×0.80; продажи скорректированы вверх из-за дефицита на складе; прогноз след. месяц ≈2 шт; остаток 4 + в пути 4,1.0
IEK,120100002_, Контактор КМИ-11210 12А 230В (1вел) IEK (1/50),233.0,0.0,119.1,0.0,1.96,Средняя,база спроса ≈56 шт/мес (история 32 мес.); сезонность ×1.79; рост спроса ×1.19; исключено разовых крупных заказов: 5; прогноз след. месяц ≈119 шт; остаток 233 + в пути 0,1.0
IEK,120100038_, Контактор КМИ-35012 50А 400В (3вел) IEK (1/20),17.0,0.0,9.7,0.0,1.75,Средняя,база спроса ≈5 шт/мес (история 29 мес.); сезонность ×1.00; рост спроса ×1.91; прогноз след. месяц ≈10 шт; остаток 17 + в пути 0,1.0
IEK,120100045_,Контактор  КМИ-10960 9А 380В  IP54 (1вел в корпусе) IEK (1/20),4.0,2.0,3.4,0.0,1.18,Средняя,база спроса ≈4 шт/мес (история 25 мес.); сезонность ×0.60; рост спроса ×1.63; прогноз след. месяц ≈3 шт; остаток 4 + в пути 2,1.0
IEK,120100050_,Контактор КТИ 6400  400А 400В IEK (1/2) ,2.0,1.0,2.0,0.0,1.0,Средняя,база спроса ≈2 шт/мес (история 3 мес.); прогноз след. месяц ≈2 шт; остаток 2 + в пути 1,1.0
IEK,120100059_,Контактор  КМИ-23260 32А 220В  IP54 (2вел в корпусе) IEK (1/16),11.0,0.0,7.3,0.0,1.51,Средняя,база спроса ≈4 шт/мес (история 28 мес.); сезонность ×1.00; рост спроса ×2.00; продажи скорректированы вверх из-за дефицита на складе; прогноз след. месяц ≈7 шт; остаток 11 + в пути 0,1.0
IEK,120100089_,Контактор  КТИ 5265  265А 400В IEK (1/2) ,3.0,3.0,2.0,0.0,1.5,Средняя,база спроса ≈1 шт/мес (история 13 мес.); сезонность ×1.00; рост спроса ×2.00; прогноз след. месяц ≈2 шт; остаток 3 + в пути 3,1.0
IEK,120100122_,Контактор  КМИ-46562 65А 380В  IP54 (3вел в корпусе) IEK (1/6),4.0,1.0,2.6,0.0,1.54,Средняя,база спроса ≈3 шт/мес (история 14 мес.); сезонность ×1.00; снижение спроса ×0.88; прогноз след. месяц ≈3 шт; остаток 4 + в пути 1,1.0
IEK,120100306_,Контактор КМ 20-20М AC IEK,434.0,0.0,289.0,0.0,1.5,Средняя,база спроса ≈109 шт/мес (история 31 мес.); сезонность ×1.33; рост спроса ×2.00; исключено разовых крупных заказов: 3; прогноз след. месяц ≈289 шт; остаток 434 + в пути 0,1.0
IEK,130200023_,Замок 20-22\45 IEK,88.0,0.0,44.9,0.0,1.96,Средняя,база спроса ≈12 шт/мес (история 27 мес.); сезонность ×3.50; рост спроса ×1.11; прогноз след. месяц ≈45 шт; остаток 88 + в пути 0,6.0
IEK,130200075_,"Шина ""N"" нулевая 6х9мм  8/2 (крепеж по краям) IEK (10/960)",70.0,0.0,40.4,0.0,1.73,Средняя,база спроса ≈20 шт/мес (история 31 мес.); сезонность ×1.43; рост спроса ×1.42; исключено разовых крупных заказов: 1; прогноз след. месяц ≈40 шт; остаток 70 + в пути 0,10.0
IEK,130200123_,"Шина ""N"" нулевая 8х12мм комб с изол ""Стойка"" ШНИ 12 КС IEK (20)",495.0,260.0,355.4,0.0,1.39,Средняя,база спроса ≈172 шт/мес (история 32 мес.); сезонность ×1.50; рост спроса ×1.37; исключено разовых крупных заказов: 9; прогноз след. месяц ≈355 шт; остаток 495 + в пути 260,20.0
IEK,130200124_,"Шина ""N"" нулевая 8х12мм комб с изол ""Стойка"" ШНИ 14 КС IEK (20)",352.0,160.0,213.6,0.0,1.65,Средняя,база спроса ≈83 шт/мес (история 30 мес.); сезонность ×1.59; рост спроса ×1.62; исключено разовых крупных заказов: 7; прогноз след. месяц ≈214 шт; остаток 352 + в пути 160,20.0
IEK,130200126_,"Шина ""N"" нулевая 6х9мм комб с изол ""Стойка"" ШНИ 14С IEK (20)",35.0,10.0,25.8,0.0,1.36,Средняя,база спроса ≈11 шт/мес (история 32 мес.); сезонность ×1.45; рост спроса ×1.60; прогноз след. месяц ≈26 шт; остаток 35 + в пути 10,10.0
IEK,130200128_,"Датчик движения ДД 024 белый,до 1100 Вт,дальность 6 м IP33 IEK (60)",103.0,40.0,64.6,0.0,1.59,Средняя,база спроса ≈73 шт/мес (история 30 мес.); сезонность ×1.77; снижение спроса ×0.50; прогноз след. месяц ≈65 шт; остаток 103 + в пути 40,1.0
IEK,130200134_,"Шина ""N"" нулевая 2х 7 групп на DIN-рейку в корпусе  IEK (10)",105.0,60.0,87.7,0.0,1.2,Средняя,база спроса ≈26 шт/мес (история 32 мес.); сезонность ×1.68; рост спроса ×2.00; исключено разовых крупных заказов: 10; прогноз след. месяц ≈88 шт; остаток 105 + в пути 60,10.0
IEK,130200135_,"Шина ""N"" нулевая 4х11 групп на DIN-рейку в корпусе IEK (10)",117.0,40.0,63.8,0.0,1.83,Средняя,база спроса ≈31 шт/мес (история 32 мес.); сезонность ×1.40; рост спроса ×1.47; исключено разовых крупных заказов: 5; прогноз след. месяц ≈64 шт; остаток 117 + в пути 40,10.0
IEK,130200136_,"Шина ""N"" нулевая 4х 7 групп на DIN-рейку в корпусе IEK (10)",101.0,40.0,67.0,0.0,1.51,Средняя,база спроса ≈22 шт/мес (история 32 мес.); сезонность ×1.56; рост спроса ×2.00; исключено разовых крупных заказов: 6; прогноз след. месяц ≈67 шт; остаток 101 + в пути 40,10.0
IEK,130200159_, ССА1001 аварийный LED 3Вт Exit IEK (20) !!!,3.0,0.0,2.0,0.0,1.5,Средняя,база спроса ≈2 шт/мес (история 3 мес.); прогноз след. месяц ≈2 шт; остаток 3 + в пути 0,1.0
IEK,130200413_,Сумка монтажника универсальная BG-04 ARMA2L 5 IEK (1),1.0,2.0,0.6,0.0,1.67,Средняя,база спроса ≈1 шт/мес (история 11 мес.); снижение спроса ×0.60; продажи скорректированы вверх из-за дефицита на складе; прогноз след. месяц ≈1 шт; остаток 1 + в пути 2,1.0
IEK,130200421_,Тонкогубцы 200мм K4 ARMA2L 5 IEK (1),4.0,0.0,2.2,0.0,1.82,Средняя,база спроса ≈2 шт/мес (история 13 мес.); сезонность ×1.50; снижение спроса ×0.73; прогноз след. месяц ≈2 шт; остаток 4 + в пути 0,1.0
IEK,130200423_,Бокорезы 180мм K4 ARMA2L 5 IEK (1),12.0,6.0,6.6,0.0,1.82,Средняя,база спроса ≈3 шт/мес (история 29 мес.); сезонность ×1.88; рост спроса ×1.06; прогноз след. месяц ≈7 шт; остаток 12 + в пути 6,1.0
IEK,130200434_,Мультиметр цифровой  цифровой DM3C IEK ARMA2L 5 IEK (30) NEW,3.0,1.0,1.8,0.0,1.67,Средняя,база спроса ≈1 шт/мес (история 22 мес.); сезонность ×1.50; рост спроса ×1.20; прогноз след. месяц ≈2 шт; остаток 3 + в пути 1,1.0
IEK,130300005_,Отвертка пробник ОП-1 IEK (120) ,38.0,0.0,23.3,0.0,1.63,Средняя,база спроса ≈7 шт/мес (история 32 мес.); сезонность ×1.73; рост спроса ×2.00; исключено разовых крупных заказов: 3; прогноз след. месяц ≈23 шт; остаток 38 + в пути 0,1.0
IEK,130300210_,Основание контакт. ДП-33 габарит 0 (160А) IEK  (3/54) !!!,4.0,0.0,2.5,0.0,1.6,Средняя,база спроса ≈2 шт/мес (история 2 мес.); прогноз след. месяц ≈2 шт; остаток 4 + в пути 0,1.0
IEK,130300220_,"Фотореле ФР 601 серый, 2200 Вт IP44 IEK (120)",167.0,60.0,150.7,0.0,1.11,Средняя,база спроса ≈64 шт/мес (история 32 мес.); сезонность ×1.80; рост спроса ×1.31; исключено разовых крупных заказов: 2; прогноз след. месяц ≈151 шт; остаток 167 + в пути 60,20.0
IEK,130300292_,Ножницы (секторные) для резки кабеля НК-250 IEK (240мм) ,6.0,5.0,4.5,0.0,1.33,Средняя,база спроса ≈2 шт/мес (история 23 мес.); сезонность ×2.50; снижение спроса ×0.90; прогноз след. месяц ≈4 шт; остаток 6 + в пути 5,1.0
IEK,130300418_,"773-302 Клемма (2,5мм 32А)  TDM (100) !!!",825.0,0.0,462.5,0.0,1.78,Средняя,база спроса ≈462 шт/мес (история 2 мес.); прогноз след. месяц ≈462 шт; остаток 825 + в пути 0,1.0
IEK,130300544_,"Клещи обжимн КО-04Е 0,5-6мм(квадрат) IEK (40)",4.0,0.0,2.5,0.0,1.6,Средняя,база спроса ≈2 шт/мес (история 28 мес.); сезонность ×1.25; рост спроса ×1.01; прогноз след. месяц ≈2 шт; остаток 4 + в пути 0,1.0
IEK,130300764_,"Датчик движения МВ 301 белый,1200 Вт, 360гр. дальность 8 м IP20 IEK (50) ",39.0,0.0,24.6,0.0,1.59,Средняя,база спроса ≈19 шт/мес (история 21 мес.); сезонность ×0.97; рост спроса ×1.35; прогноз след. месяц ≈25 шт; остаток 39 + в пути 0,1.0
IEK,130300771_, Трубы гибкая двустенная красная (с протяжкой)   Ø75 IEK (50) ,3627.0,1500.0,1829.5,0.0,1.98,Средняя,база спроса ≈1465 шт/мес (история 32 мес.); сезонность ×1.52; снижение спроса ×0.82; исключено разовых крупных заказов: 1; прогноз след. месяц ≈1830 шт; остаток 3627 + в пути 1500,50.0
IEK,130300772_, Трубы гибкая двустенная красная (с протяжкой)   Ø90 IEK (50),3186.0,0.0,1700.9,0.0,1.87,Средняя,база спроса ≈1660 шт/мес (история 32 мес.); сезонность ×0.81; рост спроса ×1.27; прогноз след. месяц ≈1701 шт; остаток 3186 + в пути 0,50.0
IEK,130300780_, Трубы гибкая двустенная красная (с протяжкой)  Ø110  IEK (50),17443.0,0.0,11221.7,0.0,1.55,Средняя,база спроса ≈6178 шт/мес (история 32 мес.); сезонность ×1.28; рост спроса ×1.42; прогноз след. месяц ≈11222 шт; остаток 17443 + в пути 0,50.0
IEK,130300985_,"Амперметр Э47  400/5А кл. точн. 1,5 72х72 IEK (1/100)",3.0,0.0,2.0,0.0,1.5,Средняя,база спроса ≈4 шт/мес (история 22 мес.); сезонность ×0.33; рост спроса ×1.31; прогноз след. месяц ≈2 шт; остаток 3 + в пути 0,1.0
IEK,130301000_,"Амперметр Э47  200/5А кл. точн. 1,5 96х96 IEK (1/60)",30.0,0.0,18.8,0.0,1.6,Средняя,база спроса ≈3 шт/мес (история 15 мес.); сезонность ×9.83; снижение спроса ×0.64; прогноз след. месяц ≈19 шт; остаток 30 + в пути 0,1.0
IEK,130301096_,Пресс гидравл. ПГР- 70 IEK ,7.0,0.0,3.7,0.0,1.89,Средняя,база спроса ≈4 шт/мес (история 29 мес.); сезонность ×1.00; снижение спроса ×0.91; прогноз след. месяц ≈4 шт; остаток 7 + в пути 0,1.0
IEK,130301098_,Пресс мех.ручной ПМР-6-50 IEK,2.0,0.0,1.3,0.0,1.54,Средняя,база спроса ≈1 шт/мес (история 8 мес.); рост спроса ×1.33; прогноз след. месяц ≈1 шт; остаток 2 + в пути 0,1.0
IEK,130301120_,ВПу12-01-Ст Вилка разборная угловая с з/к с кольцом 16А белая,176.0,0.0,110.2,0.0,1.6,Средняя,база спроса ≈27 шт/мес (история 28 мес.); сезонность ×4.46; снижение спроса ×0.91; исключено разовых крупных заказов: 1; прогноз след. месяц ≈110 шт; остаток 176 + в пути 0,50.0
IEK,130301257_,"Автоматический стриппер  MASTER АС 0,03-10 IEK",5.0,5.0,3.5,0.0,1.43,Средняя,база спроса ≈5 шт/мес (история 32 мес.); сезонность ×0.55; рост спроса ×1.26; исключено разовых крупных заказов: 2; прогноз след. месяц ≈4 шт; остаток 5 + в пути 5,1.0
IEK,130301609_,"Колодка клеммная CTS   2,5мм2 синяя IEK",141.0,0.0,76.8,0.0,1.84,Средняя,база спроса ≈22 шт/мес (история 17 мес.); сезонность ×4.55; снижение спроса ×0.77; прогноз след. месяц ≈77 шт; остаток 141 + в пути 0,100.0
IEK,130301618_,Колодка клеммная CTS  25мм2 серая IEK,34.0,0.0,17.4,0.0,1.95,Средняя,база спроса ≈12 шт/мес (история 9 мес.); рост спроса ×1.39; прогноз след. месяц ≈17 шт; остаток 34 + в пути 0,50.0
IEK,130301635_,"Колодка клеммная CP 2,5мм2 серая IEK",89.0,0.0,45.7,0.0,1.95,Средняя,база спроса ≈80 шт/мес (история 14 мес.); сезонность ×0.50; рост спроса ×1.14; прогноз след. месяц ≈46 шт; остаток 89 + в пути 0,100.0
IEK,130301640_,"Колодка клеммная CP-ML 2 ур. 2,5мм2 серая IEK",50.0,50.0,40.0,0.0,1.25,Средняя,база спроса ≈40 шт/мес (история 4 мес.); прогноз след. месяц ≈40 шт; остаток 50 + в пути 50,50.0
IEK,130301647_,"Разделитель для CTS малый 2,5/4мм2 серый IEK",7.0,0.0,4.0,0.0,1.75,Средняя,база спроса ≈4 шт/мес (история 5 мес.); прогноз след. месяц ≈4 шт; остаток 7 + в пути 0,50.0
IEK,130500004_,Изолятор SM51 IEK (10),3.0,0.0,1.8,0.0,1.67,Средняя,база спроса ≈4 шт/мес (история 6 мес.); снижение спроса ×0.50; прогноз след. месяц ≈2 шт; остаток 3 + в пути 0,1.0
IEK,130500007_, Сальник PG  9 (6-7мм) IEK (20),9.0,0.0,4.8,0.0,1.88,Средняя,база спроса ≈10 шт/мес (история 8 мес.); снижение спроса ×0.50; прогноз след. месяц ≈5 шт; остаток 9 + в пути 0,1.0
IEK,130600024_,Тепловое реле РТИ-2355 (28-36А) IEK (60),13.0,0.0,6.8,0.0,1.91,Средняя,база спроса ≈3 шт/мес (история 30 мес.); сезонность ×1.60; рост спроса ×1.27; прогноз след. месяц ≈7 шт; остаток 13 + в пути 0,1.0
IEK,130600068_,Реле РЭК77/4(LY4) 10A 220B IEK (20/300),66.0,100.0,59.3,0.0,1.11,Средняя,база спроса ≈46 шт/мес (история 32 мес.); сезонность ×1.32; снижение спроса ×0.98; исключено разовых крупных заказов: 3; прогноз след. месяц ≈59 шт; остаток 66 + в пути 100,20.0
IEK,130600086_,"Тепловое реле РТИ-1312  (5,5-8А) IEK (1/100)",29.0,0.0,18.8,0.0,1.54,Средняя,база спроса ≈7 шт/мес (история 29 мес.); сезонность ×2.86; снижение спроса ×0.94; исключено разовых крупных заказов: 1; прогноз след. месяц ≈19 шт; остаток 29 + в пути 0,1.0
IEK,130600137_,Реле фаз ORF 05. 3ф 220-460V IEK (1/200),32.0,20.0,26.4,0.0,1.21,Средняя,база спроса ≈8 шт/мес (история 30 мес.); сезонность ×1.77; рост спроса ×2.00; исключено разовых крупных заказов: 2; прогноз след. месяц ≈26 шт; остаток 32 + в пути 20,1.0
IEK,130600204_,Розетка ORS-G-1-2 для реле OGR-1 2C ONI ORS-G-1-2-G NEW,18.0,0.0,12.0,0.0,1.5,Средняя,база спроса ≈20 шт/мес (история 8 мес.); снижение спроса ×0.60; продажи скорректированы вверх из-за дефицита на складе; прогноз след. месяц ≈12 шт; остаток 18 + в пути 0,1.0
IEK,130600261_,Блок питания OPS 220В AC/24В DC 30Вт ONI OPS-DC24-030B NEW,5.0,0.0,3.0,0.0,1.67,Средняя,база спроса ≈2 шт/мес (история 6 мес.); рост спроса ×2.00; прогноз след. месяц ≈3 шт; остаток 5 + в пути 0,1.0
IEK,130900007_, Переключатель ANCLR 22-3 (красный неон на 3 полож.) IEK (10/200),4.0,0.0,2.5,0.0,1.6,Средняя,база спроса ≈4 шт/мес (история 10 мес.); снижение спроса ×0.63; прогноз след. месяц ≈2 шт; остаток 4 + в пути 0,10.0
IEK,130900031_,Кнопка AELA-22 (грибок зеленый неон) IEK (10/200),9.0,10.0,7.4,0.0,1.22,Средняя,база спроса ≈5 шт/мес (история 17 мес.); сезонность ×1.00; рост спроса ×1.47; прогноз след. месяц ≈7 шт; остаток 9 + в пути 10,10.0
IEK,150100864_, ТУТ 60/30 черная IEK (25),52.0,0.0,31.5,0.0,1.65,Средняя,база спроса ≈32 шт/мес (история 2 мес.); прогноз след. месяц ≈32 шт; остаток 52 + в пути 0,1.0
IEK,150100954_, ТУТ 16/8  красная IEK (100),14.0,0.0,8.0,0.0,1.75,Средняя,база спроса ≈8 шт/мес (история 5 мес.); прогноз след. месяц ≈8 шт; остаток 14 + в пути 0,1.0
IEK,150101140_,ЩРН 18  (240х440х120) IP54 TITAN 3 IEK,18.0,5.0,11.1,0.0,1.62,Средняя,база спроса ≈2 шт/мес (история 20 мес.); сезонность ×4.33; рост спроса ×1.09; прогноз след. месяц ≈11 шт; остаток 18 + в пути 5,1.0
IEK,150101182_,Светильник уличный 5100 настенный E27 IP54 черный IEK,4.0,18.0,3.7,0.0,1.08,Средняя,база спроса ≈4 шт/мес (история 12 мес.); сезонность ×1.00; рост спроса ×1.05; прогноз след. месяц ≈4 шт; остаток 4 + в пути 18,1.0
IEK,150101200_,Светильник уличный 5104 потолочный GX53 IP65 белый IEK,25.0,0.0,16.6,0.0,1.51,Средняя,база спроса ≈10 шт/мес (история 11 мес.); рост спроса ×1.75; прогноз след. месяц ≈17 шт; остаток 25 + в пути 0,1.0
IEK,150101201_,Светильник уличный 5104 потолочный GX53 IP65 черный IEK,42.0,0.0,24.2,0.0,1.74,Средняя,база спроса ≈12 шт/мес (история 13 мес.); сезонность ×2.17; снижение спроса ×0.93; прогноз след. месяц ≈24 шт; остаток 42 + в пути 0,1.0
IEK,150101202_,Светильник уличный 5104 потолочный GX53 IP65 серый IEK,8.0,4.0,6.4,0.0,1.25,Средняя,база спроса ≈10 шт/мес (история 6 мес.); снижение спроса ×0.64; прогноз след. месяц ≈6 шт; остаток 8 + в пути 4,1.0
IEK,151000137_,Переноска УП-1Р 5м (плоск. вилка) IEK,35.0,0.0,18.1,0.0,1.93,Средняя,база спроса ≈7 шт/мес (история 29 мес.); сезонность ×1.30; рост спроса ×2.00; прогноз след. месяц ≈18 шт; остаток 35 + в пути 0,1.0
IEK,151000369_,"Датчик движения ДД 008 черный,до 1100 Вт,дальность 12 м IP44 IEK (48)",10.0,10.0,9.5,0.0,1.05,Средняя,база спроса ≈6 шт/мес (история 28 мес.); сезонность ×1.17; рост спроса ×1.28; прогноз след. месяц ≈10 шт; остаток 10 + в пути 10,1.0
IEK,200400023_,I22 роз. о/у 10А ОКТАВА РС 20-2-0-ОБ (36/432) ,38.0,0.0,19.5,0.0,1.95,Средняя,база спроса ≈5 шт/мес (история 29 мес.); сезонность ×2.00; рост спроса ×2.00; прогноз след. месяц ≈20 шт; остаток 38 + в пути 0,36.0
IEK,200400166_,"U/UTP, кат.5Е 4х2х0,51 solid, LDPE внеш.черный 305м ITK",4369.0,0.0,2327.8,0.0,1.88,Средняя,база спроса ≈2577 шт/мес (история 31 мес.); сезонность ×1.05; снижение спроса ×0.86; прогноз след. месяц ≈2328 шт; остаток 4369 + в пути 0,1.0
IEK,200400249_, I9 роз. с/у з/к 16А IP44 КВАРТА РСб 10-3-КБ (160),23.0,0.0,12.1,0.0,1.9,Средняя,база спроса ≈14 шт/мес (история 12 мес.); сезонность ×1.00; снижение спроса ×0.84; прогноз след. месяц ≈12 шт; остаток 23 + в пути 0,8.0
IEK,240100052_," Хомут 3,6х150мм черные (100) IEK",423.0,0.0,216.7,0.0,1.95,Средняя,база спроса ≈128 шт/мес (история 32 мес.); сезонность ×1.04; рост спроса ×1.63; исключено разовых крупных заказов: 3; прогноз след. месяц ≈217 шт; остаток 423 + в пути 0,20.0
IEK,240100053_," Хомут 3,6х200 черные IEK (100)",1137.0,800.0,1017.3,0.0,1.12,Средняя,база спроса ≈714 шт/мес (история 32 мес.); сезонность ×1.10; рост спроса ×1.30; исключено разовых крупных заказов: 16; прогноз след. месяц ≈1017 шт; остаток 1137 + в пути 800,20.0
IEK,240100054_," Хомут 3,6х300 черные IEK (100)",1665.0,600.0,861.2,0.0,1.93,Средняя,база спроса ≈496 шт/мес (история 32 мес.); сезонность ×0.90; рост спроса ×1.93; исключено разовых крупных заказов: 11; прогноз след. месяц ≈861 шт; остаток 1665 + в пути 600,20.0
IEK,240100112_,Дюбель-хомут  5-8мм нейлон чёрный IEK (100) ,713.0,400.0,464.1,0.0,1.54,Средняя,база спроса ≈331 шт/мес (история 32 мес.); сезонность ×1.33; рост спроса ×1.06; исключено разовых крупных заказов: 10; прогноз след. месяц ≈464 шт; остаток 713 + в пути 400,10.0
IEK,240200012_,Плоская скоба 10мм IEK (100),1.0,0.0,0.6,0.0,1.67,Средняя,база спроса ≈2 шт/мес (история 15 мес.); сезонность ×0.33; снижение спроса ×0.72; исключено разовых крупных заказов: 1; прогноз след. месяц ≈1 шт; остаток 1 + в пути 0,1.0
IEK,240200031_,Плоская скоба  6мм IEK (100),3.0,0.0,2.0,0.0,1.5,Средняя,база спроса ≈2 шт/мес (история 5 мес.); прогноз след. месяц ≈2 шт; остаток 3 + в пути 0,1.0
IEK,240300015_,"Маркер МК1-2,5мм символ ""2"" 1000шт\ролл IEK",2.0,4.0,1.1,0.0,1.82,Средняя,база спроса ≈1 шт/мес (история 16 мес.); сезонность ×1.00; рост спроса ×1.07; прогноз след. месяц ≈1 шт; остаток 2 + в пути 4,1.0
IEK,240300018_,"Маркер МК1-2,5мм символ ""5"" 1000шт\ролл IEK",2.0,2.0,1.5,0.0,1.33,Средняя,база спроса ≈1 шт/мес (история 15 мес.); сезонность ×1.25; рост спроса ×1.19; продажи скорректированы вверх из-за дефицита на складе; прогноз след. месяц ≈2 шт; остаток 2 + в пути 2,1.0
IEK,240300033_,"Маркер МК0-1,5мм символ ""2"" 1000шт\ролл IEK",4.0,4.0,3.4,0.0,1.18,Средняя,база спроса ≈3 шт/мес (история 30 мес.); сезонность ×1.00; рост спроса ×1.14; прогноз след. месяц ≈3 шт; остаток 4 + в пути 4,1.0
IEK,250200003_, ЩМП- 2 IP 31 (500х400х220) IEK,11.0,0.0,7.0,0.0,1.57,Средняя,база спроса ≈4 шт/мес (история 31 мес.); сезонность ×2.25; снижение спроса ×0.78; исключено разовых крупных заказов: 1; прогноз след. месяц ≈7 шт; остаток 11 + в пути 0,1.0
IEK,250200031_,ЩУ-1ф/1-0 IP54 1дверь (310x300x150) IEK,2.0,1.0,1.7,0.0,1.18,Средняя,база спроса ≈2 шт/мес (история 19 мес.); сезонность ×0.50; рост спроса ×1.73; прогноз след. месяц ≈2 шт; остаток 2 + в пути 1,1.0
IEK,250200047_,ЩРВ  48 (630x320x120) IP30 TITAN 3 IEK   ,1.0,3.0,1.0,0.0,1.0,Средняя,база спроса ≈2 шт/мес (история 17 мес.); сезонность ×0.50; продажи скорректированы вверх из-за дефицита на складе; прогноз след. месяц ≈1 шт; остаток 1 + в пути 3,1.0
IEK,250200052_,ЩРВ  54 (550x450x120) IP30 TITAN 3 IEK   ,4.0,6.0,3.5,0.0,1.14,Средняя,база спроса ≈3 шт/мес (история 21 мес.); сезонность ×0.75; рост спроса ×1.52; прогноз след. месяц ≈4 шт; остаток 4 + в пути 6,1.0
IEK,250200054_, ЩМП- 7 IP 54 (1415х665х295) IEK,2.0,0.0,1.1,0.0,1.82,Средняя,база спроса ≈2 шт/мес (история 14 мес.); сезонность ×1.00; снижение спроса ×0.62; прогноз след. месяц ≈1 шт; остаток 2 + в пути 0,1.0
IEK,250600005_,ЩРВ-П  6 IEK (20) MKP12-V-04-06-41,42.0,0.0,26.7,0.0,1.57,Средняя,база спроса ≈4 шт/мес (история 26 мес.); сезонность ×3.09; рост спроса ×2.00; прогноз след. месяц ≈27 шт; остаток 42 + в пути 0,20.0
IEK,250600011_,ЩРН-П  8 IEK (20) MKP12-N-04-08-41,110.0,0.0,71.9,0.0,1.53,Средняя,база спроса ≈9 шт/мес (история 32 мес.); сезонность ×6.50; рост спроса ×1.29; исключено разовых крупных заказов: 3; прогноз след. месяц ≈72 шт; остаток 110 + в пути 0,20.0
IEK,250600014_,Пост кноп (корпус) КП-103 (3 мест.бел.) IEK (10/100),65.0,0.0,33.2,0.0,1.96,Средняя,база спроса ≈17 шт/мес (история 28 мес.); сезонность ×1.66; рост спроса ×1.18; прогноз след. месяц ≈33 шт; остаток 65 + в пути 0,10.0
IEK,250600056_,ЩМП-4 IP65 GARANT (800х650х250) IEK,1.0,0.0,0.6,0.0,1.67,Средняя,база спроса ≈1 шт/мес (история 8 мес.); снижение спроса ×0.50; прогноз след. месяц ≈1 шт; остаток 1 + в пути 0,1.0
IEK,250600057_,ЩМП-5 IP65 GARANT (1000х650х275) IEK,4.0,0.0,2.5,0.0,1.6,Средняя,база спроса ≈2 шт/мес (история 4 мес.); прогноз след. месяц ≈2 шт; остаток 4 + в пути 0,1.0
IEK,250600180_,ЩРВ-П  4 модуля встр. пластик IP41 GENERICA (20),4.0,0.0,2.4,0.0,1.67,Средняя,база спроса ≈4 шт/мес (история 8 мес.); снижение спроса ×0.70; прогноз след. месяц ≈2 шт; остаток 4 + в пути 0,1.0
IEK,250600291_,ЩМП  500х400х250 IP66  TITAN 5 IEK,3.0,0.0,2.0,0.0,1.5,Средняя,база спроса ≈2 шт/мес (история 5 мес.); продажи скорректированы вверх из-за дефицита на складе; прогноз след. месяц ≈2 шт; остаток 3 + в пути 0,1.0
IEK,250600292_,ЩМП  600х500х200 IP66  TITAN 5 IEK,5.0,0.0,3.2,0.0,1.56,Средняя,база спроса ≈2 шт/мес (история 11 мес.); рост спроса ×1.60; прогноз след. месяц ≈3 шт; остаток 5 + в пути 0,1.0
IEK,251400036_,ЩРВ-П 24 бел. дверь IP41 TEKFOR IEK,9.0,14.0,6.9,0.0,1.3,Средняя,база спроса ≈3 шт/мес (история 20 мес.); сезонность ×2.50; рост спроса ×1.03; исключено разовых крупных заказов: 2; прогноз след. месяц ≈7 шт; остаток 9 + в пути 14,1.0
IEK,251400037_,ЩРВ-П 36 бел. дверь IP41 TEKFOR IEK,20.0,0.0,10.6,0.0,1.89,Средняя,база спроса ≈4 шт/мес (история 20 мес.); сезонность ×3.00; снижение спроса ×0.94; исключено разовых крупных заказов: 1; прогноз след. месяц ≈11 шт; остаток 20 + в пути 0,1.0
IEK,251400039_,ЩРВ-П  8 черн. прозр. дверь IP41 TEKFOR IEK,5.0,0.0,3.2,0.0,1.56,Средняя,база спроса ≈2 шт/мес (история 8 мес.); рост спроса ×1.60; прогноз след. месяц ≈3 шт; остаток 5 + в пути 0,1.0
IEK,251400042_,ЩРН-П 24 черн. прозр. дверь IP41 TEKFOR IEK,17.0,10.0,11.0,0.0,1.55,Средняя,база спроса ≈6 шт/мес (история 21 мес.); сезонность ×1.75; рост спроса ×1.14; исключено разовых крупных заказов: 4; прогноз след. месяц ≈11 шт; остаток 17 + в пути 10,1.0
IEK,251400048_,ЩРН-П  4  черн. пр. дв. IP41 UNION Compact IEK,6.0,0.0,3.3,0.0,1.82,Средняя,база спроса ≈4 шт/мес (история 7 мес.); снижение спроса ×0.83; прогноз след. месяц ≈3 шт; остаток 6 + в пути 0,8.0
IEK,251400083_,ЩРВ  96 (2х48мод) 755х625х130 IP31 TITAN 5 IEK,2.0,1.0,1.3,0.0,1.54,Средняя,база спроса ≈2 шт/мес (история 10 мес.); снижение спроса ×0.75; продажи скорректированы вверх из-за дефицита на складе; прогноз след. месяц ≈1 шт; остаток 2 + в пути 1,1.0
IEK,251400099_,ЩМП  400х400х250 IP66  TITAN 5 IEK,3.0,0.0,2.0,0.0,1.5,Средняя,база спроса ≈2 шт/мес (история 3 мес.); прогноз след. месяц ≈2 шт; остаток 3 + в пути 0,1.0
IEK,251400102_,ЩМП  400х600х250 IP66  TITAN 5 IEK,1.0,1.0,1.0,0.0,1.0,Средняя,база спроса ≈1 шт/мес (история 3 мес.); прогноз след. месяц ≈1 шт; остаток 1 + в пути 1,1.0
IEK,251400108_,ЩМП  500х500х300 IP66  TITAN 5 IEK,2.0,2.0,2.0,0.0,1.0,Средняя,база спроса ≈2 шт/мес (история 5 мес.); прогноз след. месяц ≈2 шт; остаток 2 + в пути 2,1.0
IEK,251400109_,ЩМП  500х600х200 IP66  TITAN 5 IEK,2.0,0.0,1.3,0.0,1.54,Средняя,база спроса ≈1 шт/мес (история 6 мес.); рост спроса ×1.33; прогноз след. месяц ≈1 шт; остаток 2 + в пути 0,1.0
IEK,251400129_,ЩМП 1000х800х300 IP66  TITAN 5 IEK,2.0,0.0,1.3,0.0,1.54,Средняя,база спроса ≈1 шт/мес (история 10 мес.); рост спроса ×1.33; прогноз след. месяц ≈1 шт; остаток 2 + в пути 0,1.0
IEK,260100140_, Наконечник медно-луженный JG -  95  IEK (50),1664.0,1950.0,1264.0,0.0,1.32,Средняя,база спроса ≈827 шт/мес (история 32 мес.); сезонность ×1.49; рост спроса ×1.02; исключено разовых крупных заказов: 3; прогноз след. месяц ≈1264 шт; остаток 1664 + в пути 1950,50.0
IEK,260100153_, Наконечник медно-луженный JG -  10  IEK (400),2366.0,1600.0,1739.7,0.0,1.36,Средняя,база спроса ≈1631 шт/мес (история 32 мес.); сезонность ×1.16; снижение спроса ×0.92; исключено разовых крупных заказов: 2; прогноз след. месяц ≈1740 шт; остаток 2366 + в пути 1600,400.0
IEK,260100155_, Наконечник медно-луженный JG - 150  IEK (25),497.0,900.0,420.5,0.0,1.18,Средняя,база спроса ≈304 шт/мес (история 31 мес.); сезонность ×1.79; снижение спроса ×0.77; исключено разовых крупных заказов: 4; прогноз след. месяц ≈420 шт; остаток 497 + в пути 900,25.0
IEK,260100158_, Наконечник медно-луженный JG -  35  IEK (100),5690.0,5100.0,4261.7,0.0,1.34,Средняя,база спроса ≈1680 шт/мес (история 32 мес.); сезонность ×2.22; рост спроса ×1.14; исключено разовых крупных заказов: 6; прогноз след. месяц ≈4262 шт; остаток 5690 + в пути 5100,100.0
IEK,260100167_, Наконечник медно-луженный JG -  25  IEK (200),2370.0,3600.0,2027.4,0.0,1.17,Средняя,база спроса ≈2462 шт/мес (история 32 мес.); сезонность ×0.86; снижение спроса ×0.96; исключено разовых крупных заказов: 2; прогноз след. месяц ≈2027 шт; остаток 2370 + в пути 3600,200.0
IEK,260100168_, Наконечник медно-луженный JG -  50  IEK (100),3651.0,3000.0,2313.6,0.0,1.58,Средняя,база спроса ≈1722 шт/мес (история 32 мес.); сезонность ×1.11; рост спроса ×1.21; исключено разовых крупных заказов: 8; прогноз след. месяц ≈2314 шт; остаток 3651 + в пути 3000,100.0
IEK,270300004_, Ящик  ЯТП(укп) 220/42 IEK (1),2.0,0.0,1.1,0.0,1.82,Средняя,база спроса ≈2 шт/мес (история 12 мес.); сезонность ×0.50; рост спроса ×1.07; прогноз след. месяц ≈1 шт; остаток 2 + в пути 0,1.0
IEK,270300113_,"Трансформатор тока ТТИ-А  300/5А  5ВА  класс 0,5 IEK (36) !!!",12.0,0.0,7.9,0.0,1.52,Средняя,база спроса ≈4 шт/мес (история 10 мес.); рост спроса ×1.75; прогноз след. месяц ≈8 шт; остаток 12 + в пути 0,1.0
IEK,270300212_,Обогреватель на DIN-рейку 60Вт IP20 IEK (50) NEW,2.0,0.0,1.2,0.0,1.67,Средняя,база спроса ≈2 шт/мес (история 12 мес.); сезонность ×1.00; снижение спроса ×0.79; прогноз след. месяц ≈1 шт; остаток 2 + в пути 0,1.0
IEK,270300231_,Вентилятор с фильтром 21 куб.м./час IP55 IEK (18) NEW,6.0,0.0,3.2,0.0,1.88,Средняя,база спроса ≈4 шт/мес (история 19 мес.); сезонность ×1.00; снижение спроса ×0.91; прогноз след. месяц ≈3 шт; остаток 6 + в пути 0,1.0
IEK,270300244_,Обогреватель на DIN-рейку 150Вт IP20 IEK (25) NEW,3.0,0.0,1.8,0.0,1.67,Средняя,база спроса ≈2 шт/мес (история 13 мес.); сезонность ×1.00; снижение спроса ×0.90; прогноз след. месяц ≈2 шт; остаток 3 + в пути 0,1.0
IEK,270300273_,Обогреватель (встр. вентилятор) 400 Вт IP20 IEK (20) NEW,1.0,1.0,1.0,0.0,1.0,Средняя,база спроса ≈1 шт/мес (история 3 мес.); прогноз след. месяц ≈1 шт; остаток 1 + в пути 1,1.0
IEK,270300287_,Вентилятор с фильтром ВФИ 65 м3/час IP55 IEK (20) NEW,15.0,25.0,11.8,0.0,1.27,Средняя,база спроса ≈8 шт/мес (история 22 мес.); сезонность ×1.20; рост спроса ×1.31; прогноз след. месяц ≈12 шт; остаток 15 + в пути 25,1.0
IEK,280100013_,Кабель-канал 60х60 белый ЭЛЕКОР IEK (12),20.0,12.0,17.1,0.0,1.17,Средняя,база спроса ≈10 шт/мес (история 22 мес.); сезонность ×1.70; рост спроса ×1.01; прогноз след. месяц ≈17 шт; остаток 20 + в пути 12,12.0
IEK,280100020_,Кабель-канал перфорированный  40х40 ИМПАКТ IEK (36),680.0,180.0,522.1,0.0,1.3,Средняя,база спроса ≈177 шт/мес (история 32 мес.); сезонность ×2.04; рост спроса ×1.44; исключено разовых крупных заказов: 4; прогноз след. месяц ≈522 шт; остаток 680 + в пути 180,36.0
IEK,280100123_,Кабель-канал  80х40 парапетный ПРАЙМЕР (24),634.0,72.0,434.3,0.0,1.46,Средняя,база спроса ≈199 шт/мес (история 32 мес.); сезонность ×1.93; рост спроса ×1.13; прогноз след. месяц ≈434 шт; остаток 634 + в пути 72,24.0
IEK,280100136_,Т-угол  80х40  ПРАЙМЕР (108),23.0,0.0,13.3,0.0,1.73,Средняя,база спроса ≈3 шт/мес (история 20 мес.); сезонность ×2.00; рост спроса ×2.00; прогноз след. месяц ≈13 шт; остаток 23 + в пути 0,12.0
IEK,280100162_,Кабель-канал  40х40 Ecoline IEK (24) !!!,8.0,0.0,5.0,0.0,1.6,Средняя,база спроса ≈5 шт/мес (история 2 мес.); прогноз след. месяц ≈5 шт; остаток 8 + в пути 0,1.0
IEK,280100337_,Кабель-канал 25х16 черный ЭЛЕКОР IEK (50м),74.0,0.0,42.6,0.0,1.74,Средняя,база спроса ≈24 шт/мес (история 31 мес.); сезонность ×2.50; снижение спроса ×0.71; прогноз след. месяц ≈43 шт; остаток 74 + в пути 0,50.0
IEK,280100344_,Кабель-канал 40х25 дуб ЭЛЕКОР IEK (18),44.0,0.0,28.6,0.0,1.54,Средняя,база спроса ≈13 шт/мес (история 27 мес.); сезонность ×2.79; снижение спроса ×0.77; прогноз след. месяц ≈29 шт; остаток 44 + в пути 0,18.0
IEK,280100441_,Поворот 90град КМП 15х10 черный ЭЛЕКОР IEK (4шт/компл),4.0,0.0,2.5,0.0,1.6,Средняя,база спроса ≈2 шт/мес (история 2 мес.); прогноз след. месяц ≈2 шт; остаток 4 + в пути 0,1.0
IEK,280200044_,Заглушка КМЗ 100х60 Белый ЭЛЕКОР IEK (2),72.0,0.0,46.0,0.0,1.57,Средняя,база спроса ≈26 шт/мес (история 29 мес.); сезонность ×2.31; снижение спроса ×0.77; прогноз след. месяц ≈46 шт; остаток 72 + в пути 0,36.0
IEK,280200049_,Заглушка КМЗ 60х40 Белый ЭЛЕКОР IEK (4),43.0,15.0,34.4,0.0,1.25,Средняя,база спроса ≈31 шт/мес (история 32 мес.); сезонность ×0.74; рост спроса ×1.52; прогноз след. месяц ≈34 шт; остаток 43 + в пути 15,1.0
IEK,280200086_,Внутренний угол КМВ 25х16 Белый ЭЛЕКОР IEK (4),429.0,0.0,221.7,0.0,1.94,Средняя,база спроса ≈103 шт/мес (история 32 мес.); сезонность ×2.64; снижение спроса ×0.81; прогноз след. месяц ≈222 шт; остаток 429 + в пути 0,1.0
IEK,280300004_,Кронштейн настенный осн.200мм. IEK (4),145.0,0.0,95.4,0.0,1.52,Средняя,база спроса ≈48 шт/мес (история 27 мес.); сезонность ×2.58; снижение спроса ×0.76; прогноз след. месяц ≈95 шт; остаток 145 + в пути 0,4.0
IEK,280300020_,Поворот 90º вертикальный внешний  50х100 IEK,9.0,0.0,5.9,0.0,1.53,Средняя,база спроса ≈4 шт/мес (история 21 мес.); сезонность ×1.75; снижение спроса ×0.84; прогноз след. месяц ≈6 шт; остаток 9 + в пути 0,1.0
IEK,280300037_,Крышка на лоток осн. 300мм. IEK (6),123.0,0.0,65.2,0.0,1.89,Средняя,база спроса ≈68 шт/мес (история 30 мес.); сезонность ×1.93; снижение спроса ×0.50; прогноз след. месяц ≈65 шт; остаток 123 + в пути 0,6.0
IEK,280300038_,Крышка на лоток осн. 500мм. IEK (6),12.0,0.0,6.2,0.0,1.94,Средняя,база спроса ≈9 шт/мес (история 12 мес.); сезонность ×1.00; снижение спроса ×0.69; прогноз след. месяц ≈6 шт; остаток 12 + в пути 0,6.0
IEK,280300049_,Разветвитель Т-образный  50х300 IEK,17.0,0.0,9.5,0.0,1.79,Средняя,база спроса ≈10 шт/мес (история 2 мес.); прогноз след. месяц ≈10 шт; остаток 17 + в пути 0,1.0
IEK,280300103_," Лоток перфорированный (50х150х3000) (0,7 мм) IEK (6)",177.0,216.0,167.4,0.0,1.06,Средняя,база спроса ≈173 шт/мес (история 32 мес.); сезонность ×1.76; снижение спроса ×0.55; прогноз след. месяц ≈167 шт; остаток 177 + в пути 216,18.0
IEK,280300146_, I8  роз. 2-я с/у з/к  16А)КВАРТА РС 12-3-КБ (160),136.0,0.0,73.3,0.0,1.86,Средняя,база спроса ≈94 шт/мес (история 29 мес.); сезонность ×0.69; рост спроса ×1.13; прогноз след. месяц ≈73 шт; остаток 136 + в пути 0,8.0
IEK,280300401_,Распределительная  коробка о/у  с сальниками  85х85х40 IP44 КМ41235 IEK (60),324.0,0.0,168.2,0.0,1.93,Средняя,база спроса ≈94 шт/мес (история 32 мес.); сезонность ×1.66; рост спроса ×1.07; прогноз след. месяц ≈168 шт; остаток 324 + в пути 0,60.0
IEK,280301023_,Комплект заземления 6/20 б/м оц. сталь HDZ IEK,3.0,0.0,2.0,0.0,1.5,Средняя,база спроса ≈2 шт/мес (история 3 мес.); прогноз след. месяц ≈2 шт; остаток 3 + в пути 0,1.0
IEK,290100033_,СФ-05К-вык (5 мест/3м.) IEK,4.0,4.0,3.3,0.0,1.21,Средняя,база спроса ≈3 шт/мес (история 21 мес.); сезонность ×1.00; рост спроса ×1.09; исключено разовых крупных заказов: 1; прогноз след. месяц ≈3 шт; остаток 4 + в пути 4,1.0
IEK,290100101_,"Шнур УШ-1КВ ( с плоск вилк и выкл 2x0,75/2метр) IEK",51.0,0.0,33.0,0.0,1.55,Средняя,база спроса ≈11 шт/мес (история 28 мес.); сезонность ×3.50; снижение спроса ×0.89; прогноз след. месяц ≈33 шт; остаток 51 + в пути 0,10.0
IEK,290100132_,У03 (3места/3метра) чер. IEK,12.0,0.0,7.1,0.0,1.69,Средняя,база спроса ≈2 шт/мес (история 26 мес.); сезонность ×1.90; рост спроса ×1.79; прогноз след. месяц ≈7 шт; остаток 12 + в пути 0,1.0
IEK,290100136_,У04 (4места/3метра) чер. IEK,9.0,0.0,5.8,0.0,1.55,Средняя,база спроса ≈3 шт/мес (история 15 мес.); сезонность ×1.17; рост спроса ×1.66; прогноз след. месяц ≈6 шт; остаток 9 + в пути 0,1.0
IEK,290100138_,У04К (4места/3метра) чер. IEK,7.0,2.0,5.0,0.0,1.4,Средняя,база спроса ≈2 шт/мес (история 21 мес.); сезонность ×1.50; рост спроса ×2.00; прогноз след. месяц ≈5 шт; остаток 7 + в пути 2,1.0
IEK,щт-0001636,ЩРн-12з-1 IP54 TITAN 3 PRO IEK,3.0,0.0,2.0,0.0,1.5,Средняя,база спроса ≈2 шт/мес (история 2 мес.); прогноз след. месяц ≈2 шт; остаток 3 + в пути 0,1.0
IEK,ярп40257,Выключатель 1кл о/у 10А IP54 AQUATIC ВС-20-1-0-А IEK,131.0,100.0,89.5,0.0,1.46,Средняя,база спроса ≈50 шт/мес (история 30 мес.); сезонность ×2.29; снижение спроса ×0.78; исключено разовых крупных заказов: 2; прогноз след. месяц ≈90 шт; остаток 131 + в пути 100,10.0
IEK,ярп40309,"Клещи обжимные КО-02 1,5-2,5мм IEK!!!",3.0,0.0,2.0,0.0,1.5,Средняя,база спроса ≈2 шт/мес (история 1 мес.); прогноз след. месяц ≈2 шт; остаток 3 + в пути 0,1.0
IEK,ярп4665,ВА47-29 (2ф)  5А IEK (6/72) !!!,3.0,0.0,2.0,0.0,1.5,Средняя,база спроса ≈2 шт/мес (история 3 мес.); прогноз след. месяц ≈2 шт; остаток 3 + в пути 0,1.0
IEK,яярп4849," Трансформатор тока ТТИ-85 1000/5А 15ВА 0,5 IEK !!!",3.0,0.0,2.0,0.0,1.5,Средняя,база спроса ≈2 шт/мес (история 1 мес.); прогноз след. месяц ≈2 шт; остаток 3 + в пути 0,1.0
